Timestamp,Helmet_ID,Temp_C,Humidity_Percent,CH4_ppm,H2S_ppm,CO_ppm,VOC_ppm,Pressure_hPa,Mud_Level_cm,Mud_Viscosity_Index,Mud_Salinity_uS_cm,Accel_Z_g,Light_lux,Impact_N,Fluid_Level_cm,Target
2025-06-18 10:00:00,HM-C315,35.168289521855954,35.71251911288083,5.5509712519767165,0.005,3.240276996867359,234.9805894291216,1013.4997473589218,12.98817613037352,7.200412344268835,947.0444629750324,0.9060982484113869,19.927923886693932,0,14.194783672982489,0
2025-06-18 10:00:01,HM-D420,38.26356786656204,39.248097337253526,4.375958638023698,0.03709320574713154,3.2896378435771343,300.79725224981064,1012.9244057396826,14.470726327012162,6.728193896154747,866.7399216744947,0.9878974217000208,18.261429632182647,2,12.963169984613451,1
2025-06-18 10:00:02,HM-A104,38.49998551981209,32.78070824775332,5.6430749025033435,0.034481034792914755,4.433717705733988,233.3545831126997,1015.0660909875481,12.60877600017198,7.486405761079877,977.0366223329164,0.9426342953777309,22.560175424627023,2,13.177035379632475,1
2025-06-18 10:00:03,HM-C315,34.97481728947628,32.01119833611786,5.01380248652968,0.07419817362815415,2.2763681610293767,261.90516423747647,1012.9745412366283,14.706643372790907,7.02738845992016,934.9197331547051,1.03081421789108,19.864794556967006,2,13.620380313092365,1
2025-06-18 10:00:04,HM-C315,35.85390764953271,35.84499830155577,4.759719556501358,0.053348920479664386,5.817475844079991,231.62326169878452,1012.6202642369749,17.207195270786755,6.6891964147118035,931.7493018069091,0.9316078611033125,24.51837351567717,0,11.875311178790037,0
2025-06-18 10:00:05,HM-D420,35.51540872750387,40.90679611626786,2.286162115388374,0.03173757761047398,2.1067349100705908,261.9755817851905,1016.1094122459889,11.151433377523254,7.17702622901467,945.0389525977367,0.9922423013722803,17.800556444441973,2,11.942410284001127,1
2025-06-18 10:00:06,HM-A104,36.74288959215983,29.003114422950333,3.4637104952334274,0.042833260494785516,5.739031131664731,278.0703288973797,1009.8414430053695,14.955813496376688,7.187963196768168,952.5681240412316,0.9404910978664025,22.55266262316517,0,12.209875390686227,0
2025-06-18 10:00:07,HM-A104,36.93301413341084,29.87596923331436,4.7893203507762285,0.05814035927339308,5.545006561586419,247.76876960547085,1012.4835966740031,14.785318066804974,6.818287187417098,1062.453612769662,0.9994070720178941,23.702523344833065,1,13.018018983789307,0
2025-06-18 10:00:08,HM-C315,38.67117032382278,32.39747546014706,2.4674687904793955,0.050335100539797326,3.186737998353328,232.84555444313028,1013.3985579365464,16.138397698555632,6.547946370536273,987.7604037228124,0.9934217811708275,25.18749257957386,1,11.497852135089222,0
2025-06-18 10:00:09,HM-B210,35.70775784277554,33.28711463959224,4.119235553963569,0.07337811668661567,6.014345494096431,246.29442894396868,1012.4009220109601,14.728154471171296,7.271901726273533,895.2812084567596,0.9123222928878036,24.66693459660644,0,11.738586758789255,1
2025-06-18 10:00:10,HM-C315,37.933490479783885,26.172085987812427,4.250187855819462,0.02421207161559565,4.100147214462093,266.05233673857475,1009.8487926187864,17.011409385403905,7.365358493519442,901.6026423523017,1.017212883999612,18.3720950543657,0,15.50369829244834,0
2025-06-18 10:00:11,HM-C315,38.26753941121798,42.49097643457574,3.8308360598931026,0.05950068413907502,3.788761210835651,275.9938906065194,1013.6061305672415,17.837119369381792,7.519961933667257,1031.1062086542188,0.9857697521357136,22.27187624359448,2,12.965903086216157,1
2025-06-18 10:00:12,HM-C315,37.49572344342966,34.34846704325444,6.158532220496961,0.03154255329331791,3.994262988282761,257.7108055551579,1012.3130137899274,17.17271800904458,7.4943869701256425,864.3395507441446,1.0013961349225784,21.583421764261892,0,10.756500878350712,1
2025-06-18 10:00:13,HM-C315,36.35098544387631,33.59947737910014,3.6797460221027927,0.04387232989533974,4.097180961608215,247.61522732891234,1012.7956394085694,13.646779892893221,8.25558401255912,950.9750687586962,0.9792419967860342,17.8091897658069,0,13.785377015739451,0
2025-06-18 10:00:14,HM-D420,37.4516136606886,43.113187690177085,5.132613218114846,0.028846460104536564,4.207591241890308,288.3644513283866,1014.888285666936,18.989500186452656,6.329848591761661,814.936956415858,0.9641574384705276,21.89348846673998,1,12.076014618938423,0
2025-06-18 10:00:15,HM-A104,38.87935068348394,38.588967475619064,4.4702540615141375,0.03715983653972546,4.234832013632939,231.20194869598288,1013.4566937865436,12.808620868753398,8.469024432237559,940.6316028927246,1.0378394184019402,16.423801355325374,2,11.594764715531113,1
2025-06-18 10:00:16,HM-D420,39.09796216929078,32.32289061333326,4.821804105301798,0.04423124120557911,3.431620904816629,237.6324137415043,1012.0699485995417,16.546920711364667,6.129743828025228,861.750546887407,1.0515595975006036,22.94097319017862,2,16.16237379104408,1
2025-06-18 10:00:17,HM-D420,41.538431712067265,35.82303922654078,7.409601128976696,0.05186507128555619,3.710164730734009,303.81083926841956,1013.5903848379714,17.4229856053257,8.198279860450663,898.0565123179219,1.0484513860781097,26.823839348600572,0,12.611877090656755,1
2025-06-18 10:00:18,HM-D420,34.52493440923435,34.79131433811761,5.2695295277497625,0.041227142827546484,3.8140770280283816,247.09755479274773,1012.3633065555867,19.28210727893827,7.601230726496522,965.1310563974301,0.9316272085939105,25.994963149273097,2,11.296077470499103,1
2025-06-18 10:00:19,HM-C315,35.899981522511496,42.24175428464638,5.5595493372894325,0.005,6.507276379552031,269.7713594540659,1012.5446553861999,17.138252640933036,6.787236591264324,998.4180272101404,1.0694286987369308,23.56540054598638,1,11.628336057889305,1
2025-06-18 10:00:20,HM-B210,32.966328349329,34.16287899158203,3.8518743691803983,0.03846102483400878,3.8146169833098895,223.39335597166487,1014.1359900231586,13.607076343191174,5.263657863491814,892.8067073758834,1.0281459988567407,23.034058417970083,1,12.722818750995145,0
2025-06-18 10:00:21,HM-A104,39.32752366081964,27.789702290708952,5.939224515943456,0.06940801524640304,3.7375626208890216,280.029663882704,1012.037409476086,16.95964013433974,6.00398659474015,1039.7840589853693,1.0624713948021427,21.54092256830639,1,12.712640284871718,1
2025-06-18 10:00:22,HM-B210,36.163731234108134,25.613879465973522,5.875954860271752,0.038302564070612444,6.319594566426715,215.48139257818576,1013.8423501023099,14.855679744748675,6.692889647608874,855.2326714944046,1.0616334754858527,30.641744807213627,0,13.20037018586577,1
2025-06-18 10:00:23,HM-D420,37.51547745507332,42.37580673703344,5.731413000558067,0.06996963680253428,4.113589371775461,213.25208087043077,1012.654845479577,17.331114933734703,7.556655344242441,1012.6188627173472,1.01745493582896,21.144019803673785,0,9.93628742081442,1
2025-06-18 10:00:24,HM-D420,35.4891535763834,31.056926511186848,3.1862347731760225,0.037596065114660904,3.431721927409124,276.7742751467584,1012.2380832081178,15.512196839570668,6.772588504372133,916.5906707734837,0.9602772740583776,16.73325275684373,1,10.826269149168779,0
2025-06-18 10:00:25,HM-B210,36.18324001255544,38.35105827816655,4.12212917304786,0.008560371584007756,3.171651281302978,239.1574209621378,1012.2432966205228,17.98401447967026,7.168964769231371,1026.4496514325308,0.9620814345936404,25.051882136234056,1,12.21870089108564,0
2025-06-18 10:00:26,HM-B210,40.05797526356665,35.35881715357526,7.150370095352438,0.031340903078704824,2.795807477783069,242.72863679841146,1012.0790207168291,15.183665090610223,6.850710815982224,916.4922449626805,0.9659767727572077,23.844113394137338,2,11.70132090203447,1
2025-06-18 10:00:27,HM-B210,38.73558352621496,32.91672606060871,3.968383301469096,0.02883132629166029,5.1494219693417325,262.917947410507,1013.1338959098863,17.005745663699265,7.334778528083142,894.3750190052914,0.9909493027473277,17.583526368332542,2,10.884264601978753,1
2025-06-18 10:00:28,HM-D420,36.72119485585264,33.700762914984374,7.354982038631945,0.03540933875330356,2.3347790746932438,241.29776035805506,1012.5878900470403,13.891275144473731,6.092890808051127,998.749888830185,0.9505670750724494,20.412144381327927,2,13.054490234472867,1
2025-06-18 10:00:29,HM-D420,38.91953479869099,42.916889407647666,4.180405134424389,0.01629363115195484,6.115605247621634,218.56847862933284,1015.0542652136124,17.493159910246728,6.988796982756837,985.3055854201701,0.9142398946170669,22.67625700796134,2,13.18474546515895,1
2025-06-18 10:00:30,HM-A104,38.97475020009468,27.759682856784377,5.2223242310792335,0.03982357066193692,4.390402393124242,232.96258568536518,1011.6693076658079,10.833630654198604,7.620998830946438,906.6915163798599,0.9158071589652556,19.74150992165869,1,15.080374589511393,0
2025-06-18 10:00:31,HM-A104,36.02143620828316,33.067723846220375,4.719246148613804,0.03343480318666324,3.9755107406646664,220.7559984534817,1013.8146756468736,16.539089045028685,9.221338143757762,993.3473145289693,0.9983085837469666,25.670079225134486,2,13.556967493446702,1
2025-06-18 10:00:32,HM-D420,33.32730109840948,39.532828803418504,3.7327920767275042,0.06575723714757183,4.225973353578056,284.8405278941463,1014.7149176030556,15.864036114889032,7.8741630115834305,939.4189327464272,0.9865335915183515,18.888026621700412,1,13.221119667544553,1
2025-06-18 10:00:33,HM-B210,34.7520959324949,28.58427495776872,3.7543865306454745,0.015795257561766505,5.0556679859353535,286.1711919918293,1015.5951889935292,15.431030361632647,7.051850561616401,961.7822378887146,1.0254916479639269,20.994447411836973,1,12.23958920120123,0
2025-06-18 10:00:34,HM-B210,33.648678491543706,41.58641403888792,3.943635490265397,0.04491337373269296,3.936193159499263,224.77858740635804,1011.7823387491616,10.794659514120742,6.688976744543202,976.9738723227781,0.9909776338821097,20.315118774916545,0,16.571904829774446,0
2025-06-18 10:00:35,HM-A104,39.91108661498227,39.46124857876813,5.222096422174363,0.04822056245234885,4.269873945729924,263.06360028124016,1014.536578410962,14.141406243075581,7.565890441951773,837.5226695619224,1.057619622147449,23.802320306228157,2,11.997860566281181,1
2025-06-18 10:00:36,HM-D420,40.345288041119204,36.35897842566168,6.335626285992905,0.0554996177801523,5.763695776310539,241.8229963762086,1013.3088510602005,17.53841590744333,6.529528803036884,950.2139936432463,0.9705357129739345,24.53066400654387,1,11.98532373477181,1
2025-06-18 10:00:37,HM-A104,40.96593470039754,32.48421547862866,5.124734979070993,0.03272824246363142,4.916286767283841,293.7824885161752,1014.5783621164159,13.446146268517122,7.315383976909305,832.9931922138916,1.0165198431109594,23.796228920315308,0,13.952941669766922,1
2025-06-18 10:00:38,HM-A104,31.951111127557077,27.942169224080214,4.949932645181676,0.04441601989185073,3.0000457687249407,321.08306307771926,1012.0329965256318,12.195469534177379,7.453369875006571,866.0872764854229,1.0276049657503417,14.612869379340058,0,10.097766307942898,0
2025-06-18 10:00:39,HM-C315,39.67850227593431,38.53522947067035,6.815567083013445,0.04706556250892564,3.6507019986937372,271.9531442815866,1012.8256104138102,12.980366131262631,7.042148692573016,941.2674739920667,1.0026739142688867,22.652598753494523,1,12.380749407116909,1
2025-06-18 10:00:40,HM-C315,42.53047827346171,48.74322467241944,5.06200726544947,0.007032723990113052,2.362300019960099,234.58813681093548,1012.4544780918832,17.51073173798865,7.977626145938233,1028.2042056379705,1.050684017458046,23.909100676112853,1,12.652978240672526,1
2025-06-18 10:00:41,HM-C315,39.779969284526615,35.72946267958429,4.185704592332979,0.033445988170890686,5.238295883410654,215.2325717702834,1012.3237845651332,16.048510713876475,7.124796780505239,931.3163268705624,1.0263083413610852,24.36891166650539,2,11.89414454252516,1
2025-06-18 10:00:42,HM-B210,31.621925955323327,25.869772946340497,3.5033883820448004,0.039346698722660216,5.366399810136992,257.3423404616056,1013.0617078081434,17.976258938244634,6.840052297076811,921.6457907245356,1.0402667983475997,21.290105453395103,2,14.073709308014951,1
2025-06-18 10:00:43,HM-D420,41.42074577099193,37.287582450633735,6.905670925487927,0.04169156440234913,3.3787614001488397,245.3229075090857,1016.7423471193905,16.524239395417773,6.791992065065157,913.8636539896404,0.9679482889490838,22.094306996356135,1,13.239684102580455,1
2025-06-18 10:00:44,HM-D420,37.104222592829856,39.30131485700598,4.505903734756546,0.04144677984590947,7.265822807787547,206.72674006039477,1014.003320840453,13.395881997362503,6.166947294491567,981.3701390540186,0.989032174479791,19.72539972889318,1,12.943648226115007,1
2025-06-18 10:00:45,HM-D420,36.41900223374882,30.410737840520312,4.132139308439197,0.0487504258461593,7.425463268414,252.38108333647153,1012.4733158879396,18.783479666014312,6.062610446839719,860.4607329522329,0.8906689518927318,27.11185999557107,0,12.600743178747368,1
2025-06-18 10:00:46,HM-D420,38.12773824145744,31.77244036955302,4.002435164640911,0.07875209853988324,4.5273714399157905,313.3709994412652,1012.562063240162,13.91182882049261,7.679354160178985,837.5748766832594,0.9968597887375847,16.63408252054981,0,11.962596938073773,1
2025-06-18 10:00:47,HM-C315,34.37748269357378,31.26310885626854,6.821285833231593,0.028091428525100277,3.5431589386799347,274.1713705852458,1013.8438278302457,13.47744848483731,8.382718189640674,1058.1900362851804,0.9314847382559921,23.806589648301316,0,9.384527981712454,1
2025-06-18 10:00:48,HM-B210,37.00695592730395,32.34318066568156,4.140539010097663,0.04762343545106482,4.828561427317971,215.1459430034142,1012.7207619436019,15.634495564136579,8.918808103309352,983.1371154989444,1.1173477507932994,18.01941620279374,0,13.313534962144487,0
2025-06-18 10:00:49,HM-B210,41.05107411276018,34.139184428609774,6.485694136512641,0.06602606371998757,3.514761672062797,249.4475825845383,1012.726062274992,15.961110416793282,8.094017989745595,893.8569938690013,1.015062686975679,20.08171985690026,0,13.938600451593619,1
2025-06-18 10:00:50,HM-C315,38.55599217630822,30.695494457532487,4.654388134385797,0.005,5.640038755400418,261.20375840643345,1011.3362269033944,16.8005862807628,7.616499977336891,898.6329447847306,0.9800796920074473,21.842670887870916,2,12.48955075223608,1
2025-06-18 10:00:51,HM-B210,37.14600368025667,28.820811293238876,3.1874295034596147,0.04536262159528221,4.699631107233579,264.77281366923586,1012.9294082088933,14.451834913938276,7.446190440751824,905.5364795887492,1.037629219421647,14.0566592902348,0,10.25735639581877,0
2025-06-18 10:00:52,HM-C315,37.224020399819025,35.87187692837509,4.501262459270149,0.006392413870165738,4.78592840038405,200.91249552017425,1009.2124898132395,17.94458309756557,8.24798959963612,845.5538013373315,0.9304644647953684,16.427324738924717,1,11.758116938844255,0
2025-06-18 10:00:53,HM-D420,34.046515041753,34.0866898006815,4.950810298328089,0.08371155480925072,6.610998966564262,246.48021355862116,1010.347386810799,13.821819483469941,6.905038010234168,924.9383834433779,0.9753039527733807,15.594787280399178,2,11.78595949657953,1
2025-06-18 10:00:54,HM-C315,36.625030271500684,32.818791149415915,4.827243810842976,0.05044101468595763,3.7571720085305063,257.830606672941,1012.474537390465,12.932679538817283,8.6408347564332,951.8081037459044,0.9825654832227882,23.704002147573316,0,11.811508953427714,0
2025-06-18 10:00:55,HM-D420,32.91426166092558,35.41594858360757,4.790024445685797,0.0477418131560872,3.805210929773222,244.40347086982356,1013.9904116520104,11.207501942900063,7.168188773544848,1058.4342801136256,1.03223549947851,26.09427092999286,0,13.250888595613189,0
2025-06-18 10:00:56,HM-D420,39.55610238098453,27.39912147220778,4.517082585242272,0.005,5.530044551298476,192.12995477069683,1015.4170396899809,14.658200119582117,7.4073595226941835,958.4615254340207,0.9510893935975356,15.616399711434008,0,10.536264147720109,0
2025-06-18 10:00:57,HM-A104,31.53572379381164,36.3160146149838,3.8224850604460565,0.029910163610876145,3.9936031479198952,245.45045947960907,1013.6020512588833,16.79261871083037,7.219757880241224,1009.3667566733277,0.965137672857179,21.288121389727767,1,12.209595399587258,0
2025-06-18 10:00:58,HM-C315,39.137250949051776,32.921558998552186,5.01610634566129,0.030004078828504546,6.424597706233699,273.5243251974426,1013.8013492713234,16.552146163449827,8.100179659256108,926.6913169199602,1.005579310845528,23.09812117722291,0,12.260922916403972,1
2025-06-18 10:00:59,HM-A104,39.44852725208516,36.1974473405639,5.811422631091888,0.07532911107837578,5.700595963788672,232.84058575700823,1013.1692726141525,15.738188626895106,7.190670681052718,913.3045376941955,1.0315711500057763,23.081323812291448,1,14.767936282653565,1
2025-06-18 10:01:00,HM-C315,40.29691153931799,36.99824552709484,2.8061063591004314,0.054584024737115315,4.054366671521809,235.90187783160331,1014.2576196576146,14.158890808080338,7.52385038753497,949.5072616231896,1.0105707207540044,30.034436273079272,1,13.09438357867116,1
2025-06-18 10:01:01,HM-C315,37.217147907904504,40.655756391430884,6.94859332707831,0.006941466051675539,2.326119801823325,291.9344343671657,1013.3200753315415,17.593403493908713,6.224601661822863,1018.4897285768028,0.9546914484567166,22.614343297671628,0,11.839657445357913,1
2025-06-18 10:01:02,HM-A104,39.291571165393826,35.51477208494456,1.0,0.04939004504703934,2.7573077448500296,244.00508331573738,1013.5589190216142,15.261803765636435,7.045120023530659,902.094653866778,1.0053268303568053,18.287733799626718,0,14.583882002855681,0
2025-06-18 10:01:03,HM-A104,36.60063339908696,40.33359415027163,5.112872862149524,0.0099419143285553,3.921880726509056,253.35700438328098,1010.6545460072678,15.884950683839993,8.037674925525462,967.7800432327847,0.9657497036469186,24.99504849269629,2,10.690407405565608,1
2025-06-18 10:01:04,HM-C315,34.03325720578017,33.39043429434955,5.6991304032101375,0.007413335847114164,4.985651842307666,194.0668313603331,1013.3944420997013,12.75263397365984,6.524040092513117,965.6014665985113,0.9528541513131922,28.365040549937074,2,11.492399585469652,1
2025-06-18 10:01:05,HM-B210,40.82683098134499,33.62911243317788,4.094970785157464,0.04906844167387153,5.822732529962012,218.41402757994413,1013.0348995953855,11.373504070488545,7.178526937087265,948.0327841347766,1.0204063621908461,16.793159143911748,2,9.772325243636752,1
2025-06-18 10:01:06,HM-D420,36.75778542596231,34.545359135881625,1.8112478435441286,0.05489538261972883,4.2392548805410835,315.690359251593,1012.375788862985,16.821455119217692,7.168044980022246,1019.039604158932,1.027317603779785,24.136556409694478,1,14.872948195304495,0
2025-06-18 10:01:07,HM-A104,33.47622170631701,38.87062450339106,4.854913849861928,0.04917507180064474,3.4333340795705887,299.66540380157517,1012.4862198932991,20.13335531249792,6.7324670838234155,953.3685326636611,0.9993188113341493,22.11408087781862,0,12.821250326848347,0
2025-06-18 10:01:08,HM-D420,35.83296263552555,38.15479538511457,5.25454388690515,0.07759165164162635,4.331109839192062,264.18627200728884,1010.9992236223292,15.984913070657246,8.014588640662158,938.7381433645489,1.0255542824090003,18.188442973295654,2,12.183986675220993,1
2025-06-18 10:01:09,HM-B210,35.93168829357957,35.67535939930897,3.2769218981357007,0.047375050726554235,4.524443221332391,181.39455368429074,1013.8086301188202,16.833013155582837,7.595948189391579,945.7270651208113,1.038496388910525,19.44593222615056,1,14.358849449162953,0
2025-06-18 10:01:10,HM-B210,38.15424229531053,28.861323291977392,3.754799884129311,0.0434018841754614,6.065934380859563,210.04987951627257,1013.352485300266,16.789981598258915,7.921669691582394,780.5550399782046,0.8776176527039784,28.366509572438733,2,11.63020221746107,1
2025-06-18 10:01:11,HM-B210,42.86761870843183,38.06529587883163,6.4440681440956755,0.015679811233164993,5.99930903015626,209.24561796944835,1013.1038123736336,15.246089386065321,8.041186368986176,937.2906111713504,1.0205293085873148,25.09049608369735,2,11.829578025959233,1
2025-06-18 10:01:12,HM-A104,38.30604653320641,30.692976826085143,5.176522639552664,0.057152273573054975,3.2977173877890666,208.80718462022207,1013.3450015814817,11.992038880356851,7.224819678468541,864.7873394385498,1.0774331088376772,23.700640361736795,0,14.140004479003728,0
2025-06-18 10:01:13,HM-B210,37.51710962999131,30.4205130310014,2.736984516106039,0.0069711149927161944,5.044910157924457,238.419320731324,1011.1306780892183,16.568156379185343,8.459169325283941,933.4613948483102,0.9857882950302018,16.032408612359333,0,11.634564293922114,0
2025-06-18 10:01:14,HM-A104,43.13944049890639,29.307574550311585,5.6747448766326976,0.08040738147635833,3.4753847094699477,273.422125131302,1015.6449843031221,18.15744481460637,6.226815156232652,948.0933515210811,1.0768573147385498,24.697048045148875,1,11.770906751153865,1
2025-06-18 10:01:15,HM-B210,39.44723384978181,34.58415644598982,3.604221752032448,0.05741595884519759,3.5092777638819257,231.04269125721578,1014.4146346024049,16.19050374433981,7.0799083988481,986.6887908254588,1.015768496861716,26.46518651471309,0,12.600481625968,0
2025-06-18 10:01:16,HM-D420,37.63562301033732,41.05862149235344,3.8378563507600276,0.09579594706588791,5.7464106157157495,240.68688610031361,1013.9309225235913,14.689285317975122,7.319162185143514,1111.1152185242988,1.003982263607138,16.53648737336883,2,13.011008032061627,1
2025-06-18 10:01:17,HM-D420,35.801470352954766,30.173197278098932,5.296486089021197,0.04778656217149211,4.260831033279576,240.7839244719927,1015.2267762557028,15.993113069452603,5.808572909280167,1057.5969919419815,1.0133165095462773,22.086998062168245,1,13.604679933439598,0
2025-06-18 10:01:18,HM-C315,37.7905001905114,43.39287976587044,5.1567350414287025,0.05840332122181338,5.267834081489417,277.0969186338216,1013.3166758565814,15.029561883665755,8.331863090533863,949.1530480912681,0.9239322515100238,26.03257827754778,1,12.180589638785456,0
2025-06-18 10:01:19,HM-D420,36.83402398976716,39.54905111226786,4.396090188261753,0.03445657780034657,5.141681587245065,276.7963267903396,1012.5762706436398,17.791103832954136,6.50522406273212,994.6906336839911,1.0835786266760166,25.493230800858914,1,9.987224461770928,0
2025-06-18 10:01:20,HM-C315,37.228585318897494,27.67698968374688,4.2436859381272205,0.03913440824223733,4.404617547828803,254.85997506246952,1013.4107343953998,15.607681385878085,7.25443161099331,917.962211661927,0.9751474337171248,24.559882842280427,1,13.030667993459428,0
2025-06-18 10:01:21,HM-D420,40.28600606192368,33.086124089108395,4.623801441912582,0.018969321823533888,4.899585279013658,288.3531106725913,1015.2904010633837,16.630882248002603,7.803859220174275,965.3303309124761,0.940091518717838,22.177579692395653,0,12.805387664364815,1
2025-06-18 10:01:22,HM-A104,35.64919454215628,29.798748665045974,3.8291097603910504,0.011045827028646614,4.744624090470665,238.51419665438578,1011.6582736406831,17.454308649741414,9.054539182346495,967.108664234274,0.973317628200379,26.342647942528693,2,12.764494864478118,1
2025-06-18 10:01:23,HM-D420,38.28385177040879,38.32477728867858,6.633518377666314,0.0437899561382664,3.119460256041559,302.40773911556914,1015.2724883611478,16.641069657834894,5.868068687086324,871.5635126489299,1.001152847966228,22.64504314953098,0,11.366334690187598,1
2025-06-18 10:01:24,HM-C315,39.37234997459399,30.059183261647952,2.646209451487301,0.03901634987652337,5.08479070510287,231.8176787168411,1010.9716729738713,15.324738771359323,7.677100408519065,913.1338696390599,1.0564713440305757,24.210070858496337,0,9.683848582358532,0
2025-06-18 10:01:25,HM-C315,35.34471870793897,26.8944026147191,4.638682108140012,0.018480525678030168,3.6528029941631592,190.9566345594376,1013.7996211105631,12.179517094103387,6.979257746676671,814.2073486286391,0.99622718402703,23.373158888727176,1,12.452344918480918,0
2025-06-18 10:01:26,HM-B210,34.94344646127725,33.371371116314556,2.8108923899321767,0.022025365153567063,3.2170863309450413,212.1123516927121,1014.5153178156175,16.080545514322253,7.718371091956049,935.9644362665975,0.9839398005404171,17.74740183663915,0,11.078577081371117,0
2025-06-18 10:01:27,HM-A104,36.62414519354774,40.846970368481294,6.404002620917782,0.04064939981415952,5.525572106811388,209.44608166321635,1013.9666517540433,17.060117422352533,7.949947506790161,947.126061811252,0.9847297390520084,18.313491270346127,0,13.335525959476117,1
2025-06-18 10:01:28,HM-D420,35.845926024358846,34.037418880787236,4.636534499019538,0.018137565004368344,3.790416832323815,227.79422091211302,1014.5713306675024,11.992760784987478,7.534584082189303,944.1640473905333,0.9321994921402781,16.192003107068793,2,13.62276405482444,1
2025-06-18 10:01:29,HM-B210,39.88083152185376,36.99221931678341,3.414997110678331,0.04713290158950282,5.8328257555200285,283.85841023208894,1012.8087367728302,16.039413622115323,7.263493915698015,869.8817668684896,0.9736551723201726,20.470522238865026,1,10.189985979772658,0
2025-06-18 10:01:30,HM-D420,34.495579303588364,37.186155487735206,6.027571439392529,0.01875821665759519,5.818031698240977,236.5261007347721,1011.0903032227659,15.221371712547883,6.354420701785722,943.6131884025971,0.9704867289144614,25.247388830561118,0,11.447800098525523,1
2025-06-18 10:01:31,HM-D420,37.17117842132168,27.438622036294625,1.5621039848915896,0.045117089598522966,3.927898749488027,209.35010543952964,1014.5753820315754,10.67126400964346,6.411232898914594,962.9732731022239,1.01250276769299,23.355883883375657,1,15.057038695254747,0
2025-06-18 10:01:32,HM-B210,43.365120833511185,30.50312936422673,5.421326037708482,0.01698575775879773,5.782009130427918,206.31406455838578,1015.7729227968803,15.868360840731722,7.844459162368828,986.9277338847238,0.9138557996062082,21.87004433445991,2,11.833200845797261,1
2025-06-18 10:01:33,HM-B210,38.03264133446546,35.03232093598798,6.72693378280662,0.017069688463495207,4.032809783553808,248.27417068911464,1012.7530350761829,17.96596468135395,6.512664111347824,971.478152410128,0.9779267101259415,27.435570588621534,0,12.79573646673827,1
2025-06-18 10:01:34,HM-B210,38.448225360762216,32.21322508172306,5.269315336794168,0.005,4.4179322860906955,295.7422446591816,1014.0229088204674,15.258975656690582,7.540328457565133,924.9707618456887,1.0653825047881071,20.78683863959757,2,13.818242554307515,1
2025-06-18 10:01:35,HM-B210,39.90170623924281,43.52227275197079,4.240234329823876,0.0367944202003178,5.092543200839671,256.6312256209217,1011.7604143274999,11.046219362562585,8.241812506353579,938.6582808311409,1.0209976917524362,24.23567258903678,2,12.834326151160317,1
2025-06-18 10:01:36,HM-B210,35.8426273364366,28.85838802459555,3.1367270572859414,0.06908129534606983,6.947275696076613,278.31644352348184,1011.6472684023088,15.917458887874133,6.161794703208404,970.4676694959508,1.0469999169602884,20.636315308652964,1,14.134313207029418,1
2025-06-18 10:01:37,HM-D420,34.296450928136494,30.45369948383575,6.623771953133762,0.06794661627832532,5.6290765754218794,262.0548642163864,1013.1610242577716,17.394507968478933,8.244697377392521,916.0414044926349,0.9803459655966291,16.010386309659246,1,13.9039011438055,1
2025-06-18 10:01:38,HM-B210,37.44127819040686,36.45272129739873,6.3911327864634515,0.046481350069218275,4.430652536197014,204.20526380959535,1011.90851216678,13.49530609528146,8.217291083426334,881.7579516294552,1.0833051541650436,18.989810366463068,1,14.495893130841957,1
2025-06-18 10:01:39,HM-A104,37.66350957087134,31.860533311083554,4.031957253663468,0.005,4.623962827403068,268.0406893120295,1013.1443302976724,14.719586962616921,7.474055495291807,919.7342076033922,1.039848020066051,18.883314044487175,0,12.760335487369911,0
2025-06-18 10:01:40,HM-C315,32.9544730132171,20.540837005248967,4.072043729585708,0.05687750386467849,2.6002530807371698,215.82907863410165,1017.5454772198194,14.460260140689524,6.707732424764037,980.949782020946,1.0034227271314122,16.3139846535361,1,11.89623200970774,0
2025-06-18 10:01:41,HM-B210,37.937679786706944,44.67340614706909,6.7801506503399755,0.044513325470418946,5.705761801081365,237.49654634746537,1011.9411769406277,15.379054476681372,7.625737037035385,1007.7265932042064,1.0323090084554243,21.39144573378531,0,10.525216900378123,1
2025-06-18 10:01:42,HM-B210,39.674626246752595,29.628473068867564,5.797419720182816,0.03186993680617321,5.576804094845926,228.31958386256656,1013.5123329716469,14.398193383358247,7.057600095032675,1024.5652620152425,0.9382148445124675,19.031644686518735,2,13.129908690070907,1
2025-06-18 10:01:43,HM-D420,34.71762981743998,37.80446361340903,2.320123490433881,0.06414732255827321,4.840190767644822,246.89175117383178,1010.3623610860283,17.83685833519744,6.633529213015575,882.1567590877044,0.9371697171388562,27.98999758853056,1,14.368564701338562,1
2025-06-18 10:01:44,HM-B210,38.08888962093703,28.733044143879226,4.706446392945511,0.05230889373617028,5.361307367684264,242.5412537630368,1013.7849493547653,17.78604370037539,7.310583475503904,1104.0015432311423,1.0403519071643115,21.062973451585776,2,11.389182308013492,1
2025-06-18 10:01:45,HM-B210,39.230659150925334,30.68482546458505,4.651165328333255,0.07923098085571778,2.0697748792653465,238.58046062631826,1011.9418857997689,13.92897628070561,6.499409202328224,893.4420240377573,1.0566906416830935,18.65174540752376,1,11.556006465851954,1
2025-06-18 10:01:46,HM-B210,38.4666955213252,26.88533498659381,5.371451708944408,0.011887223321039312,3.201881260029035,241.72378704036103,1013.4389583293445,17.83526550911144,6.253887519520604,931.8315900231925,0.9540098951405965,17.648247916701802,2,11.960623401905554,1
2025-06-18 10:01:47,HM-D420,38.70251559685389,31.2940329986846,5.009069023902958,0.013451393855306998,6.661768337510615,258.0316029483556,1013.3988380644449,11.840339848622893,6.7653904728871295,1045.187934855937,1.0427272120532989,17.513303045932524,0,11.146444174500997,1
2025-06-18 10:01:48,HM-B210,36.38799939548425,31.778590912757252,4.230933257341672,0.016820410985350826,4.19072720108118,241.72181732510967,1013.2086669807801,13.515732055051581,5.82328823000881,816.6754967515276,1.0267369321178696,25.51053980763851,2,12.723993801770025,1
2025-06-18 10:01:49,HM-C315,34.18123915564851,34.337171613275515,5.267539478539817,0.03429956978617512,5.408919560927558,244.82204867343177,1011.5788340046406,16.384837687144337,8.159081806598639,960.4400353350231,0.9602544164253608,25.86024428013237,0,11.744041034730403,0
2025-06-18 10:01:50,HM-D420,35.88213384404022,33.13715578811775,4.328333505729921,0.0717634450959282,3.6040325260113284,309.7652568571374,1012.5742394139783,15.314951793479448,7.6133805398866246,926.9573972873699,0.9503227722885537,14.011877144869105,1,10.714045089199722,1
2025-06-18 10:01:51,HM-C315,35.53485724532344,27.79240086518086,10.0,0.027528149492924574,3.969398801589409,281.1867805541395,1013.3535767178688,15.429184085934954,6.511581178177298,838.3936500792623,0.9639329154893483,30.65208890608834,1,11.256459579137005,1
2025-06-18 10:01:52,HM-D420,36.79935238448113,32.380500858280364,5.1840918515203045,0.027955916388835322,6.725619337118773,235.0456907303226,1012.6360436518215,15.896562077404587,6.79223790953751,839.5802495319474,0.9755638382807311,22.3078445740918,1,14.662366663410141,1
2025-06-18 10:01:53,HM-B210,39.73317726364982,42.235053333874035,4.977950796306497,0.04834583867029244,4.311057817216318,253.20071326338635,1015.104961377407,14.173197270654374,7.806997353337226,1039.7738037889972,0.9801652694557322,26.08891217729661,0,12.669134131318598,0
2025-06-18 10:01:54,HM-C315,33.720399679589576,41.64195272705906,7.764211337467344,0.05686310895589009,5.128272089445648,250.85245380533706,1013.0615244551152,17.64730807265582,8.218478251390207,991.2872078380977,0.9203923330468715,18.790213308171843,1,14.674544842297992,1
2025-06-18 10:01:55,HM-D420,37.36062505704348,37.27843514457345,2.953484909833545,0.005,4.656546949797264,252.39870960297281,1011.5106944501376,16.533236165338305,7.2857779896608506,1025.8669655765236,0.9756285288414344,18.062999343415505,0,11.688439044495073,0
2025-06-18 10:01:56,HM-A104,34.341495886205365,38.31549623370086,4.835040688874777,0.060794297523771676,4.795700607747141,249.37216191055958,1013.6471486295724,14.940360172564198,6.993553086579924,866.8150454567729,1.015896211802826,21.006523475160943,0,10.327777956828438,1
2025-06-18 10:01:57,HM-B210,35.14988270544307,45.30411400567673,3.57559536949359,0.02689567388130058,4.754672634730349,252.6159114482999,1009.3295205254664,17.000090830824583,5.892943486653643,973.0219704618097,1.0331023635241539,23.500769299629013,2,12.090116523368266,1
2025-06-18 10:01:58,HM-D420,38.39685188152961,37.85623829794249,5.952515084765134,0.03795150572079745,2.1268760756413276,242.44674087511294,1015.942323084866,16.060299331067483,6.942850391312995,1130.6016674500122,0.9704685428265286,22.87581808407226,1,14.96640811291483,0
2025-06-18 10:01:59,HM-A104,34.02513736658575,38.22094930268776,4.2584757767328005,0.06836528265475075,5.072479040109913,231.5636496233616,1010.4188243635338,14.66359557361834,6.289509295903706,931.0335749689713,1.074713541824838,26.67763674973589,2,9.013463422185938,1
2025-06-18 10:02:00,HM-D420,38.83561072425745,27.17708486943229,5.870140602799622,0.03567112801411054,3.854844725416925,238.36450302975916,1014.3446913802553,14.578106714739384,6.265994471066507,954.0308412119924,1.0010093544703402,14.92634610490346,0,9.886006797564644,0
2025-06-18 10:02:01,HM-A104,33.61958888343819,29.436847193809307,5.7620764976518135,0.009362589596281841,6.635480606714333,197.9197600554619,1014.1111819899079,12.851054759846889,8.186439340905492,950.8896377992539,1.1267758395664913,25.628317550191156,2,12.054975350460245,1
2025-06-18 10:02:02,HM-B210,38.6674510085954,34.836548414993985,6.170558392985111,0.010521893981381095,3.5728317075693443,270.85227948113135,1011.3041905202283,13.925445626248191,7.106346657999667,941.2526916685099,0.9626629709295262,24.05562195704932,1,14.084442896711185,1
2025-06-18 10:02:03,HM-C315,33.12617182605372,30.962788874628764,5.786778188782934,0.0394177623774128,3.9340783757793183,264.4628845888116,1013.8391880031506,14.778850633306222,7.3125948506482095,887.6464892790211,1.018087475545353,23.248531892077402,0,10.937590316250859,0
2025-06-18 10:02:04,HM-A104,35.45546830185846,30.010223564884143,4.663940909217475,0.03331270529670492,7.435336794672441,310.34797901577133,1011.9657774097649,15.317507913202851,7.5252514252745275,953.5068133305593,0.9956175591854184,16.61169504081145,2,12.756963648621246,1
2025-06-18 10:02:05,HM-D420,41.7412359578239,30.587704758838758,2.90352093984652,0.041189463483390684,5.368085850448872,214.13441219012014,1012.7518571513685,13.328232881914303,7.057519962827806,1080.217054890627,0.9666299306956722,18.80611915460374,1,12.412836455779315,1
2025-06-18 10:02:06,HM-B210,41.27136592441722,27.882146789094364,6.513627411519895,0.03197444037940725,3.319897190932039,237.892480854913,1013.7055974132676,15.230608480996313,7.254258124787314,945.9681854437623,1.043079295024852,24.551541496175545,1,14.292519802792196,1
2025-06-18 10:02:07,HM-A104,35.968688368707134,31.04307756958974,7.1135411369977355,0.06482853700569743,4.711693391246703,285.00960094075185,1012.9275015200927,14.065600970252392,7.215554064930107,1047.6829740363637,1.0381376417647574,12.175477079514783,2,15.971647555677572,1
2025-06-18 10:02:08,HM-D420,37.97490146507475,36.697177774054495,3.5931975330625936,0.040495344796301395,3.0355270421231,260.7667048303489,1011.4999211372062,13.723584187052344,6.858872826673636,1178.4949944491946,0.9871765451820484,14.41379755098517,0,11.319200195895762,0
2025-06-18 10:02:09,HM-D420,40.01017004721221,43.981619632423424,6.103816042419032,0.005,4.809104032958806,298.9461223289107,1013.6155615003216,16.18576966105455,7.419133220553589,884.910414961176,1.0159221871557553,23.838083094779243,1,11.96566771958495,1
2025-06-18 10:02:10,HM-D420,38.703240436051175,38.98491091356809,3.24445587862162,0.056330659837268156,3.534745868795996,294.28807237425815,1012.687831585287,15.494391347747362,7.129301618998611,993.2220644675729,1.0129872524256158,24.249298164683026,0,12.399176476696011,0
2025-06-18 10:02:11,HM-A104,36.31633938386294,38.18077742519718,5.305148262142846,0.07812541888320357,6.737818158444493,177.10265634772196,1012.8340873388493,14.88088839948089,7.270719902336608,856.8528554154225,0.9869340220665366,19.019431323937347,1,11.271708323326772,1
2025-06-18 10:02:12,HM-A104,35.12841171490917,26.88233307800797,5.614130729312496,0.0430986196237639,5.005061368718057,257.72112838335556,1012.92274501933,16.170431930925226,7.203316593682537,938.7468585648743,0.9622085242157177,19.007977953198303,0,15.15759287943158,0
2025-06-18 10:02:13,HM-A104,39.17025785739482,35.59648352511009,4.360670339292989,0.044651007268806504,5.133062620220563,257.87951813898223,1010.9820373968697,12.583158334775623,8.76446746162167,1149.6016768570228,0.9999092622006447,25.805584354801614,0,10.826594204377836,0
2025-06-18 10:02:14,HM-C315,39.82675827153626,34.665200483514305,5.142607155339615,0.024402299758745832,5.6397015922510665,249.31525732434287,1011.3135863795932,12.745089991218657,7.99181341896082,1001.7564618451306,0.9904651772782554,25.54736521017839,1,14.384890479634361,0
2025-06-18 10:02:15,HM-A104,41.28925458598597,36.45370548475589,6.2723047572458235,0.035150985210858035,5.773947776639855,236.96605930625051,1012.1162060549202,14.339590337845413,7.820701682992505,974.5124171141415,0.9469279889254136,20.641038661855205,2,11.857870234788713,1
2025-06-18 10:02:16,HM-A104,32.781876441367324,33.196562652612705,4.8358752421234845,0.050057400189865014,3.673116078901634,296.86260556226284,1013.6154951298184,14.793286970562608,7.576045382529858,855.3811719523183,1.0328827610652993,17.087091003977157,2,12.40752663295226,1
2025-06-18 10:02:17,HM-A104,33.86718802949737,43.31038370507334,3.9872937431597033,0.06263580131957851,4.613962484466898,249.1890347197619,1011.6062959019258,16.52860053792786,7.540891561741241,901.5996227909193,1.0022417099345202,27.90042747440652,2,12.682537983259445,1
2025-06-18 10:02:18,HM-C315,39.9048090053677,35.26387758148911,3.164331180841492,0.048920005578608095,3.965425076276663,155.89166768103973,1014.7838903842669,13.74452271252251,6.974258728590593,883.1608341699082,0.9932086494311999,16.852146989437074,0,11.77778976272998,0
2025-06-18 10:02:19,HM-A104,33.121173633124556,35.75111677468436,4.413853450618385,0.07636081757077949,7.012887715025183,236.7231321307727,1013.302498765357,13.786923407811704,8.09656723818049,867.6193528987608,0.9254427593490004,24.703844658721522,2,13.66810899978879,1
2025-06-18 10:02:20,HM-D420,40.09637488727983,25.187798875765747,3.2379176281863664,0.0419694062810217,1.7576819737118425,312.1352465042781,1013.54656751194,17.177912038925562,7.46343557571184,1016.3044829066314,1.0158542971116167,26.801432669630962,2,13.142078963909077,1
2025-06-18 10:02:21,HM-A104,36.46266873503652,34.46662159027839,4.43392396754084,0.01756608992962939,3.809867979892504,216.48872017715354,1012.5024973681438,12.833521477588569,7.66696603918383,1005.1840223380207,0.9255859840802382,21.973064895546937,1,14.797425911253239,0
2025-06-18 10:02:22,HM-D420,35.69771545165829,40.74629675015317,4.302136304855617,0.01813889218422444,4.404046301871061,286.52608407366813,1010.6059226564062,17.031689733967976,6.96496304795501,936.813724866043,1.007054077588562,19.645203926416478,0,13.457334444444948,0
2025-06-18 10:02:23,HM-D420,37.51357149067867,37.777878040705176,6.206157454943781,0.06468823463755405,4.66432308612318,281.27413176871244,1013.797878011141,15.017376258343274,6.503380472413007,906.2865317181577,1.0426175218243157,15.543227420116333,2,10.702165168442638,1
2025-06-18 10:02:24,HM-D420,33.63657886941125,24.22204530128446,5.110212524315466,0.06014203949242197,4.639822561408549,242.3234612383964,1011.9166950783178,13.443674530633643,8.108425524307357,1008.0986373596828,1.0831083780018367,22.24950326361019,1,12.271145055932713,1
2025-06-18 10:02:25,HM-C315,39.06003707649588,32.75162463426888,8.820889534575787,0.007107918633062302,4.444617765309408,255.6729863923313,1010.7621613720071,12.80785498181747,7.303367108714649,1084.7628184317414,1.0033460526264921,16.148636335817116,0,14.871761715424535,1
2025-06-18 10:02:26,HM-C315,41.22409249423674,43.659497336815015,1.9796161452385475,0.03580983619128206,4.305098417772661,247.9101224701853,1011.7478571809871,14.626372366896442,6.816741244650265,1029.3078362669598,1.0879169346785653,23.227103091421313,1,11.645699291890717,1
2025-06-18 10:02:27,HM-C315,39.176440539535605,34.24679639859238,5.47005714757817,0.036536123827549755,4.7895563622738475,234.18022365917827,1012.880414305661,16.305255512065703,7.474258331295746,958.7486296961517,1.036634439138012,13.896957276298682,2,14.728706955273216,1
2025-06-18 10:02:28,HM-A104,36.38372826861465,36.61207991355564,4.322665571750733,0.024969342834042806,5.053803599412603,229.9438882191584,1009.4326105686725,14.972561249509472,7.116029761235628,1023.7679101274232,1.023621745148797,15.292919294557517,0,13.582755620373366,0
2025-06-18 10:02:29,HM-D420,33.154910730586394,43.095046436436505,3.565939069273331,0.011792538911029212,6.6488506530671305,292.62001102460897,1012.4958191029966,16.834610989466817,8.439965482823705,1027.4512282418088,1.05579479980846,22.525978093824552,0,13.705313590342218,1
2025-06-18 10:02:30,HM-C315,33.251031359492664,34.22692929226547,4.955345758135745,0.02452791668803441,6.638232364261173,244.79514456830637,1014.5124858545761,16.777168776141632,6.915131195471144,962.219791465094,1.066953675750219,25.358662976130134,2,9.29265492793531,1
2025-06-18 10:02:31,HM-C315,33.67589174440173,38.95514929978952,4.843074601458559,0.02093302877370087,4.861196232123826,226.83993878852505,1013.047960979908,16.610732203241476,7.557108059903958,962.1434141715267,1.0411730113199247,20.86268577004587,1,13.130979895930523,0
2025-06-18 10:02:32,HM-A104,36.969304307219204,37.056979385791806,6.616719226019048,0.01227063071553752,3.905585295743923,266.4753989664762,1014.7990618776206,16.69578098890517,8.069573209077971,907.7706332100735,0.992945691379428,26.20284314362771,0,15.618542723765994,1
2025-06-18 10:02:33,HM-C315,37.28350015818151,38.12574431755196,5.136887670204504,0.05658130640331546,3.9895352869383007,262.7937885438841,1012.3952692064031,13.93305650962198,7.724741939369202,1016.2898569009889,0.9731838428804906,19.75607317015485,0,11.193695718437594,0
2025-06-18 10:02:34,HM-A104,39.17110877685249,36.89607828416735,3.9607976184218474,0.04565893141484817,2.9230900012905017,205.23967170729395,1014.729726314672,16.562582791060727,7.633746157446985,936.5158470046713,0.9354527992679358,30.710769304433455,0,14.886482639039997,0
2025-06-18 10:02:35,HM-B210,32.50992753379231,32.26185060742607,5.50131584555048,0.03071754677176094,5.643881321963812,230.67418429907198,1010.9875385351864,19.262162561822542,6.794571175628433,871.6626262238534,1.008403270714991,16.676798478632755,2,12.776932129836018,1
2025-06-18 10:02:36,HM-C315,40.278025575981,32.76101224288665,4.6555226544327235,0.005,4.446318385080733,199.03604868783225,1013.8998131309,16.95469391696181,7.293554362674308,874.4326493493292,1.0590658394723949,19.148202798164498,1,11.293253306103471,1
2025-06-18 10:02:37,HM-B210,38.73601579736343,30.727119098158376,3.31178218231894,0.034018477813303596,5.024713910630112,326.50386945260163,1012.8375924219615,14.224578840496758,7.569116630317617,946.7703270186743,0.9519142764457884,27.405098152604882,2,12.07194233942905,1
2025-06-18 10:02:38,HM-A104,36.18290926734466,26.801454405648556,4.627181945730836,0.05042111249161112,4.90049678061833,239.11786823609467,1015.0323025664078,13.84001979608587,7.335605186378288,874.3764649902539,0.9461706872316822,20.966717701624003,0,9.938208338230245,0
2025-06-18 10:02:39,HM-D420,34.02559614566975,41.222649553383214,5.346413116110033,0.025279120424620605,3.662855507037838,229.69626481517568,1012.38140931699,15.227841487730265,8.385470187323921,1167.5774628249274,1.089896427626131,25.798533770610394,1,12.559479540095337,0
2025-06-18 10:02:40,HM-C315,40.1228516042278,35.05041483440605,5.10842364534822,0.01700068438773777,3.5147014242167622,234.99498267160672,1011.4211199894793,16.541474995504963,7.067369747415161,989.000932195131,0.9871905651710087,16.71168278651268,1,13.118074779231524,1
2025-06-18 10:02:41,HM-A104,36.24976509690654,40.97080091262229,5.495469581947823,0.0375395596539865,3.9565050084315994,227.37431322733883,1013.7600242717721,15.357321665459148,7.2267369539506285,910.5028757560395,0.9139667892323677,18.189976487567495,2,16.04727925926454,1
2025-06-18 10:02:42,HM-D420,36.949952751638925,42.82686337292325,4.210272186489213,0.046701376561729006,5.082871592156335,244.50905020474224,1015.4707792843095,12.785614089589382,9.266506492266052,964.7257923758701,0.9271777278498522,24.391900513147554,2,13.079244493386108,1
2025-06-18 10:02:43,HM-D420,37.95902992696983,35.26708740454772,5.476417942150915,0.005,4.403097995350482,287.05258966812494,1013.3542699577869,16.51601367366694,7.864204657827614,1008.8645901052953,1.0221331482911367,16.249143479972332,0,14.646344994571692,0
2025-06-18 10:02:44,HM-B210,34.717002735545975,28.432554341546876,5.180173719226124,0.06708018275773103,2.3816276108221945,252.92021153053966,1012.9368489811948,16.876422196520146,6.4254916211040385,967.4233491701614,0.9761966094675262,17.146901455529925,2,11.001611778420589,1
2025-06-18 10:02:45,HM-A104,36.29454855243688,34.01905927073767,5.192344075660315,0.015017458855263767,3.2710247625786053,208.37193048316618,1011.1775618991345,13.244448263596174,7.598365117642214,873.1764174549194,1.0239226381533766,21.555007204083807,2,12.227079507848678,1
2025-06-18 10:02:46,HM-D420,39.16329225505095,31.644281966184394,5.0485348292400305,0.03154434558705763,4.179153787042156,215.5602131498787,1014.4203570426323,16.921648347178266,7.83445949761472,941.2080761706192,0.988914693638271,27.271100049575438,2,12.977405682112938,1
2025-06-18 10:02:47,HM-C315,38.910240196240686,25.099247704725062,8.264139815353946,0.063625420644049,4.46350755788307,255.23813992550177,1012.922589826377,15.242914221768839,6.559044582620535,930.8297785425058,1.0105640401298304,23.46875565159701,2,11.207906223351703,1
2025-06-18 10:02:48,HM-C315,38.932768016738095,32.49135547535561,6.665189365700103,0.04250718111235783,5.118575239157998,225.02265605837422,1014.0512150286394,15.974760962629666,6.959207150468424,913.6305750094721,1.0883644828949164,21.16694556542604,2,12.173704324059283,1
2025-06-18 10:02:49,HM-B210,34.11205062214892,34.642313939677436,5.443087635392948,0.06192182868319884,4.547113162836634,244.27543884003063,1013.2958400962813,16.008804482683598,6.246963767528796,883.7096000440548,0.9906698927440504,22.658384303216973,0,13.957982889308603,1
2025-06-18 10:02:50,HM-D420,36.408549123177146,31.783378021176727,3.7996890847276745,0.07107357920891387,4.064745229935,329.3710476274992,1016.0600130381591,15.576112611172853,7.434929969068126,1020.041566250546,1.05887319197139,15.040316955813736,1,16.14835855395031,1
2025-06-18 10:02:51,HM-A104,36.009015412380485,31.142274565242566,4.561501250365304,0.010806479296846305,4.023496407645104,219.8288579012972,1012.1638765235645,14.201732000859334,5.902700276499168,987.6845016680845,1.005673753700729,19.680645867048867,2,13.731521314807715,1
2025-06-18 10:02:52,HM-C315,38.06294710568675,28.612320889335226,7.423682226722509,0.05804087810765728,4.741755052612252,206.6140875936546,1012.2187538610386,15.999980581363042,6.569359411963754,987.056358003124,0.942466097985719,23.763691682124595,1,11.438564597634851,1
2025-06-18 10:02:53,HM-D420,37.83914497412224,35.97961074177139,4.155593805749744,0.06650973708369626,5.001658762105664,227.79200727582014,1014.5201310820075,15.092136942041755,6.093516697017415,801.8095291685413,1.0988185483964534,22.948404132430603,1,12.445288132188045,1
2025-06-18 10:02:54,HM-D420,37.38856832685734,44.346346416081204,4.751405550296802,0.03248388904346432,4.104236786165474,196.02484138552478,1014.5569283474392,15.658994357886348,7.462827891047609,918.0960795177098,1.1061179686463898,24.446696478649507,2,10.927858508410647,1
2025-06-18 10:02:55,HM-B210,43.164334888549824,41.39311944025574,4.667895011578387,0.034075719468995506,3.206767093086952,288.5831208340629,1014.6044127405524,14.454340241149144,6.929029692797821,1049.987943624093,0.9923430914668215,24.805955281393203,2,12.886168540237986,1
2025-06-18 10:02:56,HM-C315,36.27298479963991,38.268134439934826,5.551830915737774,0.005,4.381673510127757,215.22104685571577,1012.9809920809779,15.790260919649272,7.517764865836408,981.447953739123,1.0075902575430182,22.9060005744547,1,14.732148460834749,0
2025-06-18 10:02:57,HM-C315,35.98044228482864,38.37704559465521,4.3450302840718535,0.05562158903499467,3.7201661049621575,220.78105280471115,1013.3114858262146,14.999056589170136,5.7317703566934055,856.9063167974658,1.061977286393017,11.943932175635835,0,12.952335180806047,0
2025-06-18 10:02:58,HM-A104,34.108125824159856,34.33678427870438,5.265287012222383,0.005,4.845096359227765,209.99709348560762,1010.9789684935988,12.995492714766945,6.57497422655232,1083.3539005319835,0.9907588879817685,23.34584978494982,1,12.485708855643537,0
2025-06-18 10:02:59,HM-C315,33.15538168517782,25.977434103564796,4.378524658022564,0.05937615628126734,6.276897224069764,199.25035301300272,1012.7586968640023,16.07383365104243,7.831873451640721,756.0504330163717,1.0483241931892855,20.05339564101371,0,12.39834092152947,1
2025-06-18 10:03:00,HM-A104,33.94920655696056,33.1528415526965,6.971766049297598,0.011646611972685995,2.878122891693272,248.3544670346344,1013.4151946590175,17.160694463451772,6.279987519240751,960.2041220462627,0.9593100116267418,20.453635034801096,1,12.790372560440732,1
2025-06-18 10:03:01,HM-C315,35.2032951863918,30.153611563339247,3.9705835633490096,0.06781377403190886,5.880836036035828,227.46496206730677,1013.4160047753049,15.821350238284529,8.01809201729499,1087.2580442443812,1.0916521816693487,20.511710694206517,2,15.000042180087162,1
2025-06-18 10:03:02,HM-B210,40.275182736094635,35.77348374672662,6.4664672671826535,0.04792546870048684,5.062847512136958,195.8592323150064,1011.8633901263831,14.658922199162234,7.078212347839329,824.5527673007804,1.0181724189279016,23.16710867012232,0,13.655468576558672,1
2025-06-18 10:03:03,HM-C315,37.09790976090465,41.166073519693775,4.122296215514502,0.06017935395231382,5.823408852880253,238.83353243171214,1011.3509833808205,15.816850415433864,6.530577275217265,911.8890874361056,1.0375388179594538,16.12067324328287,1,10.95194781070568,1
2025-06-18 10:03:04,HM-A104,37.48332666738183,44.8670479512423,3.719380508178887,0.023744460583389592,3.9771067158456117,260.9698252472407,1014.5662876286559,13.680261684531377,6.581546349832456,837.5202523692271,1.067824760245455,15.13633310854884,0,11.610326658720895,0
2025-06-18 10:03:05,HM-A104,36.759316729494756,35.32310515590266,3.948810880265117,0.013330928096145073,2.7647667432667022,236.7404204336099,1014.3310273006567,16.605579971871848,7.371443151964479,1062.9277251442566,1.0409358234429928,17.047655168461525,2,14.334502554642437,1
2025-06-18 10:03:06,HM-B210,37.91325248255447,26.66421831411322,2.4328464094478686,0.005,4.7156349224604845,267.9784434242004,1012.6515948968919,16.78816731377715,8.95583028549308,884.4694821697597,0.9974669649206747,25.678153525306456,0,13.111702148238122,0
2025-06-18 10:03:07,HM-C315,40.505180368044606,35.31338025080989,5.65789766957646,0.06182406024451749,6.179622307885768,300.9560832318334,1014.5487024247002,14.94977390533382,9.374235132518182,1029.5358403203295,1.0860250938744975,20.251306233366854,2,9.754418576067371,1
2025-06-18 10:03:08,HM-C315,32.01517290932991,35.44928081456691,3.2540358357153436,0.0532588013812776,3.22737405998184,274.4348437975198,1014.4092174795209,15.270672819378667,6.131786479879212,1061.1104085504016,1.0417561606299686,24.021971938655742,2,14.083371318343023,1
2025-06-18 10:03:09,HM-B210,40.045843288963454,38.39421935263099,4.463120708611091,0.053968260921485406,3.4076253778287824,256.47555086806466,1010.4824154588708,12.999863305088668,7.7381564056000816,847.1947758830861,0.9917675323609693,23.919756133154284,0,11.865698521897722,1
2025-06-18 10:03:10,HM-C315,30.712403868662484,34.90402224799585,6.142432396398145,0.04582884742157681,5.204638427788266,274.3658237636138,1012.8441305989652,16.189547158279105,8.533319642552797,830.3525783598312,0.9248397620303873,23.587077464425562,2,11.444868248715947,1
2025-06-18 10:03:11,HM-C315,37.07050677880482,35.332591369803396,6.094029019616952,0.05087743165176786,3.8853517328725786,316.81338668504605,1015.0079789376766,14.575331801708911,6.203811422799652,988.3332742559469,0.9992720749464694,24.10677507117125,2,14.065208432003944,1
2025-06-18 10:03:12,HM-A104,42.47976838686104,31.839696210564707,2.8525116260041017,0.034166699028664094,6.4993020515859685,206.7625605267744,1010.6146221436333,9.95343014758993,6.700269493694833,1012.0491439256605,0.9735231381615918,19.910904008752606,2,13.972062710810082,1
2025-06-18 10:03:13,HM-C315,38.70164484882886,33.440490084455604,5.465815369896406,0.04740601267688857,5.282490843756193,268.98156718956847,1010.823935817776,15.2621179253619,7.432529907125854,944.3595740055224,1.0012285247549524,24.675247788328463,0,12.337401240799792,0
2025-06-18 10:03:14,HM-C315,37.93264733830159,37.56616213407592,6.710740973462384,0.022863261209604194,3.6369320208139575,220.0914363873112,1013.9399236988478,14.816256540169544,7.232701633188618,952.0467810644368,0.9679169572070673,23.52735471543381,2,13.156270062800253,1
2025-06-18 10:03:15,HM-B210,42.00486491700743,24.957581419282498,4.044735634715204,0.033145338022546246,3.8224243805495166,257.25150382202554,1014.9385167670464,13.016389290918756,6.092423115422546,1068.387328750415,1.0192075765564514,15.655292966004673,1,11.589744490090657,1
2025-06-18 10:03:16,HM-B210,35.24234275499714,33.41355717168088,5.770359992002744,0.10086658990998809,3.869872543466893,210.33745983655268,1012.5801342224007,16.9832034104172,7.79822358345048,930.8031421109351,0.9775457657624107,22.237638920534824,2,11.389334611305022,1
2025-06-18 10:03:17,HM-D420,38.08491855616262,38.439499839979554,3.2850805913081915,0.040778426938652676,4.44849557245585,272.67693208167174,1012.2959027612063,14.17350939306122,7.547650085327699,1060.1133519035989,1.0713532034105944,21.40268825773093,1,11.965289704600716,0
2025-06-18 10:03:18,HM-A104,38.44529274368473,43.20364470502767,5.578485429855485,0.005,4.865341618896379,258.39774071814486,1010.4513330109253,13.577752913775889,7.953098634116769,903.8943793154141,1.0306951246149556,23.85153456787205,0,11.976396934966633,0
2025-06-18 10:03:19,HM-C315,35.69399466443244,33.008317779348815,5.1969070419944865,0.031828199887921,4.777717019582952,294.985071074926,1012.5525608023095,17.246127533834972,7.6266599213337045,1141.8052594586547,0.9767279059690274,22.102788483047348,1,11.603532920258203,0
2025-06-18 10:03:20,HM-C315,35.91472455126005,40.926848904118934,5.991720433738179,0.018849552382130614,3.1503549492882756,241.86180961008927,1010.7920563684285,15.846303745959121,7.622028062681005,879.2113398358292,1.0004535344843886,21.041358049941145,2,13.82141669314677,1
2025-06-18 10:03:21,HM-D420,35.64055141694165,43.450119227089715,5.898719130333058,0.04318437029431767,5.582250749919878,240.90711010005506,1012.4680318654583,13.084365662582574,7.223144059906355,1044.730357996798,1.0254388641153267,28.225365065183812,2,12.655760568803846,1
2025-06-18 10:03:22,HM-C315,37.21828743502141,33.07308799468661,2.9697745856732713,0.022212817743526722,4.151902719138498,241.2068711402256,1014.9661650687397,15.015268278435759,8.166973838062098,872.683216989857,0.9248625968476423,24.431106679044117,2,11.0588785046067,1
2025-06-18 10:03:23,HM-A104,38.36672901442828,32.2089573358409,5.204829861116289,0.03576337246887811,3.386957270101572,323.83441011329217,1011.0583303558866,13.471335262238869,6.1383500862995035,1012.9275175462935,1.0234161894559248,22.16256848268982,2,11.556068456940789,1
2025-06-18 10:03:24,HM-D420,37.308075682286656,34.08962764954037,7.179370466410807,0.025203199674570173,3.9443458073738062,269.004901122592,1012.6215689827158,12.525356947640255,6.321461532674748,949.3858305609414,0.9145170181800621,17.52579806957617,2,10.669192348502861,1
2025-06-18 10:03:25,HM-A104,38.77365454357464,34.59024107468452,1.7220367673263555,0.043943682363940334,5.717169362693979,290.3402451759472,1014.2914889340426,12.37978956682878,8.077318317560616,972.2316078810353,1.0767524867544405,22.482458260027617,2,12.386191344269239,1
2025-06-18 10:03:26,HM-D420,32.07713178506613,40.4541133392776,6.450389170793098,0.027452023484337288,4.728387992717482,271.730704579236,1011.8356493007756,16.407919105394168,6.9736756415234735,1003.2591973719464,0.9813499098171554,18.586997529130873,0,14.670772088536019,1
2025-06-18 10:03:27,HM-D420,36.454372090642906,31.13137410245202,7.402557649443631,0.04713760144998074,4.833073839491979,276.4585912456156,1013.6118407806841,13.451917299268391,6.473977269992107,969.677685492144,1.0524471361469772,15.388367415043707,2,12.943854291709664,1
2025-06-18 10:03:28,HM-B210,34.44145172412338,42.69032718052735,2.7730467192727977,0.07897162918097442,3.096014270764302,205.74647452301554,1014.2152919091865,13.073412289284414,7.8755768638183845,962.6261947032959,0.9427555440711072,20.373535424660293,1,12.654354931794858,1
2025-06-18 10:03:29,HM-A104,37.754306281707244,30.996212236368912,3.993951393278782,0.016911755668740477,4.6586797926686065,233.20477091202304,1013.1176316366577,14.587882843874944,7.740342649310797,801.3578394787494,1.0287210970531036,20.621013433588455,1,10.283402922329504,0
2025-06-18 10:03:30,HM-C315,37.717293571680806,28.677875401912182,5.776614982925798,0.05447710427236939,5.697038123836277,231.36038360394457,1013.148429149216,20.17425723866745,5.608644017028869,1060.2863133753754,0.9413488040093277,26.118866139273383,1,14.553124394507671,0
2025-06-18 10:03:31,HM-C315,36.71094471260636,37.6188860577934,3.6708123262795387,0.005,2.336424143020487,251.77249338049165,1011.3530725995149,15.974442398073212,7.745686392291092,1072.3200810531223,0.9852959337025994,25.894035993745938,0,12.569138503779927,0
2025-06-18 10:03:32,HM-A104,38.27569752633018,41.15280214434603,7.0468687754680435,0.03534457125368756,4.033260429378258,246.89497849724086,1012.4011063648147,16.681911104767373,6.695230401402383,941.4755458474951,1.0483873599107172,24.67678461888641,1,12.655481013890494,1
2025-06-18 10:03:33,HM-C315,39.494531795660066,35.893277405064566,6.588344398634106,0.04457809551901149,5.247817216488747,201.76973607972832,1013.2432873496913,13.145208198158935,7.592483459149353,994.5605092112571,1.030848158932434,21.648663385215173,1,10.777467667180469,1
2025-06-18 10:03:34,HM-C315,36.84869869423423,37.17542198983137,2.9225551406853225,0.025039746323231957,4.689893063381756,251.28821387715183,1010.1476478269765,15.895960318592891,7.137272824452398,1059.2719595251501,1.028276733272344,21.703560545188605,1,12.319048318317092,0
2025-06-18 10:03:35,HM-A104,34.37076277975075,44.77148619012656,3.8854128501034806,0.005,3.277434017610062,189.62509444883943,1009.6303950353523,15.030723603209081,7.691187502991262,998.1017065834061,0.9823111795759756,24.221323445940545,0,11.127291482552486,0
2025-06-18 10:03:36,HM-D420,33.046856072701296,41.223263907676504,6.154755232752532,0.0392392044246026,4.9779154360001865,273.2941273639397,1012.770208277759,13.633344360965665,7.191227917791283,907.4741538593797,0.9477206288155908,24.573048715866953,1,11.483576181416845,1
2025-06-18 10:03:37,HM-A104,37.09027543832532,35.1546270889125,6.095989104120992,0.07064230792972573,3.099106735640909,253.11860830396006,1013.5682222213463,14.604771863261014,6.202168062153348,853.9139757598089,1.0390562582855383,23.425810396438585,1,9.946739988224792,1
2025-06-18 10:03:38,HM-D420,37.60466675378385,32.84426558409031,8.327660052954558,0.03707101286633253,3.4589435587498008,287.3607389505124,1013.1321652419704,13.754988441270614,5.912291515617291,1000.7568324116845,0.9539961273440541,24.034245444438888,0,9.583444173089543,1
2025-06-18 10:03:39,HM-C315,34.57619027620005,40.47529433240693,3.6801766918257774,0.05117147447867216,3.584930587780727,256.38544505811336,1010.5682444940447,15.303702835965897,6.122765222170216,961.1295255766892,0.9688909569969408,21.728544161391735,2,15.738123487752308,1
2025-06-18 10:03:40,HM-C315,38.81441705790758,39.146419567129435,7.188826759207986,0.06253761283522727,6.352065779646151,236.12819749707316,1014.6553176012868,14.606849571575323,6.309373640592873,949.5667430638854,1.0713679029733292,20.871308510601498,1,12.800101561494753,1
2025-06-18 10:03:41,HM-C315,35.852607785438565,37.09288341330041,3.6291290828546456,0.08942949091011879,2.4963479605149135,202.71296204473404,1013.1553121169671,13.759819717473455,7.5507061100087185,889.0596101891842,1.0289158079946323,13.11855575443074,2,14.217813875567412,1
2025-06-18 10:03:42,HM-B210,32.85891783707213,33.36493157003256,5.7504813986838075,0.01895424727386351,2.5849254904629495,238.1643547476964,1014.4560410224612,14.546884164886947,7.968163934157442,922.7242429736702,0.9318213818035612,20.639735849157297,1,12.068281274417346,0
2025-06-18 10:03:43,HM-D420,40.14109085586297,34.61805181866583,6.338513662339226,0.0210177872089467,4.8399860637531384,226.36866451362653,1012.0420230273701,16.772787795190226,6.950974962301751,976.9390167660436,0.9994570254062893,19.109550218796297,0,12.23412975882749,1
2025-06-18 10:03:44,HM-B210,39.85996979800541,34.26240217690972,1.0,0.0341553092476431,4.625763463928001,261.1465229642819,1013.397510908142,12.725736098109069,6.48302048254537,926.4491396821226,0.9920982247815155,22.389912482515133,2,10.912640659130911,1
2025-06-18 10:03:45,HM-B210,31.961001408342256,33.448156082093526,6.366809447124173,0.05230873276708632,3.9360796584879125,237.3669298283625,1013.780582003932,13.939624615051988,7.224391051428426,952.621395704426,0.9812680835481935,19.294559105587,0,13.413811407165912,1
2025-06-18 10:03:46,HM-A104,35.59349929586577,31.994259317020088,7.076854536574079,0.005,4.516590229542964,268.1474466482655,1014.5067832621864,15.685192590154816,5.621122614704064,947.5145398526412,0.9827889106434742,22.549177111195668,2,13.619873536448544,1
2025-06-18 10:03:47,HM-B210,35.49604079646431,36.32599317974151,6.643822630210613,0.05307517856001447,3.2225518758901064,290.615081355304,1014.3799649636262,13.82346319437787,7.695420951950474,1002.5858070149691,1.0654266881948513,14.541585613428655,0,13.285475853921739,1
2025-06-18 10:03:48,HM-A104,41.09872164854376,31.76842352115328,8.080008215116516,0.04296528108096184,4.610551934803084,207.57752808200945,1011.7999389792799,17.53199581275159,7.142793142828024,835.089054471966,1.0997264199050703,18.144773226773147,2,12.50386043297613,1
2025-06-18 10:03:49,HM-A104,36.75176822489586,35.88689585457234,6.447765925258835,0.029321112879967713,4.751507414701579,249.92177420397374,1012.8263305828533,17.313493658557718,7.258974779388772,921.5185816033235,0.9978751598748856,19.139405099903456,2,12.947775585570513,1
2025-06-18 10:03:50,HM-B210,33.26030450486146,24.50063383890477,4.194192347971228,0.04851019899570573,5.957640141966462,248.56769195003008,1012.2151841815261,17.419719061959146,6.7706970419144845,861.8513065575264,1.008191183329939,17.80025296180288,2,11.850368046308276,1
2025-06-18 10:03:51,HM-D420,39.2052619556022,32.00062915699592,6.858516701622917,0.05779298464728722,6.788736205501721,259.4267509202796,1013.2144424750104,16.31232638126617,6.700910361039237,962.4413556747077,0.9317922213497422,34.47165161052878,1,14.058059357860376,1
2025-06-18 10:03:52,HM-D420,33.923061135584796,40.49164600347024,4.109050579166877,0.060560435517762655,4.17886096175148,270.5995797113196,1010.8436529248568,16.95397119674466,5.880493933403293,885.1977059961748,1.0847332367999638,13.882904002561943,2,10.454245942411076,1
2025-06-18 10:03:53,HM-D420,36.349148773195594,30.497853872677553,5.123626887418967,0.04029526762106311,2.9720247597530873,297.6326613648762,1010.6151454948667,15.047763484765074,7.894287358554973,1025.1587523389262,0.9670696702606772,24.70160677423314,2,11.304590894804727,1
2025-06-18 10:03:54,HM-D420,35.07557780529781,37.960509805215715,6.247674910101853,0.046520659924179725,4.961969250520784,216.71576755630025,1016.5784672887869,13.86940460707592,6.1917473337301185,917.1059120558426,0.9788517650572598,25.984049506568606,1,12.16512378790897,1
2025-06-18 10:03:55,HM-D420,35.59886225430015,30.913581249834614,5.672121236220065,0.045766436383648114,4.33943186866202,202.83732192606345,1015.9030180469704,13.984914517926443,6.623336184472022,903.9046551159631,1.0395237787488847,20.23406040917437,1,10.607307609111647,0
2025-06-18 10:03:56,HM-B210,39.34314522390985,38.878928283966104,7.026697987775245,0.06462394561293058,4.286296526867218,255.65534645989985,1014.7488689326194,11.89772689829851,6.441729649633446,883.336438631672,1.0140438605468645,23.32806190250948,0,10.19878074509863,1
2025-06-18 10:03:57,HM-B210,40.80332540333041,33.514455264007296,8.733012043758153,0.04762432429219655,2.566711854805819,263.4853219948966,1013.7263317385285,14.301257681184833,7.866270988629732,970.081092984288,1.0274679834129876,24.44182676373657,0,12.170125888203483,1
2025-06-18 10:03:58,HM-C315,33.814078134051556,33.31676697817357,3.2939540870729003,0.052904465650458,4.618338651442942,271.6097167188623,1014.1631984314994,14.420030816336197,6.732547296256275,848.4519507006398,1.0339719171778259,22.542664646055563,1,11.845664177376706,0
2025-06-18 10:03:59,HM-D420,38.56519106376955,35.27175739273508,4.507495821785469,0.05785321098927376,5.007430790382856,227.16703545068697,1014.1672773133157,14.65909405406131,7.970724757558839,942.5518167911969,0.9995902469637064,14.937748594976162,1,12.260422627298961,0
2025-06-18 10:04:00,HM-B210,35.16811592577501,28.282865164391524,5.474567543843464,0.07917128133914121,5.692085735211529,202.66453283390516,1015.4820318998269,20.044828288608343,7.66634440587327,940.6909920531152,1.0441461666273095,23.62844593750039,1,12.519533884178188,1
2025-06-18 10:04:01,HM-C315,35.24582022493981,39.8604540937823,4.305213585039888,0.028283702806613683,3.89341663657805,286.5690529519431,1012.2612321641521,13.549038112953507,6.4445433318969245,908.2336699523357,0.9146400507957724,25.88455707535685,1,13.408787834159728,0
2025-06-18 10:04:02,HM-D420,38.22659055355679,41.51716720757869,4.886440597253152,0.07251417387694448,3.5095407153465494,265.37422053465656,1011.8635626256703,14.561330696664935,7.1190811203334885,967.5167395336804,1.0817821073001892,30.254477531116994,1,12.649170135547575,1
2025-06-18 10:04:03,HM-A104,34.43024308571576,33.19984251502521,6.1637294094126025,0.08942199559161956,3.8838385624659186,238.63906727037215,1012.9772100917365,19.309163137639374,5.84274139192739,912.9606052256638,0.990915884117504,16.48577544138336,0,15.114792615901663,1
2025-06-18 10:04:04,HM-C315,38.17650650193761,37.621020854507734,5.964362497050151,0.02955914468518013,5.620415125973973,185.61582134932922,1013.8932854086931,13.623818383168315,7.519599188997135,972.7631982920237,1.0436601486348471,21.310802723094632,1,12.792710655889989,0
2025-06-18 10:04:05,HM-B210,38.82528339127434,38.894553401060286,5.370999095458826,0.035664197121663646,6.163329882998147,229.92729443653417,1012.6177366179076,12.94119992068585,6.6756782624475495,906.4053536107683,1.0246333526099227,21.88652574878728,1,14.819992721598828,1
2025-06-18 10:04:06,HM-A104,35.918669345752456,34.543712238341854,5.221595754896346,0.03143098077821658,5.8451883836877645,270.86166602557506,1012.1710415315484,14.618362852495105,6.35507567494819,890.4951473093003,0.9001096095045902,21.601496331815095,0,14.075069096953499,0
2025-06-18 10:04:07,HM-A104,40.31769525503417,29.458764236410673,4.664194798259575,0.053137768143781273,5.27722643791176,263.0439208596279,1015.155853901238,13.617686260266701,6.980990752104343,970.4659175868744,1.0109206486346,15.30610017260021,2,14.217776416881925,1
2025-06-18 10:04:08,HM-A104,33.81793846984623,42.970410659759224,7.106784259171577,0.005,4.461383221577692,208.65084479725954,1011.7443746460597,17.18469428222154,6.8287580647521375,1014.5687768451531,0.8943561087505021,26.40787353769406,0,10.173635470751059,1
2025-06-18 10:04:09,HM-C315,40.36351547652918,33.037391475356,7.495083254889497,0.030010037530096526,4.648481950835706,268.5735553686831,1015.2029846206415,15.301011033754445,7.426126231325276,1178.5356907287996,1.0247032490821486,25.987126242770678,0,12.789814242584647,1
2025-06-18 10:04:10,HM-B210,32.140031426287166,31.95432615393095,6.528221005412705,0.03452715645815045,4.82344977368561,247.35428724197945,1014.4447553267903,12.812775746966981,8.719935674838077,922.7794890540825,1.0108668104198886,23.506433106006035,1,13.0667453861456,1
2025-06-18 10:04:11,HM-A104,43.749285351048776,43.193959656669634,3.275935118201068,0.032778112869282686,4.1974589874270585,288.0121816351805,1015.8679278535617,15.638562995610586,8.258027165103517,1011.7866863033839,0.9360344363371162,20.298085790398492,2,12.063701011949414,1
2025-06-18 10:04:12,HM-D420,35.98449440344542,38.05029383778102,4.6066843549482925,0.03257675058958935,5.567017152606573,229.0619778770822,1016.274657267589,15.387803607429612,6.245034262549137,914.4388111559014,1.0094173042397816,21.137866530396497,0,12.737946896195458,0
2025-06-18 10:04:13,HM-A104,34.094232109030955,36.287150380290065,5.299498939659327,0.030214808434564935,2.516676624308345,231.49062571189202,1013.55534975252,12.253574577194545,8.428204119508889,1010.5075198785395,0.976244043849662,20.854514195328644,2,10.976471453865344,1
2025-06-18 10:04:14,HM-A104,36.418320228700004,30.146196682987245,3.588958208116648,0.05554771332972003,2.738731438405913,253.4528786210277,1016.1177160942607,15.892113888351734,7.2374385130268815,1054.1692429906752,0.9918161251998103,16.43672758510529,0,14.655202157699438,0
2025-06-18 10:04:15,HM-C315,34.38380514343893,39.0140202910661,5.1186255570933925,0.05076488437800591,2.514564776335182,237.47029432584364,1013.7578520717591,15.998739223876042,5.165483181809622,960.2969439480876,0.8706488432264685,24.803560811518178,1,12.518309273323169,0
2025-06-18 10:04:16,HM-C315,37.967413247136356,49.482593027598725,5.033332688801364,0.07406801890097575,3.5373703840701896,223.79574728174526,1013.5942477865423,12.307765940965975,7.018256911478899,1006.9143561223171,0.9380919153874517,22.09557118163768,0,13.111033713478598,1
2025-06-18 10:04:17,HM-B210,40.41914332867537,39.4025383193927,6.626207261880846,0.05559866717131849,6.115429668188191,305.24316343550396,1013.2907017628188,12.57658961428146,5.953558887646533,985.5949148323496,0.9606481251674936,24.746823125949543,0,11.310520457771714,1
2025-06-18 10:04:18,HM-D420,34.51635943485831,37.48044248146282,4.252564340482053,0.018048217777896513,3.073252393418114,292.6288510221368,1012.3483541588638,14.299877121940106,6.849537014812014,950.8887335099685,0.9431494811561235,23.035315326707522,0,14.857036963351593,0
2025-06-18 10:04:19,HM-C315,38.44849809793501,38.60546398243048,6.7449543324105425,0.0365992586094157,3.117432083111779,221.20263245590968,1014.1395081300835,13.755856551186804,8.726866564085014,915.841455263164,0.9737284686401696,17.978287172399735,2,13.74005647583982,1
2025-06-18 10:04:20,HM-A104,33.1681615777606,33.359423334157285,3.56394794574592,0.03447536343257689,3.509559163174112,256.6096711295702,1014.7259188053944,16.192843495426697,6.151623006685368,921.9518508908043,0.9663896809302602,18.298884936315602,2,14.06774986668924,1
2025-06-18 10:04:21,HM-B210,39.58238683307153,33.311746352034255,3.773241203507969,0.04510476476859534,5.829016371582171,204.0411605908143,1010.9024526523353,14.134518942689205,6.128091174397562,844.184294314842,1.0150857288232689,27.25487850054168,1,15.538521106260458,0
2025-06-18 10:04:22,HM-A104,38.04059091731899,33.24777257881892,4.430956538402019,0.06186499279154756,6.222345438622226,301.03694933136063,1016.8397642264227,14.648023618868772,7.121270202104121,1033.0110884348228,0.8634031975740265,24.23888617295257,2,12.182305840685737,1
2025-06-18 10:04:23,HM-A104,39.6904583033258,32.12525022306561,5.071807829997212,0.043716701166575445,5.718067134578132,272.80425046499056,1015.4367633937134,12.883008380808953,6.5458734186152165,1099.7077190778,1.0996238335822943,20.479390452127326,2,13.394811399162487,1
2025-06-18 10:04:24,HM-C315,36.69413274339723,33.23777567111991,1.375231397896103,0.04376983645932737,5.792451053186511,280.10973803116184,1012.1267137218537,16.89702360443878,6.995534287578424,837.214755599072,0.9692390983221802,24.241536326428736,2,13.283758565669897,1
2025-06-18 10:04:25,HM-B210,35.91210850536312,33.21446403875541,5.688946348116408,0.040200837664993584,6.482282549817745,242.4537115847336,1013.8435147005026,13.480964097756292,7.286958917872609,1033.0441921933818,0.984679794912192,18.514419209612985,1,11.663427082552293,1
2025-06-18 10:04:26,HM-D420,39.040293590143335,33.77657745582934,7.564013797618627,0.05621167980158552,2.3442017872591796,285.2409139684098,1012.9352286869926,12.936426271618993,6.015478752618773,946.4445227361842,1.0297318723082085,26.342770491611013,1,13.077705693717915,1
2025-06-18 10:04:27,HM-D420,33.72987869610395,33.6366098420995,5.97690435196603,0.028621896620882263,3.0301345042685277,285.320533051875,1013.4992609323318,15.103415696383514,7.382699444520204,898.804834490938,1.0869452695034567,16.56993610030323,1,11.30966925680082,0
2025-06-18 10:04:28,HM-C315,32.64293917066606,36.215059285048504,4.683995109792256,0.01085980441828581,3.659117807584858,245.06053910884594,1012.7960995615227,17.147282974753626,6.59107072587727,961.4559744568243,0.9705438850581484,22.787105081068,1,12.461824832406753,0
2025-06-18 10:04:29,HM-C315,36.98759503989991,35.39396509103923,3.3731133765956107,0.052891579524224616,4.624473918818629,215.5298819300343,1013.7847364276175,15.90594931009108,8.057732679327763,885.7503260964608,1.034468007779784,21.453817792374384,0,10.075541648010056,0
2025-06-18 10:04:30,HM-B210,36.026008482853015,35.836812267558514,2.2804666463764796,0.04750334296350946,4.620585655711704,263.0562508896104,1011.3963286623567,13.870817214216515,6.501157254594518,968.7392933192099,0.966452788382643,22.052036428839493,1,11.320897056110555,0
2025-06-18 10:04:31,HM-D420,38.38458332945387,42.611487816722416,2.535464562927024,0.06646836550295959,4.639306401974117,246.20423676106793,1016.2851116291467,14.18979281142136,6.630999388273827,926.5054777882096,1.04701255495313,24.60460093360455,1,9.753610877115616,1
2025-06-18 10:04:32,HM-D420,39.72887856078499,35.38367119358256,4.803740187489685,0.005,5.501063081909441,305.57650948299033,1011.5100157915798,12.30115538437006,6.45502999068669,922.5074642803719,1.034856963872597,26.004215267316344,0,14.773615793921941,0
2025-06-18 10:04:33,HM-D420,38.332535197877846,46.05445496400391,8.160365027676903,0.037993012002904246,2.198584165738841,251.51896224849315,1013.8285749241242,18.849589188532182,6.868559718325349,1044.1332271146944,0.9467022238292762,20.35140063879382,0,13.497503026339528,1
2025-06-18 10:04:34,HM-A104,39.52975827956686,36.76344769911306,1.0,0.04213427105658351,4.331601625341197,253.1936323098301,1011.9820409658528,18.1034449558719,6.0470186900817895,810.0033001870733,1.0289513421919614,14.034306044068606,2,11.79743346525949,1
2025-06-18 10:04:35,HM-D420,37.80263083333041,32.763702045585816,6.050326833852594,0.009782440831681147,4.818731043495337,274.20939598331,1012.7656356384933,15.5767898609807,7.617701860650094,904.5807243025894,0.9286359555548935,15.132892077324536,2,11.371192506409907,1
2025-06-18 10:04:36,HM-A104,38.236489370802744,41.74791619523499,3.983426881421088,0.03826807294159328,4.1093929586308775,250.09827064102365,1013.6918902973744,14.975750905145743,6.77820398475963,791.6213403460706,0.962928340048266,20.471862383653622,1,14.228834582229176,0
2025-06-18 10:04:37,HM-B210,36.70835697541932,34.60236366145901,4.4967575614574855,0.06373845336470874,4.726963704495688,270.8306819549198,1013.1467000289423,12.74774393665986,7.849507330088916,960.4749374655178,0.9330291082362807,22.13709823967554,2,15.168110496570755,1
2025-06-18 10:04:38,HM-A104,38.16261365253796,23.031579241329357,3.5934516701839816,0.08172229415464193,5.726653371227003,233.8290776584152,1013.1940639207089,14.708295570572096,7.246865265070357,910.4024202206116,1.0000463718627328,23.501273785138917,0,13.68209884071241,1
2025-06-18 10:04:39,HM-B210,37.416632071408785,34.97998429082408,2.9488418127696434,0.05964813798717325,4.574666219988439,216.44319256655834,1012.4479537147721,16.782352319789872,8.569767404883336,892.2765083035281,1.0499175006825796,22.76530599442777,2,14.492584848118593,1
2025-06-18 10:04:40,HM-D420,37.81294199132266,33.75412081028021,5.188455858008481,0.033510572376798005,7.065341928590335,222.6229408702497,1011.962708007085,16.45861529170719,6.993492552360896,972.62655740527,0.9378703322755356,25.56205218061904,2,12.485975377955993,1
2025-06-18 10:04:41,HM-D420,36.5831899172829,43.032736931441676,5.394205229704504,0.06523030360942506,5.641064680611059,239.88625210982212,1013.9946507286963,14.098800326690263,6.913790302948683,998.9320585563547,1.0200455353704747,29.20646202716926,1,9.382794209041158,1
2025-06-18 10:04:42,HM-B210,39.02232300117824,30.512166574998165,6.002510088078936,0.05822805232198726,4.8193518473609505,253.55862245392106,1011.7185740313982,16.601478054282293,7.670848744406711,1044.611496153139,0.9879047966500942,22.38490223111158,0,12.342280859296372,1
2025-06-18 10:04:43,HM-C315,35.22386862541262,33.33672590960864,2.4721344408377144,0.030312188637143203,5.104476107357457,264.97111885807476,1012.0255694930424,17.31417151805439,5.5388780286208865,1184.4624298780427,0.9486636458646845,23.443468779560266,0,12.693307316490351,0
2025-06-18 10:04:44,HM-B210,36.95412744773974,41.33819688030229,6.310958500217131,0.02836407961399321,5.391982007905974,263.6694318979955,1012.0431698127352,15.06915856305857,6.81622857366473,904.4444060034007,0.9788995811905815,18.939133529359367,2,14.094998377769592,1
2025-06-18 10:04:45,HM-C315,40.27945975051894,36.972042663620904,6.337711331382776,0.03662995918942902,6.522506320282863,250.30222198309056,1012.5028647490466,16.963733477773303,7.130479962677555,896.0260436253224,1.0289442984176973,22.219497794691005,2,11.924713819313292,1
2025-06-18 10:04:46,HM-A104,34.628195442697184,34.14271587513433,5.6367405296472075,0.018983019509662424,5.909146891571857,217.89719453369895,1010.8696134426249,18.300656494400663,7.77953779832641,950.3684171766686,1.0470115470044135,22.827496976215368,2,10.769811094235687,1
2025-06-18 10:04:47,HM-A104,31.595386345618422,31.21757166763483,4.368557574397308,0.03378416177889217,5.11704690625954,270.96478214834616,1010.8926721872873,18.83056554493599,7.94430505235737,956.9652439905368,1.015374922685037,22.615951837081923,1,9.823041679266003,0
2025-06-18 10:04:48,HM-A104,37.91614291574493,36.75872863437515,5.462646300783417,0.04973505843126403,3.6256155523371505,204.9596783670034,1013.8145928197794,13.79916355579019,8.095284733231308,1088.6778195108109,0.99814762987259,18.997241603776658,2,13.490013261435521,1
2025-06-18 10:04:49,HM-D420,36.35761377411625,34.85349428390865,4.759326414784517,0.060770145323425215,4.997913102963375,214.97240679221366,1013.8316695400259,15.886754088635113,6.963953248430476,991.7305154305151,1.0011461307865779,22.659744644741153,2,12.052039182172246,1
2025-06-18 10:04:50,HM-A104,39.527155600929596,31.160853673964013,6.452774494977509,0.032422957986420205,5.19472192007308,251.35587037312084,1013.4660254480125,16.4067652372069,6.610614637742291,874.455459889159,0.9634173926225803,22.366912020423857,1,10.837395150208827,1
2025-06-18 10:04:51,HM-C315,36.67371230025751,31.420767293360676,4.4501835531098255,0.06776841737160808,5.433423530438972,273.893571613034,1015.0627844342243,14.962175236930076,7.247090872688711,869.9417959278944,1.0048444498279083,23.267155942422512,0,13.432528450337777,1
2025-06-18 10:04:52,HM-A104,35.48915232109172,30.92763942777459,5.162036645115003,0.05300210933671019,3.6193207598014934,268.8193570303856,1011.676672621606,17.487270682805306,6.98710362888134,1004.5073478089904,0.9264890551225109,20.39780419890616,1,13.692261880108246,0
2025-06-18 10:04:53,HM-B210,36.810456510454465,30.037221931180603,2.392516992543289,0.05391306037852743,5.385685761254814,246.98996823594126,1010.41207836627,15.111723362006495,5.860075127847769,933.3839810080166,0.9940706697891316,22.043614245354476,2,12.198591244311368,1
2025-06-18 10:04:54,HM-B210,39.73267146653303,39.67016879986168,5.4579496837853325,0.021619764920178374,5.460614447879825,263.34251592344395,1014.1779607056719,14.694335497186026,7.331197996613461,1063.2667366560745,1.0849667148393334,30.708459497286267,2,14.00887764691416,1
2025-06-18 10:04:55,HM-D420,38.43842406798094,38.99696679310219,3.875668323642895,0.07615520441547136,3.0481607950462513,218.0363808208197,1010.3795132465029,12.37107268007043,6.468067074549097,991.2395255412001,0.9780526944605169,22.218105463069474,0,13.477028978770965,1
2025-06-18 10:04:56,HM-B210,30.915244358629913,39.678372281928965,5.768699326040854,0.051067289040431806,3.058282372700173,233.14608600544508,1012.7946693290655,11.619890895844634,7.017780611503814,866.4350477999299,1.056059515401479,26.283901917406585,1,12.288022052472783,0
2025-06-18 10:04:57,HM-C315,37.46441873021693,35.02249774384262,6.182637342871751,0.033346652742073254,5.841618442551498,233.60088091548144,1013.4173048946883,14.299680162360518,6.969142813916879,855.9304188706337,1.0335467207348026,27.70188535146103,2,12.176225528546707,1
2025-06-18 10:04:58,HM-A104,37.58940533100351,33.78685606099922,4.085040586858022,0.029817655245132416,3.473798986436028,220.75368511364525,1016.0911865996488,9.198429835400265,8.913238141504964,977.6069164870781,1.071891297018285,16.18988518816088,0,11.997046608563853,0
2025-06-18 10:04:59,HM-D420,36.9543750869987,33.878089450543314,5.046782453701575,0.033790957146003546,6.345282338274021,239.22125137517983,1012.179994667391,17.488999499611865,7.9195733043964385,922.6797767251545,0.85,21.202600195077835,2,12.499994045768156,1
2025-06-18 10:05:00,HM-A104,35.472775271078525,40.10550786453054,5.261742367029886,0.01963324910244532,4.165274597466887,243.73527565019415,1012.290401479983,16.777325639540745,7.712768552332864,1041.1588969001048,1.0088529411919327,21.38401671598538,0,14.74692131303588,0
2025-06-18 10:05:01,HM-A104,39.98632968626611,25.899260890020855,5.5520955978999815,0.05976601088698985,4.961843817321257,236.13117274333692,1013.9916037093675,16.37966454203692,7.9775758660533835,977.1505026537527,1.0294025224058527,30.05673639564415,2,14.280415053279686,1
2025-06-18 10:05:02,HM-C315,40.110084870337154,32.427569483212885,6.184786738465873,0.02168155819459186,4.903555473992771,242.29764930242067,1013.9029984287536,17.225732555323233,6.923184967299984,975.5620401242292,1.0399189671653388,29.531948531652837,2,13.274732834226945,1
2025-06-18 10:05:03,HM-B210,31.492098847935345,30.56327186247791,5.988516764545194,0.04579649677749716,3.642636486418798,164.15522881860704,1012.4849024317309,14.44902935660041,6.204873192190316,851.6611984929038,1.0600640183032473,16.18534155737462,0,15.231191084693661,0
2025-06-18 10:05:04,HM-B210,35.00510130564639,41.79943773294204,4.430164539127801,0.031001655075972304,6.168547596036196,261.5707734152555,1013.2777294442573,15.442524548695017,5.471276327053117,911.8263257210049,1.0348206199855559,17.976851684181494,0,14.213432536016667,1
2025-06-18 10:05:05,HM-A104,36.6381733717857,32.61271238276441,7.397482893731157,0.053415929378366936,4.166429041361447,237.83155084871507,1011.8944777076866,14.257628294683256,7.632729486129161,946.229111309043,1.0118289978569621,26.90166378647436,2,12.270509725535279,1
2025-06-18 10:05:06,HM-D420,39.371270509291676,26.82005582280113,6.127981214181201,0.05613409632523829,4.570546584827198,237.80320338456426,1013.6699998732853,17.218256567792523,7.643180864261255,800.0411561062704,0.9520614131841959,19.91032202473728,0,13.357950024399349,1
2025-06-18 10:05:07,HM-B210,37.08713219097942,36.11711821123395,7.10771658837804,0.02712189875161756,2.121401275031392,208.35141717857107,1010.6094903123663,9.896677965288848,6.592056606600272,999.8489864560141,0.9048554865579737,24.59393262454933,2,14.541307781950948,1
2025-06-18 10:05:08,HM-D420,35.291015499587694,33.14942902553043,5.520060085057879,0.03932252668484037,2.896331410982374,296.53017810776294,1017.3617237516121,17.217688221030336,6.690298618029729,1018.286288019325,1.0669659477198183,21.12422805835428,2,12.633001377304822,1
2025-06-18 10:05:09,HM-B210,38.773833943268436,32.21535596157519,5.608708182917811,0.0111321707681119,5.852554541479151,297.95016150886454,1014.0815982476437,11.358062988460537,6.559125738690899,907.6472933944126,0.9696352859090955,17.715285016516876,1,12.188644753010022,0
2025-06-18 10:05:10,HM-D420,36.471659786122515,31.699840216370863,4.824213422893185,0.0740108635062763,4.493361198610086,199.94326136918352,1011.3475931684171,14.587847984672646,6.560711565758751,1051.482851512972,0.9824873513855179,27.217886337978474,2,15.234851652312127,1
2025-06-18 10:05:11,HM-C315,36.7064978521126,31.502576104195967,4.334338282343457,0.061360062138596835,3.797320310113539,242.93409337932724,1012.5981271712117,12.900835803535227,6.796489768567964,1047.970790605684,1.0452779785331965,19.091918126705107,2,13.322069855827609,1
2025-06-18 10:05:12,HM-D420,36.93210391648981,38.542801574283224,6.463007271656553,0.012089222006049036,3.8166077302811536,277.83377901626056,1011.420256800642,14.7277523396385,7.468875042868429,991.9007730710889,0.9990465293813586,21.48138253946155,0,14.068743245941906,1
2025-06-18 10:05:13,HM-C315,38.43577110209621,36.11893683278922,5.396885936872124,0.02266191589302639,5.158304370800396,239.24395135059416,1011.7720235521646,13.89441272379387,8.049654992881845,945.1356859530582,0.9421365058653839,17.461718093830548,1,11.431894770837786,0
2025-06-18 10:05:14,HM-C315,36.228625995815534,34.01017122184735,4.802654231729908,0.03730363359603319,6.0124453056766125,231.815922132326,1013.3174979072234,14.230486560481124,7.181022355719838,1029.6604780469768,0.9146257035833976,17.55745376798149,0,13.864685151725904,1
2025-06-18 10:05:15,HM-D420,38.71736623161806,29.508805615768317,3.466062521192897,0.040775214401229644,3.825922365037566,229.86743413585398,1015.087387412139,16.09462534773344,8.213083805683567,830.7872553061464,0.9820750236584304,22.236573052384024,0,12.216099445265481,0
2025-06-18 10:05:16,HM-C315,36.817327578982315,34.155533383060394,7.332673306562179,0.02627897398946901,5.815034157222251,259.3811457064817,1012.8482434215749,15.449531854280695,9.097128570338938,955.9883381166325,1.0047957698640768,18.194221998993726,2,12.443606435927576,1
2025-06-18 10:05:17,HM-A104,34.33245853395531,36.30313928800013,5.168938151948855,0.01710144004589453,4.307909204594063,328.46180695261387,1010.1643273147955,16.998351359939523,7.519546433552704,882.4596252205421,1.0398110337957358,28.030069303396346,2,11.054677953216066,1
2025-06-18 10:05:18,HM-C315,36.90805923576138,36.493272241297454,3.1599161341721733,0.04790062621732312,5.10077946784501,274.8370306389463,1012.0791493062355,15.836708926978636,7.150751377256686,896.9766422714322,0.9937545562778886,24.755956704197263,2,12.162841113857379,1
2025-06-18 10:05:19,HM-B210,34.461966492136966,35.804421914958844,5.122133698736785,0.07478968941037378,2.369953369926202,216.74327482171907,1012.1778158456201,11.821724790064518,5.338989705459097,985.9996009107754,1.0010001125275503,25.173934758857705,0,10.36776636328024,1
2025-06-18 10:05:20,HM-D420,37.10246697443986,30.387036665862357,4.698619343299157,0.04109330836809227,2.575587501860275,231.1335087297047,1013.1333879957704,19.70308733610139,7.683246404886316,885.6523359206307,0.9340066730906162,20.82833713027913,0,14.19854882856713,0
2025-06-18 10:05:21,HM-A104,39.073684823078665,22.984117037039905,4.637080399782278,0.03416575591637757,5.484102898030696,241.96737489863312,1012.7885063532087,11.028546504048704,7.24998775340148,827.5743523979268,1.0520659458796422,20.938716855918997,2,11.681408567387521,1
2025-06-18 10:05:22,HM-D420,34.31592748499472,43.99809380025967,5.864389702957048,0.03206321173988267,4.8299315283223,224.2249907704947,1009.7006384907667,15.629102961186769,7.27004875549273,1127.6313586740825,1.1506543842034005,23.774752674106793,0,13.015253669103831,0
2025-06-18 10:05:23,HM-B210,37.9106835145111,28.451815629457343,4.700690717854647,0.018065526987123173,4.984412638029772,218.62947200203928,1011.612587617685,16.47177160189252,7.021816180421935,901.6461546775487,1.0650595843564088,11.183494558127126,1,10.762800310531887,0
2025-06-18 10:05:24,HM-B210,34.92740635411698,25.17521020666531,4.541751421879262,0.026560304970186473,3.205477140643061,272.49789509424494,1011.3387661989367,15.585382605924334,6.852171256947058,882.485475406298,1.0605352606612202,20.17880033116292,1,13.233104047248705,0
2025-06-18 10:05:25,HM-B210,37.504251399791364,35.65257806502048,7.043607105408288,0.06272222160727325,3.9933180896178238,234.911951027714,1014.3461451581584,14.599867910520816,6.400784548091083,1045.5484966147974,1.017255505605908,14.718179142187633,1,8.707134244273742,1
2025-06-18 10:05:26,HM-C315,39.15051060505121,26.457407483846396,2.390649537107028,0.005,2.4933024133800257,261.15444458041407,1012.5724795622289,17.973123853633886,7.846035462947155,901.838310648993,0.947744914934144,22.90927178933544,0,11.145286489626436,0
2025-06-18 10:05:27,HM-C315,31.676217314724894,30.976006257125572,4.922926538158585,0.04140206647294604,3.483062178120681,303.4728615436906,1010.002083392423,17.246441017943717,5.0328650148261485,848.4212531114525,0.9569113057399575,17.373523271653998,1,14.532594184559173,0
2025-06-18 10:05:28,HM-D420,34.21381043282164,37.74425212904414,6.39327779098822,0.040559093337187116,4.472565676648465,234.26994489243373,1011.6973991383724,14.957494844104035,7.554719342806338,876.7605005813789,1.0329323254822642,21.516277998987057,2,11.509739021485075,1
2025-06-18 10:05:29,HM-D420,36.07755138722519,43.86343634237023,5.9403986733387,0.04236798666979289,4.8933924090340595,258.238779261315,1014.7620339539841,14.101877499953844,5.987408213801763,915.507828610993,1.0445397628022244,18.450587096823917,2,12.188910329450287,1
2025-06-18 10:05:30,HM-A104,37.78760122295404,36.93755904136189,6.530072889914927,0.05454835416847037,3.6444842234705948,219.29131782603935,1012.1013104006885,13.365242035222906,8.223255352625094,864.3339176908024,0.9530433774230095,27.709993513470195,2,9.25261413773758,1
2025-06-18 10:05:31,HM-A104,36.58404167660419,32.8042036456156,8.032357819826005,0.041223225271379484,5.162584241259933,262.46530495226114,1011.9809442010602,13.524848094879907,6.933844151731836,883.3602620449926,1.0227284411625903,31.04444959095465,1,14.530140925603884,1
2025-06-18 10:05:32,HM-D420,36.885298045047705,34.74290222796579,7.548427615837988,0.0309208113535797,4.454063681137042,289.0013320744378,1012.7445540763679,14.880183502274303,7.647569054472983,914.2080743190289,1.0056562262618636,25.667602062499277,1,12.114901878691917,1
2025-06-18 10:05:33,HM-C315,42.10746131337814,25.957070214125487,3.266697929175688,0.026867544836224312,4.228884223736659,287.45341404276235,1013.3384066913593,11.688435805108398,7.353094756031474,1027.725982941329,1.0247576058554768,25.891833672166406,0,14.480084058184598,1
2025-06-18 10:05:34,HM-B210,33.96885680287693,32.74623945417425,2.5839448758387555,0.06596687526296463,4.600357443107034,251.26918022896697,1012.7859181911386,14.986622138298102,8.155746354691681,1115.778787112155,1.0178876079236272,21.829542688010257,2,11.46924818428731,1
2025-06-18 10:05:35,HM-D420,39.838712540906926,32.75109198036528,5.490278610047773,0.06082103955111608,7.019543071140197,234.43106777138925,1014.5347256416836,16.606464205249356,8.675982951636813,1038.719083925155,1.020464641131851,19.48750861511685,0,10.278612963234718,1
2025-06-18 10:05:36,HM-A104,36.125054682113955,35.7666433106859,2.968823477663569,0.09755275039222583,4.306791787194478,257.1041180093969,1012.7860145717889,13.873993223240614,8.127514811682959,931.7797678191152,0.9027292548297822,14.291278475938533,1,14.619130205332603,1
2025-06-18 10:05:37,HM-C315,38.373686981246834,44.710948063468855,2.1102960197073855,0.03438023142634802,5.642692311466688,251.53334510192764,1014.0113972710687,14.954373093644492,7.694903890453766,837.1528949917457,1.0911937198039918,22.72761576652471,0,13.091549233813302,0
2025-06-18 10:05:38,HM-D420,42.322366389364,25.316023556338806,5.47436428679238,0.027235739853907363,5.15554233325391,263.83415154711935,1013.2950312928549,15.614811666958534,6.972978587984219,1006.1179944976233,1.070767274380258,20.795618207173394,2,12.656872307226534,1
2025-06-18 10:05:39,HM-D420,38.721695059213566,32.96161194212757,5.8505679882278505,0.049063337926010024,4.202208746405881,230.9656056677172,1011.060498510235,15.968876382395285,7.588299211862609,868.1405047818207,0.9992522232595432,22.897411702129443,0,11.596692424347827,0
2025-06-18 10:05:40,HM-C315,37.931239274475,25.83245228004077,7.56671096832352,0.0485803298372611,2.6396566204304124,237.99497086505423,1015.6779511491258,14.599761515617875,8.022868586819554,920.4482911594747,0.9409950438671426,19.156726051879065,0,14.29162936217082,1
2025-06-18 10:05:41,HM-D420,40.997805837873436,32.48317953374746,6.152646604985636,0.052727101577655665,3.747327308669277,243.45087757431648,1014.733524287241,18.5213358187304,6.891183224180107,1079.2723351058885,1.0281609634837166,16.034374346318632,1,9.736190317535574,1
2025-06-18 10:05:42,HM-C315,39.81199661148298,30.67698929441003,7.879340128954466,0.05694261754712729,4.591660192204156,269.9939272379638,1012.1498316892792,15.006855246899491,7.25462299204618,1086.3518496838585,0.9269035032531701,17.36453050244317,1,13.702828436097136,1
2025-06-18 10:05:43,HM-B210,35.00151480959641,27.528268462493,5.533331278003967,0.05253347224206681,4.374267868313868,273.9753840151538,1012.8333121204116,12.341199735683539,6.590040819969703,964.2597246577823,1.0838475747506044,28.126652238454973,1,10.70757262894972,0
2025-06-18 10:05:44,HM-C315,37.73631185613464,39.565460152648896,3.295594641980964,0.061500632119664084,6.055959807808964,237.05312677396043,1013.9227892335223,14.228956356375338,7.893552542867512,1048.1506219126509,0.9919292371431623,29.741352332184608,1,13.189078460234283,1
2025-06-18 10:05:45,HM-C315,32.7062606646481,36.27823851925215,6.233280584257436,0.06416010621170973,3.619797950159044,215.47047457228524,1013.2700407336956,17.596285649362834,7.601053696112033,1045.3253253205773,0.9701790639192578,15.713279098365728,2,15.488489660532,1
2025-06-18 10:05:46,HM-C315,35.649616529064375,38.979278148270225,7.001469649279731,0.06451689433062918,4.3238263580098915,260.8792187650427,1013.1605869101509,17.439453601294474,6.183636093515763,1002.592130645976,1.0291820952838293,19.318402118248606,2,12.439851121221599,1
2025-06-18 10:05:47,HM-D420,37.78513241899965,32.341730876662524,5.586626596867358,0.005,5.143637348246268,271.95744646058233,1013.7584006541631,11.560457764079063,7.470325078798981,928.2885621848354,0.9765223828093702,15.014495650423736,0,12.370468888999824,0
2025-06-18 10:05:48,HM-D420,35.49473661804685,34.64641762109959,7.17582569803361,0.04464761805141881,4.16623624761074,245.97547111770524,1013.5301973819036,14.404698491248508,7.043628506946755,905.5415455137686,0.9859989932527278,22.24501307654987,2,11.72687177125498,1
2025-06-18 10:05:49,HM-C315,37.68341686492981,42.97320320608157,4.8151239304457345,0.02153579622910909,5.6684082079607965,228.59172696887268,1013.5370246837331,13.944891144045727,7.30174098287657,953.5576165290859,0.960320404177335,22.348814475803756,0,12.264025490368912,0
2025-06-18 10:05:50,HM-D420,36.966538460867405,34.986399024454435,5.818848675672986,0.06110895531404065,3.1949187942284993,235.66090628832205,1013.1370315104795,16.558200246651516,6.639850647364302,847.3419544038297,1.0312542903297857,21.53667617284715,1,11.835534391951029,1
2025-06-18 10:05:51,HM-A104,38.341041830987606,39.039782745797204,4.738501877987196,0.005,2.676279386306724,299.18018206324103,1013.9583495912614,12.723855161324785,8.254039586544359,911.8271122906409,1.0153751570381213,19.985147240585118,0,12.533036673221153,0
2025-06-18 10:05:52,HM-A104,35.93950244492972,31.912718486416356,8.568565387095655,0.06938450555466485,4.156295286020931,256.65190894676385,1013.3145293890841,18.119972176826895,6.67595303070802,997.8660747557942,1.0525173329974935,22.980694399086868,0,12.070844278252292,1
2025-06-18 10:05:53,HM-D420,34.64962771390822,38.5800867168213,6.261891029490817,0.02270600571264695,4.414755790544661,280.4017403625552,1013.3522176726497,12.060235124502004,8.900429342409506,899.601594943759,0.9187443915439326,24.604938430349108,2,12.246474542443123,1
2025-06-18 10:05:54,HM-D420,40.69531706543315,32.25540320097349,3.3249423037231893,0.01812272720036933,4.761721056535242,225.90722202913742,1015.0622977881419,14.719677468902534,7.319803571785591,1073.5683130302498,0.9391408810814745,24.775240379544968,0,11.656496574323116,1
2025-06-18 10:05:55,HM-C315,35.76075814327514,25.517888119701638,7.7788962027119295,0.047124986413951506,4.666145619571192,286.30736543253346,1013.6501689521208,12.59047083930288,6.965156766311536,969.696309681147,0.9741195341695026,26.880031048659827,2,12.311156704796007,1
2025-06-18 10:05:56,HM-B210,38.650026482792796,34.96208556039479,3.9002303624639176,0.03253458485338295,4.0099244045567435,276.8405865559017,1013.4958270242744,16.313676967915637,7.559157893294568,1012.6162695215395,1.0555620723887822,20.603631585993742,0,12.441719649166407,0
2025-06-18 10:05:57,HM-D420,40.58811756618134,32.64848428698019,5.0205439393498095,0.07558778615208486,2.690438664755093,246.92755236707973,1011.666816440342,10.883715212378698,7.447293059447196,932.958277590936,0.928746681232228,19.658740060436052,2,14.993534898364748,1
2025-06-18 10:05:58,HM-A104,37.40667499749383,26.87609320301369,5.702451193738491,0.06726066294255192,4.357549472863534,268.2681964335473,1011.7423740638665,14.657194563407742,8.783704259531921,1000.5440529109396,0.9575213368664475,25.811193281628192,1,14.888409370311686,1
2025-06-18 10:05:59,HM-C315,34.85923357639213,35.95746425836587,5.824987962265481,0.029783305950438474,3.2529064537226793,288.8180292126249,1014.7125562684522,14.617825351162587,7.571712490254769,859.658728127284,1.0710216692209575,19.75169221224699,2,12.990237318125422,1
2025-06-18 10:06:00,HM-D420,36.55347506363164,30.532367575233394,5.7255833352325975,0.06084969920411607,4.584667423054581,216.75935913448598,1013.8559643555267,13.207994596248943,5.716505320386046,983.8524538145841,1.0264843278707685,21.14572433656278,1,11.833444549147002,1
2025-06-18 10:06:01,HM-A104,39.543852291516885,50.46320639231341,3.3004317419908196,0.02909426199394495,3.1704089698678164,234.22799066690428,1014.3763418214186,17.437238689662983,6.692509256451081,991.3563748420306,1.0540169903976924,19.809529090245302,2,13.021269450868699,1
2025-06-18 10:06:02,HM-A104,37.51561886434466,27.67778883293166,5.730551952743165,0.028921707491679764,4.955052133275084,265.72101794433615,1013.296503835274,18.40740127676758,7.848257827362796,1052.6531658225028,0.9954457552478884,28.792334273007206,1,11.273184719128478,0
2025-06-18 10:06:03,HM-B210,33.98714551948931,28.935375287749302,6.650968905703554,0.054283695161258576,6.5014943051609535,250.60744799092961,1013.5962302198375,14.194263111063883,7.060981562463471,789.4485883958597,1.0884154049427304,24.339525483025295,1,11.668892504926454,1
2025-06-18 10:06:04,HM-C315,38.49160958383428,39.34775553323895,6.607796044991237,0.06911682180938306,3.628833872195287,262.3386701357792,1012.7813735154061,15.258698943338976,6.798331079612737,896.2773262192748,0.9274459420610975,17.46193089863509,2,12.583732193680133,1
2025-06-18 10:06:05,HM-C315,38.923828672627494,34.33489059679955,3.047281109821944,0.031178549643757016,2.981874290192517,270.6446457393549,1012.9599096707548,13.765433585447052,6.6636506578439665,807.595699226033,0.9892794720696255,21.994596369642633,1,11.504693080192226,0
2025-06-18 10:06:06,HM-B210,36.111720284705164,39.24601154631109,4.016520677778458,0.03270142452995714,5.873412155621595,264.95866912429,1012.3748269201852,12.473919752620136,6.464007191056936,882.8353713023022,0.9851716299681322,23.621012995237667,0,11.53422052416707,0
2025-06-18 10:06:07,HM-B210,38.52561093901186,36.901955269489505,3.4332175306986796,0.04602409438183442,6.6204010531085,242.41492951803002,1015.0005865709866,12.764642661779064,7.403679578872642,941.4299942389024,0.9857897392800055,17.508078133106984,0,11.80166144021856,1
2025-06-18 10:06:08,HM-C315,37.61254648865117,32.08846436034409,5.509719488000674,0.022120190510608043,3.00530318683359,244.4814010469063,1011.9322870496084,12.817488277718194,6.667914584695919,997.2033140470323,0.9372244593599307,23.417223903708322,1,15.928815612000545,0
2025-06-18 10:06:09,HM-C315,36.506426153394905,28.10453803460184,2.6725283263286586,0.07130820779652505,4.390160919887834,296.66014102613417,1013.4613136747912,17.49819329974802,8.275836276601481,1129.742751200798,1.0277239595903902,21.396401423580993,1,12.759620956579951,1
2025-06-18 10:06:10,HM-D420,33.766160641015844,40.35541540364016,3.3158858415777974,0.02192894782876729,5.084107850075087,252.5860706713465,1012.7650394376665,15.860094277270054,6.536879344662811,1058.0372104230041,0.9387689248240002,17.099313836847625,1,9.905350335070995,0
2025-06-18 10:06:11,HM-D420,39.6948847377644,28.557749072053504,4.0022975155231535,0.027336124689280095,4.187691974854413,290.6595335769376,1014.4277131780154,13.093779150085995,6.158099401083899,910.987158976394,0.9333822104199304,16.61237731143348,2,12.792789834490934,1
2025-06-18 10:06:12,HM-B210,38.89802749979958,37.79452980582081,2.3048148316539163,0.07534478142079074,2.398066431233863,292.7447400677425,1013.341459885096,13.272465912087807,7.184781989361595,1007.6612411989872,0.8703548192145503,27.475358837572013,0,13.185671484421352,1
2025-06-18 10:06:13,HM-D420,38.45971573593828,39.59499378628424,4.958301344211355,0.04429176857777005,2.8525059719332875,226.57153474802325,1013.6922503509744,13.005894087240643,5.571498858660156,1048.0133728255144,0.9628920979945221,18.644872582144437,1,12.409329789884822,0
2025-06-18 10:06:14,HM-A104,40.86131500919524,34.365410979850196,1.8402571414878572,0.07887166857639212,2.978648153665496,272.0652973814743,1013.3113681325653,11.24294401278581,5.275111457960214,942.0124500692257,1.0073353229804562,26.032083586606518,1,13.414339462692896,1
2025-06-18 10:06:15,HM-D420,39.362984317533986,33.47926232156099,5.728017154315299,0.03561444958631067,3.2518750773334624,217.59364591830104,1011.5117471128561,16.038298329880824,7.699706675331493,944.9271305332813,1.014422619878379,24.626692276808413,2,11.64523096081692,1
2025-06-18 10:06:16,HM-D420,38.71641501537891,30.0813694766949,4.40446754199669,0.09039037639744713,4.60422149430893,298.5150013948599,1013.8255436588479,14.745496436898529,7.243746330855589,931.6340147605937,0.9887981700249645,19.506502849473755,0,12.28231987580186,1
2025-06-18 10:06:17,HM-A104,31.466931629932922,37.31371358352151,4.064025189145337,0.05231299960992296,5.81727580948096,255.65676410264612,1012.8512062142516,18.419528942912258,5.530940693133299,988.6524668979699,0.9665172797570584,23.99587409380864,1,12.36830602433987,0
2025-06-18 10:06:18,HM-B210,39.99223737950604,20.0,4.308877067646113,0.024951280947761674,2.871046637243058,254.20050732625944,1011.8579109400164,10.832946335741855,7.272662388694608,983.0886611345387,0.9797226719056659,23.31272450541784,0,11.467958134466716,0
2025-06-18 10:06:19,HM-A104,37.20770128570513,38.57863169528405,4.909420861556928,0.024643247626506173,3.5569072872952763,224.04626919026825,1010.8837236631188,16.696422879344464,6.966610137902798,961.3648233795451,0.9662692462000289,25.626612554309467,2,11.075760015876655,1
2025-06-18 10:06:20,HM-D420,37.78122920064285,35.59738170487857,5.8892992741146735,0.010855841783978228,3.1680472371509563,231.7962752986213,1011.7740901795843,16.8739034853963,5.981387178443329,1088.9850195573408,1.102697359488699,22.6991865786496,0,12.616024872603221,0
2025-06-18 10:06:21,HM-B210,37.79833297423347,33.88592150140159,6.975645910395676,0.013043701079811884,4.846096738271384,256.7856969566838,1014.146133584826,17.136734930583422,7.7849784255963455,1030.2854809327382,0.938584566018129,20.672317836294102,1,12.844194382832848,1
2025-06-18 10:06:22,HM-D420,38.9345818591057,36.21151137331924,6.520858722822432,0.02680936831101277,3.513691005669918,252.7297628570112,1015.6428107556125,15.491290340413483,8.414799341290177,820.4463469045123,0.9612321936966766,27.294855729721654,1,8.296007735270749,1
2025-06-18 10:06:23,HM-A104,39.805437572004216,28.132218040339357,8.347532484164924,0.020168031208337628,3.28713529982808,238.44649701515527,1013.1775949928073,16.84547931910938,8.739981302995105,806.1145314432349,0.9999754015722849,24.923901745274225,0,11.727075301035672,1
2025-06-18 10:06:24,HM-A104,38.585602857648055,22.935036559620585,6.012945814066175,0.005,2.5835260863340532,276.3501713677174,1011.5049060337213,15.611524021559903,7.461497879224959,983.3895297307787,0.94519200476645,19.426881953280564,2,12.074144199255493,1
2025-06-18 10:06:25,HM-D420,38.18821397329973,37.342875349769805,5.210472653560899,0.05683041983761863,6.131658970915716,249.92616410302094,1013.62456920425,13.502931229994614,7.217941272959645,941.8857252286738,1.002304657113238,21.294324893654316,2,12.772633595581125,1
2025-06-18 10:06:26,HM-C315,37.578781848238926,41.58273086092345,4.314452271002557,0.05550675441812107,7.127474610337286,219.6800902335843,1014.6160751251749,14.197575450774737,8.619356621479653,810.0007017436949,0.9180940499057579,27.198869015232056,2,13.731223065741109,1
2025-06-18 10:06:27,HM-C315,30.0,26.302990140316314,4.364301564586203,0.04616753753951568,4.601008040434229,271.61143947311785,1015.8818496448865,14.144179389588741,7.401867512015503,797.9956985228177,1.0061929141544177,27.994771827486126,2,12.03185707835822,1
2025-06-18 10:06:28,HM-A104,36.28102245137453,29.737599615017935,5.808557039848882,0.017300671660944858,6.282714387557577,215.2217145559449,1014.8961726883487,17.327607445945706,6.927474805372438,930.0625598093836,0.9777875673957842,21.287154682581267,1,13.371660344552337,1
2025-06-18 10:06:29,HM-A104,34.64602620662339,38.76162446513718,3.500833787332694,0.07293584217510625,3.819706592699053,192.29688277624237,1013.3364046123702,17.558843559193694,6.6752527611388,970.5526127044733,0.9627335717332796,23.950206880753573,0,10.434679135546101,1
2025-06-18 10:06:30,HM-C315,40.026848847347715,36.79444879973426,5.343464208787904,0.03643663819406855,4.498923444340324,252.88470369958884,1013.8626165844187,16.629092047864084,7.642992736414943,973.5105804392473,0.9854068676063393,23.443544938160027,1,14.511467657907332,1
2025-06-18 10:06:31,HM-C315,38.54759299571573,49.81554228153354,4.971702656294173,0.023335343890304727,5.281527837871534,219.0793999350579,1011.9160834635268,15.12260802722964,5.890689618964733,901.5330997490219,0.9729521862644579,17.59880736111225,0,12.423815124540498,0
2025-06-18 10:06:32,HM-D420,35.854657531965664,40.37828734412949,3.907854415246568,0.044651722646866496,3.597879071876572,255.3433615854063,1014.1954249832604,10.885127284296857,8.127670729525217,905.4316687225806,0.9798566413443593,24.039158323867262,0,10.241317486929756,0
2025-06-18 10:06:33,HM-D420,36.10570704432689,39.177122359465244,3.4232145605507274,0.04350478343097418,4.308658370477859,274.4907430532283,1014.4009605629935,16.64720876303112,6.087406313760317,909.7899935761006,1.0383305698973317,13.390777967251703,2,13.393714588109257,1
2025-06-18 10:06:34,HM-C315,36.015046591743946,31.181056500025587,8.787076252597762,0.005,4.160538600828749,279.5351141672029,1009.2541145718607,16.563309335921247,6.5217773490578175,989.4453217549382,1.0899508622541667,25.63888395036405,2,12.102281339878099,1
2025-06-18 10:06:35,HM-D420,35.9704346142027,37.624028981953415,2.9051432506725634,0.03938109250292219,5.0252862864561525,264.92944585948686,1013.2140182891407,15.569719166802987,7.447347913116755,827.6513060007857,0.8647765920278567,24.083323104931935,0,15.254541795166748,0
2025-06-18 10:06:36,HM-D420,33.388606391188006,42.47706831237685,4.898362153480076,0.04241078050939414,4.5744754376383385,210.21810261299441,1015.235131632272,15.958685585074647,8.596486350649855,951.5529467171111,0.9883936315405626,9.896794759438027,0,14.894719805193848,0
2025-06-18 10:06:37,HM-B210,32.84680126680558,34.17804617463547,6.833875712235809,0.032425176519117006,3.627113358485074,228.39543851237553,1011.9931495402692,13.37659342319127,6.985114255578168,1031.5414782356388,0.9358611820943754,18.140623166834082,0,13.832061571444493,1
2025-06-18 10:06:38,HM-D420,37.07261693095436,34.41392713131434,5.793585297392418,0.01357090278037635,4.138931207012176,250.16246349655992,1009.8117796873712,14.31327455593034,6.359342597319788,921.8708412288787,0.9829403493903608,14.95470982519657,1,8.181931085701144,0
2025-06-18 10:06:39,HM-A104,39.68828534839839,35.706767633034666,4.289696666066509,0.014160107833222645,5.837692305133326,250.4523901818819,1012.9584952025609,13.358752993420872,8.05395968360721,962.8291489978246,1.0201366123468258,17.89880908253195,0,12.159482109873753,0
2025-06-18 10:06:40,HM-D420,35.655775756430344,31.677506592638824,3.2117792966819927,0.05028130861637959,5.158626600199464,221.74271416404127,1014.6140615956468,14.68931190726564,6.847253820545402,983.2548324657478,1.1193591033605652,22.534830296593217,1,14.403861474405472,0
2025-06-18 10:06:41,HM-D420,37.758611877310116,36.34481757061657,5.194679664889287,0.05523201965880388,5.0542151555339405,236.12701701756484,1013.6009170100556,16.754092728974356,5.856644046002995,897.3578917660018,0.9838809587884969,28.969097536154518,0,13.760979918993126,0
2025-06-18 10:06:42,HM-C315,38.835652292941816,36.21986069137841,1.0407271262976785,0.031039810102055386,7.2072015119459625,274.3107437527304,1013.0404066814485,15.877458488090763,7.684896733526134,941.8742354817224,1.0064931372931478,24.06761713533188,2,11.116471666407852,1
2025-06-18 10:06:43,HM-A104,34.516554486040356,42.399932065903286,5.254800590593803,0.04764635464085511,3.14286004055007,265.11231272730004,1011.6115361221218,12.911270506863566,7.022221273562488,845.9884229294785,0.9543045712553073,20.480543960652405,0,12.343366487543367,0
2025-06-18 10:06:44,HM-D420,36.95006142820024,34.053037787446485,5.05223988034181,0.030841634898123083,5.351711203558532,240.7463915624239,1011.3526339489073,18.664103407765047,7.0048040003263905,988.8861945040233,0.9516914072603205,24.869752643373673,0,13.39144285625023,0
2025-06-18 10:06:45,HM-D420,35.333698796816215,38.373642730317535,6.605182892789899,0.02293521994513733,4.565764473500604,280.8895723251856,1013.2741572519406,15.346125898181077,7.789649208979641,963.0292322753763,0.9493107895982182,24.479683418725415,1,10.109204153119414,1
2025-06-18 10:06:46,HM-B210,41.015298729578234,34.20217359003974,3.2849903853733506,0.04428993772177313,4.912579772817246,210.20471518796577,1012.9122056414352,13.651894969368426,7.86214272604573,1043.2947141267998,0.9641218627677878,27.786571012908265,0,10.239058432769188,1
2025-06-18 10:06:47,HM-D420,40.90614876715529,38.19879720891122,4.514792900230901,0.017018099954929623,4.7187390546361945,274.66607148355996,1014.2787609367521,14.397844549769973,6.598782688813549,1020.228010123697,0.9762638577158013,25.35029180302735,1,16.155322839164157,1
2025-06-18 10:06:48,HM-D420,34.51914290031287,33.74970772104051,5.655352470256276,0.07787568179664098,3.6581931199603726,270.5378126056564,1013.6609018263742,13.890280620679514,7.297872634722048,1044.5177398299138,1.0710773661950452,22.022351208547082,1,12.038359369074088,1
2025-06-18 10:06:49,HM-B210,37.964710957710814,37.867364934726034,5.308351638055343,0.01124972574337256,3.257938361129819,272.40077030941006,1011.8854041605573,15.452322700327224,5.953364542405777,1048.290761522697,0.9826881434550899,15.974989570827944,2,9.635329269063606,1
2025-06-18 10:06:50,HM-C315,39.66899825203123,38.64117914544224,2.986030254634371,0.045676547284585256,4.499798658842757,258.89384923898945,1013.3841992760094,12.354429313560486,6.994303478215789,892.0812760727723,1.027753722186861,27.39863115853784,2,11.46107264460738,1
2025-06-18 10:06:51,HM-D420,39.12082375094082,29.666719334710955,4.028747404424176,0.043004786651192985,3.5613898683321636,230.4025443760182,1013.1356329682691,15.588687455577375,6.49796305646743,988.3638346865758,1.0147038837651174,21.50352684718693,2,12.98763951244683,1
2025-06-18 10:06:52,HM-B210,37.20390758746091,40.511877103353,7.099867340347091,0.04122951361444734,4.056473926517431,267.75975462755474,1010.5038233661734,16.68015427356192,7.03175980835475,1003.959642587792,1.0476117246236667,18.445485256373736,2,13.692869955225053,1
2025-06-18 10:06:53,HM-A104,40.26639365441087,34.16761306525989,5.388989577936673,0.06966786792046858,5.457792306308973,237.53136460096232,1012.3713046850892,16.31934969538333,6.872279446787415,900.108723235755,0.9048952096164908,14.06289210432431,1,11.511966769433311,1
2025-06-18 10:06:54,HM-C315,34.738713277526415,32.651016526869256,2.5038257780341557,0.005,3.027738487857648,256.1571446136879,1013.0900965553155,15.529725432076246,7.0545098741001935,1048.6555482980064,1.0171512522016146,17.401845523437835,0,10.70468097856556,0
2025-06-18 10:06:55,HM-A104,36.24226763901327,31.44995944164989,6.324848220016005,0.04823464210977817,4.269945444606286,228.16301684037649,1012.8299469586203,16.151288061927787,5.862863594661231,941.3007794010807,1.0114809743429498,23.609472673760223,1,13.806648601105914,1
2025-06-18 10:06:56,HM-A104,34.80589395060106,36.491001390491206,2.6011029109208295,0.034532450052445984,5.765419251589638,239.6532582383274,1013.4736106766408,15.784685633501976,6.1456332569412115,1001.171252856818,0.9950083891427696,20.442318999182262,2,11.08290901471908,1
2025-06-18 10:06:57,HM-B210,38.95623373675156,34.97689155548239,4.539469253580872,0.05167951591027747,3.891389957516629,245.7025295108764,1013.1175257984996,17.09331054422191,7.026566157479446,1038.2748943817776,1.0538144839159016,25.967105543930177,0,12.120434402193895,0
2025-06-18 10:06:58,HM-D420,35.543407814251374,36.85403592770843,5.844914831864717,0.041093645516365185,6.263346266178045,261.99171713196824,1013.511029787213,14.520968168344071,8.395536325932172,984.2305168840048,0.9939572482837287,28.4781477860157,1,13.50714273053007,1
2025-06-18 10:06:59,HM-B210,36.571877061407285,36.9511039215924,6.820558820028104,0.038499592405070636,2.639047002492275,267.0158191840969,1013.2503053237757,13.172922108769345,7.785619199735377,1095.1173699963701,1.043946272962208,13.460571341992825,0,11.7711874714282,1
2025-06-18 10:07:00,HM-B210,38.54417592066437,38.042923226750894,1.493113643508801,0.0158537066855657,6.683261448659209,300.87098233588,1012.9651581259551,15.731355132219205,7.547195881353168,1143.4623695330035,1.0085034600292213,17.92884554934461,1,15.509555748255702,1
2025-06-18 10:07:01,HM-B210,38.74562478444454,48.881420580765294,6.0673851612060465,0.02653724999178885,4.521580083019891,254.44379400841058,1013.2393153595547,17.167595152488595,6.723639685063487,951.4395343232693,1.0123676126829229,22.554685410131512,0,11.221691854138989,1
2025-06-18 10:07:02,HM-B210,34.73218413436187,35.19845878665925,6.292586960075701,0.1026301976390549,2.905632421934289,221.5681126609353,1012.4576960676621,14.218857189923881,6.444362983292328,1026.5846633644853,1.0158089281987983,27.921217760868632,0,11.948042116755296,1
2025-06-18 10:07:03,HM-C315,39.64163820943198,31.327133067137133,4.164476797762805,0.05186204191885388,5.499813169367327,273.9989689151819,1012.3764692624328,18.195185151194444,7.699738918236677,1139.4822729113193,0.9900314402635084,18.64880263424383,2,11.90697272978878,1
2025-06-18 10:07:04,HM-D420,38.139224171668126,24.900933338308832,5.136363634151524,0.06105186348744092,5.017002139111829,260.1290280824419,1013.1475995946581,15.763191966520555,6.26801962058125,900.5918194024232,1.078198666205334,22.901914505297206,2,11.544890117123613,1
2025-06-18 10:07:05,HM-A104,34.295742901048996,29.023416009047068,1.0,0.03296206352753686,6.158577340020821,244.28885601739213,1009.9864607235357,16.85669784702232,8.505543653280293,727.0114910710811,1.0537793347545201,17.63855382489942,0,14.127241589165697,1
2025-06-18 10:07:06,HM-A104,33.680710260608464,41.176743253764556,1.0,0.022887812628468812,2.6567508833945226,237.98575782035923,1012.443741785938,12.676602347409176,7.165271701590483,1027.09286446149,0.9970232357252302,21.663570121532352,0,11.977368621434335,0
2025-06-18 10:07:07,HM-D420,36.96045072434483,38.599622533865535,6.662799080012382,0.05552855548895971,3.184660153683086,231.45290726479536,1011.9407417664592,16.581800953073603,8.811675063814159,919.1030911790841,1.008549220496677,22.551528545195318,2,16.7823489713635,1
2025-06-18 10:07:08,HM-A104,39.125234973292024,28.250069767425032,4.191657156521047,0.005,5.424062136888837,230.45629941164646,1011.7554273752777,15.935923715320842,8.562687489043578,853.7926606677986,1.0240494676226042,20.700053210586855,1,12.652180795725677,0
2025-06-18 10:07:09,HM-D420,39.18928965600245,47.3210622049961,4.480681652746791,0.02698523001243895,7.559443121383268,213.3860275184155,1012.5271626033027,19.223900638094776,7.537042411615305,892.9938403609572,1.0405033567484039,28.5509335940895,0,12.829031307165572,1
2025-06-18 10:07:10,HM-A104,37.890417193062106,36.63382238830754,5.35201460554104,0.03290849090525398,5.190298419492436,278.96529760281067,1010.9895001911993,16.031942958319203,7.505346993020305,825.1725178697906,1.0806350762020998,26.76099616863485,1,10.150834039268325,0
2025-06-18 10:07:11,HM-B210,37.121687095817066,37.301583599401695,4.4511016838346915,0.05889978206737308,5.376104140126082,263.04398683071474,1012.5343249903115,16.307690325490498,6.683994290828325,1085.9004131934173,1.0453388503375154,20.72330442068832,2,11.632218688398012,1
2025-06-18 10:07:12,HM-A104,38.27934417269751,46.2211258996804,4.311961799694577,0.04827425427242619,3.586482567343059,252.79172417184722,1013.3469891415148,13.35985094400677,8.257620534856988,1066.3072924973112,0.9912787920015356,20.957027698709727,0,13.526174727855466,0
2025-06-18 10:07:13,HM-D420,34.86167371402686,43.69727860414106,5.591733592865074,0.03054200542734782,4.281780195529072,231.3775184884384,1014.575630595638,15.634745019408799,6.894893194221571,931.6163125452513,0.9591227673757285,25.188519948869637,1,13.317779354395926,0
2025-06-18 10:07:14,HM-D420,41.21746965756348,38.9056873791608,2.7566956134809177,0.04737946024204691,3.756198603326915,282.681051283328,1016.2987596914937,17.291554514530294,5.849279534131648,938.4377405304785,1.0496085669013566,22.190373375019746,2,10.907604744535721,1
2025-06-18 10:07:15,HM-D420,41.1848460453063,39.14606970413128,6.73987647779089,0.03393696322046648,5.102811274132469,207.38092305853445,1010.2571741400957,14.306725272396708,8.12313810635456,965.638937122251,1.0144516911070505,22.050549038402227,0,11.808568027031974,1
2025-06-18 10:07:16,HM-D420,38.07203078655174,39.613925480854334,4.65462496268847,0.061400755178686484,5.615430778074776,246.07021285521552,1011.5991296635336,13.576256180004364,7.636606282226081,1083.7995435756986,0.9508722153585449,19.25190318026754,1,7.682297510000517,1
2025-06-18 10:07:17,HM-D420,37.49325104998213,33.79516434143992,3.4915122488886907,0.04472313444154165,4.722860140200516,279.46439102276327,1012.5339404019072,19.01758277411446,6.788050094950004,865.1736055324823,1.0426675725209733,24.395221480085617,0,11.313775097472234,0
2025-06-18 10:07:18,HM-C315,35.97144756835157,36.433964487720985,3.2896854732165024,0.07472885609532587,5.4545272352458944,190.22114737683353,1013.2074049999987,14.444735897182925,7.411959675127413,936.7406218304673,1.075821020291925,19.4407966970125,1,15.09191464992941,1
2025-06-18 10:07:19,HM-C315,38.32187211449915,37.87160247037356,5.063977829682985,0.034444113453391205,4.465505870457851,255.28149716570124,1013.5468071686439,16.810049879574308,7.226172826761541,1049.8265646416462,1.0003547791175478,19.439535611139366,1,12.849909501562477,0
2025-06-18 10:07:20,HM-A104,35.27170657245806,34.36608702810794,4.540463435332435,0.06450790465719346,6.089586433122117,230.19528842787756,1012.0848161896589,14.044297828310436,8.38257672892279,923.2260126415232,1.078330229547213,23.15660579766592,0,14.183580961533401,1
2025-06-18 10:07:21,HM-D420,31.440969922511172,30.172902451422235,2.6767398882218605,0.04180827987390377,3.466139060528584,253.63483273545606,1009.2084824039724,14.124185255027548,6.394432578829989,883.16678183863,1.038309452605366,22.561978734972417,2,9.97364400177383,1
2025-06-18 10:07:22,HM-A104,30.214731748772284,33.66934799345666,4.097247341932795,0.02605512698215335,6.199123578154733,238.76648101104206,1014.5519065312935,14.754380317258585,8.392002968243954,963.3063064916186,0.9420706187255633,22.135192341891088,0,12.643737539013681,1
2025-06-18 10:07:23,HM-D420,35.00125416709128,30.060336960470394,3.7862014956757757,0.09203149030968039,3.6406285374281224,267.8107386881867,1013.7539981827592,16.14608821197936,8.264115604306069,807.3637077240932,1.0211278314006496,14.74082273858267,2,12.32443368545735,1
2025-06-18 10:07:24,HM-D420,37.390945307295695,35.32186285436115,6.8927848047813045,0.0661941764872668,4.519664302175563,286.9763135862389,1014.0698499712692,17.33626494602347,6.68761094917112,979.7203379383567,0.9114420041472603,22.952066354411883,1,11.566738290609395,1
2025-06-18 10:07:25,HM-C315,37.82992933488371,26.097714239967434,5.1956786224576135,0.044686465863598285,3.0668507500303903,325.3997912257185,1012.6780220981253,13.87839042434291,7.536460861690459,929.818918513048,1.0177019192016488,13.970868815225824,1,12.154046332471074,0
2025-06-18 10:07:26,HM-C315,35.78310747872679,36.70519255253774,7.354009142555838,0.05531992699620793,5.107162104617916,246.5980045263348,1013.5267430117225,17.241260521502614,7.638224700781699,1000.8767949360581,0.948768215581817,26.08922012753816,1,11.709290040435905,1
2025-06-18 10:07:27,HM-B210,37.35458791785726,26.843627522159174,3.935038663449113,0.018359626033940157,4.657782082232839,272.1391825624073,1010.0005156105675,15.276685842665444,9.582916949556601,894.4428174252147,1.0096155849063357,19.78580280517504,2,10.75112790267979,1
2025-06-18 10:07:28,HM-C315,36.31442910736367,32.98263470003498,4.563302166883955,0.019063769746978227,5.386375674056418,260.26462191845815,1011.3944402849636,14.648008911743506,6.575413832584715,986.2067636160435,1.0338775135898621,22.635870953340778,1,12.701794021691612,0
2025-06-18 10:07:29,HM-B210,34.50171810587466,37.52050537240423,5.579829837853572,0.06228180573655091,2.4194555081473585,262.48244558044905,1014.7913861065992,16.11895377086987,5.659606483030239,966.8622602344902,0.9705874016127306,19.676138366472635,0,13.811140639276214,1
2025-06-18 10:07:30,HM-B210,36.865638727577185,38.95573355756265,5.906198915861051,0.04009594757500241,4.660626144444105,294.27399842747127,1013.0463708235624,17.85823542769383,5.5918978145750255,855.5305381813783,1.0845241670605932,23.23114841408697,1,11.327268418447073,0
2025-06-18 10:07:31,HM-B210,39.03239278091412,38.36179604441751,6.081486608679448,0.036883648895975715,4.984176887816783,229.474198214578,1015.8039219304811,16.031096005401483,7.368930827810026,874.4525286548358,0.9539262096056113,17.17983876999217,2,11.396282783561832,1
2025-06-18 10:07:32,HM-B210,34.61484563063419,36.5986695723694,3.6682856713497864,0.03424124610078686,3.313704890574442,239.25145004455723,1011.5379413267108,13.546895369269059,8.019802089328085,1048.3562160997692,0.893065357212866,29.404096903218974,2,13.709152187556139,1
2025-06-18 10:07:33,HM-B210,34.615988467450755,29.403633423762543,3.710481294514107,0.04304134870938226,5.1396191231589805,244.73579024050056,1016.8282206508757,15.29237468033522,6.488341002284526,1026.6218364136698,0.9985557636282824,19.253366852522614,0,12.573205572518514,0
2025-06-18 10:07:34,HM-A104,34.3268735151196,39.903041774333786,4.4668695927692355,0.03491501176897416,1.7433834285430234,220.45454068006472,1017.0430672088921,16.124355052050017,7.046999190666289,811.5953693993716,1.0682599471090597,25.50422152443453,0,11.976831666556912,0
2025-06-18 10:07:35,HM-C315,32.15870316372971,29.517993177474445,7.221360296128396,0.005,4.3467295908074535,249.95575195479898,1012.0326194181946,13.81344329769216,6.84572837201576,915.1666460358084,0.9989501530202348,17.541269894766668,2,12.647853827510673,1
2025-06-18 10:07:36,HM-B210,35.799494064632455,40.47287910227163,3.4989752248526957,0.06831750533656604,6.194995167904552,269.73909769210707,1012.3183497810958,15.561817652872119,6.285565829607003,975.2501611029797,0.9703492690691781,20.429522978632036,2,15.592389233189458,1
2025-06-18 10:07:37,HM-D420,38.78521528238133,38.13852378740852,4.209612490765018,0.037788792763224284,4.336357560425004,274.8508587257154,1014.8780028694126,13.563350225432371,7.682643124127258,992.6315814212943,0.9175662207450295,18.999943027966307,0,14.224575570715833,0
2025-06-18 10:07:38,HM-C315,37.434790209584406,41.794507573697686,6.0947868716347795,0.07663057259276057,3.6371225234640323,244.4852286528699,1012.1558342149597,16.268427262175663,5.80263808484974,971.983664608598,0.971426779521715,19.61122553881972,0,15.085779293085764,1
2025-06-18 10:07:39,HM-C315,36.57687278985923,35.12434242008148,6.01453139712323,0.005,4.422424772057733,284.26107787309184,1012.6015891350677,17.92912872099593,7.710478883338779,980.3253840517497,0.9428929888426049,23.69238169727163,0,13.603660969032596,1
2025-06-18 10:07:40,HM-B210,37.32266199560042,30.906179463944895,5.8331275517268795,0.005,4.618865852754505,187.786523847998,1011.9001933331111,14.838147976631435,6.85581500367959,921.2156975087471,1.0121829373526166,23.86964127410105,0,11.356248249385596,0
2025-06-18 10:07:41,HM-A104,35.77754628142711,28.53673737920375,5.1212653711689535,0.03449172928965522,5.575624251150606,319.7614617004717,1011.9405816134355,16.490804539206433,7.987671631503902,963.922414730751,1.0164207133143386,23.63048638144711,2,11.837041246221787,1
2025-06-18 10:07:42,HM-B210,32.13028340684132,29.09210332713537,3.4022995676753958,0.05955054637079263,4.6558643910291195,267.01769837875736,1013.1769490873471,17.04996777359643,7.3380273650738665,871.6457548572938,0.9525525050403306,18.5109359084723,1,11.36570261407742,0
2025-06-18 10:07:43,HM-A104,38.95929695453641,26.816126256964935,3.963836106646797,0.01560665556945114,5.414435780623604,237.08693277725595,1012.5895745567772,14.141972576617698,5.959819534620498,920.6345319399742,0.9836872975735443,22.518547736606788,2,13.434076701928863,1
2025-06-18 10:07:44,HM-D420,39.67781143446163,39.710014584682824,6.689735263893426,0.014830438893491796,4.610462908994176,263.863049843604,1009.8660551606515,15.846634132614309,7.450147044817383,783.2223947913385,1.0723100876131753,18.614286973007804,0,12.044252126328596,1
2025-06-18 10:07:45,HM-C315,35.179608059830535,40.337084765162,6.160455999883612,0.04743904677420811,3.6008176698741208,245.4163899909044,1015.1616326956037,17.276972293085716,6.89363577211593,865.4406458050897,0.9787026227361444,27.865378293637253,2,11.249518442681584,1
2025-06-18 10:07:46,HM-D420,36.62291094848361,37.76849962628424,2.9975226383368008,0.03374252666762563,2.8177728809497173,187.3234614901614,1015.3990173691273,18.27365920228822,8.074427998546,879.5983902210269,0.9774335428875833,18.297956799410464,0,12.329407906495232,0
2025-06-18 10:07:47,HM-A104,36.4075020723496,34.83479543963361,6.304186444557233,0.0508815982219049,4.946019857143727,251.40717120225472,1013.7685939506109,14.443414949684474,7.781946622495224,883.5809001562293,1.0093256457464448,20.11193685535422,2,10.400827809157192,1
2025-06-18 10:07:48,HM-A104,37.87822202356136,45.30479718231256,6.963167658146503,0.03410100393505199,1.5345189637508745,277.3452084582116,1013.1886438718391,12.7458441249077,8.115035589337886,1008.3237878849379,0.929505051782906,22.2322478255184,0,14.013129727273078,1
2025-06-18 10:07:49,HM-D420,41.22473364156573,34.50925758517996,5.080746183070507,0.047702745656099665,2.381757785852319,278.9137676297681,1011.5962145479181,16.167268288526774,6.923793722043644,824.2046745204232,1.047490602666937,17.914478958775646,0,11.050409555548553,1
2025-06-18 10:07:50,HM-A104,39.89947811322327,36.104584040719466,5.639421771019411,0.0673226647789347,2.822358538492864,257.5509339359789,1012.3072036727453,15.457650195255694,6.46714003219706,898.8952197595331,0.9793446636101589,24.534509192660938,2,13.868725813954363,1
2025-06-18 10:07:51,HM-D420,36.05771443646526,34.7607424333544,6.5172277783643136,0.01564906416488008,5.357546641005645,278.7331489383684,1014.6337387169027,15.060695049432047,7.188333813369263,1001.5392709664582,0.942096132263331,26.456338047296228,0,13.198925634652376,1
2025-06-18 10:07:52,HM-C315,38.356159653750595,33.30845966768276,3.9564254057563972,0.06369574027632253,2.7122486339992937,263.06319780192786,1013.8968797851907,13.96131325282855,7.786462599457005,844.0128292472855,1.0268644109609375,18.46719058051957,1,13.364025334997281,1
2025-06-18 10:07:53,HM-D420,40.135892171431784,38.15487244915549,8.494396706932221,0.005917050626533568,5.0641652122755625,256.6772776848211,1013.682922075064,16.768300983764693,6.433146763092354,1051.5054900524756,0.9756141090066263,19.285229356293232,0,10.781700645669469,1
2025-06-18 10:07:54,HM-C315,38.02086291098694,31.832516553977385,6.834616967969799,0.052186731476732307,3.261627170202695,229.3302120625909,1013.7466718085195,13.822715975396287,7.4470023880020255,964.2889067272121,0.9562086911755172,26.776008106383177,0,12.599555479799827,1
2025-06-18 10:07:55,HM-D420,36.98825148889957,31.4971108674268,5.786042220805193,0.06838538338726081,4.324220191788255,239.58368050371647,1014.5937384567476,13.649389571349822,7.500805746249238,1005.1337961520987,1.003632432497761,22.578857677248266,0,11.721851039299747,1
2025-06-18 10:07:56,HM-A104,38.11500023666797,38.407346927046774,4.9482382337229325,0.029518639526945403,4.424875771150345,242.30914945302368,1014.3687363898201,14.735417593701518,8.300287438497179,874.4409654720249,1.052588515449764,21.118268657662547,1,9.87180541643029,0
2025-06-18 10:07:57,HM-D420,35.24182119359131,32.511958167188304,5.742166166920621,0.05289110228383389,4.306257078278625,258.56435403982454,1014.0341085063994,16.85776440295457,6.36617324350522,889.2035282316216,0.979465176932969,18.95149658826471,2,14.65408857047314,1
2025-06-18 10:07:58,HM-A104,35.606797189739794,35.6674101403759,2.6595762520033324,0.03025813686100917,3.724020376921387,274.09459595498646,1012.4776277078374,12.287201287497336,7.593968432433519,938.5910500528644,0.9517411606343373,20.52357208138957,1,12.35712097436051,0
2025-06-18 10:07:59,HM-D420,34.339914411997256,33.293359401182364,8.123131651864428,0.0517076226825395,2.6203519877505705,231.56718591059553,1015.5265661781825,12.970324747621904,6.806464821092462,1014.9397930561845,0.887709509094445,21.414158070656974,1,11.824157594564012,1
2025-06-18 10:08:00,HM-D420,37.76766129142561,34.94224350886676,6.693337360163524,0.005,4.532199284777755,208.24717559841235,1012.2726219633284,13.360838787172106,6.59585688032918,1012.5345648000811,0.9274976837574673,24.558005855927057,1,14.560967046794042,1
2025-06-18 10:08:01,HM-B210,36.6714927349444,31.63355440766688,7.196020395203384,0.043243133281748294,5.169184969539383,293.19282525968595,1011.6968585638728,18.966483628443797,8.753936950085993,981.7783687724494,0.9758813213170121,21.989081170464107,2,13.950560695154122,1
2025-06-18 10:08:02,HM-A104,34.9422048466298,31.797056236254534,5.046135745525539,0.047907819276869275,5.315049036278623,220.9413735621981,1012.1543193499175,15.565062694188992,7.556257674884815,932.5022041227282,0.9346281306488079,18.359328744527005,0,17.45543601824258,0
2025-06-18 10:08:03,HM-B210,36.589551470948734,30.90133939094858,4.4595662058805585,0.0668936390214622,4.5981465605430865,264.7028500763184,1011.2131687309842,12.914416579141445,8.4295470934425,888.4433308771844,0.965060439154142,19.90865883265511,1,11.072570554054096,1
2025-06-18 10:08:04,HM-A104,38.17499565190793,39.21665054930726,3.988539194974586,0.0585051108255963,4.8091238456944305,257.5955061036621,1013.8753638732286,14.738098687248696,6.602359839279593,1034.0865256505515,1.0964007032730916,17.52782679071474,0,11.645679390314337,0
2025-06-18 10:08:05,HM-B210,41.78678076499498,35.85942417125665,6.22036191327021,0.03677527895204989,3.5746700859556455,239.66994022487185,1012.9796552560998,16.54634336995664,8.541270806022856,921.6940240817626,1.0615572955343806,21.470206854679756,1,15.409785475291358,1
2025-06-18 10:08:06,HM-C315,39.53016966175964,39.59275411896832,4.231179380515593,0.04536129595897283,5.03936363419095,268.2237340126167,1014.6929753432804,18.999901628757478,6.8739111498849015,826.7364174720262,0.9590953231387109,31.01674779103172,1,11.215750309239999,0
2025-06-18 10:08:07,HM-D420,31.28963035629415,40.12693282271981,4.7189646002229395,0.01107767150187415,4.99520238257221,213.77110617268937,1009.3304343800131,11.92326462940306,7.836015879123644,873.1294159162152,1.0069047496706824,31.908171312484775,1,11.403708149691202,0
2025-06-18 10:08:08,HM-A104,37.59827116705087,32.70042836432163,5.819598690012874,0.07288149876080338,4.142636712560029,298.92188996427126,1013.316342584802,12.850677881255166,6.443871715717705,893.7114288408536,0.9459727418455782,23.309087039400836,1,12.378189693842064,1
2025-06-18 10:08:09,HM-A104,40.573310656782134,39.407924921942815,4.011007524745492,0.05382318796644142,4.557701338121297,329.0463340255476,1012.6146892886145,14.323353063792386,6.341673501376441,922.6034738257457,1.0781057471255626,15.388839650539001,1,14.972653678096092,1
2025-06-18 10:08:10,HM-D420,33.65531627197442,34.92939639033283,6.565920145974785,0.005,4.467845381032235,286.9274538476371,1012.4815935099954,14.393855534568337,7.178734866602973,944.1718040120161,1.003556800171432,25.704312098221163,1,11.704455848989051,1
2025-06-18 10:08:11,HM-A104,38.37889817553106,34.206632472603744,4.973388383165219,0.04491974096256308,5.047850771794838,225.69727199468252,1011.4389912906952,14.361752945819422,8.439178167594875,840.5472270126609,1.0525109638477494,24.66903933272972,2,15.91645940262555,1
2025-06-18 10:08:12,HM-A104,36.40839453617239,41.26183548330388,2.7378210225560418,0.04644680888955928,2.6474067647013753,180.2293671944198,1013.0654389075196,14.775500701581002,8.21105049042484,911.2311073045553,0.9606672666514547,32.74817503399609,0,12.480104532468301,0
2025-06-18 10:08:13,HM-B210,39.8757263272904,37.76884231407716,3.994995981847508,0.024521122082742795,2.6235496344277163,264.32091621973984,1011.8529331478034,19.05742766703378,7.3130544981664585,921.40314044388,1.0800625283439065,22.29834093011618,0,14.5120897957865,0
2025-06-18 10:08:14,HM-A104,38.01064298753363,33.237878724681366,6.962278174955396,0.04193731071252356,2.685830330964966,211.19882694249821,1015.2795110876326,12.46854640318005,6.941508450424686,933.8558984058134,0.9780026492656946,20.299393578241435,2,11.988559781742643,1
2025-06-18 10:08:15,HM-C315,34.78996136360198,37.44396657763324,3.594496229956426,0.02251039603370564,3.9662805208126564,237.6052232156536,1013.9405987616062,15.319645984217578,7.4547498827304,887.7473092427381,0.9117106314307872,18.00606089980145,1,11.037445421710878,0
2025-06-18 10:08:16,HM-C315,36.49787130427345,28.671436739152053,6.341116230856429,0.011908048545868338,5.046368970363134,295.6846586747703,1014.4721443296778,16.121951034422324,6.358327783948833,1147.7879179382257,0.9913246104369638,25.289709989507074,2,13.360242097788577,1
2025-06-18 10:08:17,HM-D420,36.64576080988094,36.23656490569808,5.182510155041858,0.027733060347518934,1.8048131127764013,298.7104594858805,1010.389462671377,12.096699896532042,7.31200563302343,921.514732559784,0.965656294263447,21.248543801271644,2,10.320030931868477,1
2025-06-18 10:08:18,HM-A104,36.69205446297488,27.50204224570908,4.742449547406329,0.04343180518278568,4.612807913864736,301.94997123923423,1014.3284589907973,17.86841137130868,7.237858191198616,902.3775469336746,1.050254345553003,20.975497475533796,2,10.037231455453101,1
2025-06-18 10:08:19,HM-D420,39.79815736193816,30.078001870659087,8.768891226174912,0.05856663466752468,5.932500369780403,252.9524357668453,1014.1870740999333,14.686358047436121,7.2413993627935325,862.1600849874221,0.9689790830043352,19.986749567966775,0,13.560187310590754,1
2025-06-18 10:08:20,HM-C315,34.89345019652443,37.923198491345595,3.073675635605518,0.04139636901743037,4.827780704997842,276.897992295627,1012.3905219898462,12.832603905926018,7.571563108883845,1011.0106120433497,1.02689108687034,30.800309033501975,2,11.641141886658028,1
2025-06-18 10:08:21,HM-A104,39.50762827415296,21.64877001286595,3.8897995925153257,0.058761827378794165,2.077329917024863,190.25671826716757,1012.7203422812213,18.09353579525446,7.833633203430202,801.5988114438335,0.9658878169776478,20.35091738883336,1,10.43298289990754,0
2025-06-18 10:08:22,HM-A104,36.2443758101962,44.01255929537378,4.964854896524888,0.052974061554081034,5.1252795959975295,205.02536410301704,1011.5258726946514,16.362557802650876,5.2879109312721795,807.6927927784684,0.9577083922956835,24.801791753023338,2,11.600000865139211,1
2025-06-18 10:08:23,HM-D420,37.55877776582291,39.172463603523006,8.623624088075125,0.01929203908324284,4.7907375275312525,241.3541318086896,1012.5386580102266,13.914686861638785,6.535281735761378,947.3167851191953,1.0000407157578453,23.848945034139692,0,13.342586262844602,1
2025-06-18 10:08:24,HM-C315,37.18094396570258,25.807334387551307,4.968348234811538,0.052822060740837944,4.08883589852124,275.23890397890926,1013.8469384547618,16.45000816748362,6.675562442181063,987.2186853390396,1.0265876788561759,13.107827277052191,0,11.089062440880474,0
2025-06-18 10:08:25,HM-A104,36.94548665479542,46.99249303346615,5.411379407833178,0.0533748680524279,4.718132663843607,237.2076315989613,1011.9959873127879,15.775418412721967,7.073329198331295,942.8896796200636,0.9219782263656908,30.85298343045109,1,8.315586603599868,0
2025-06-18 10:08:26,HM-D420,36.965992913886694,48.37051946243009,4.496246750620046,0.07483602094873922,2.8249616658902417,274.0797516432506,1013.0541738556586,11.927057592909136,7.143799283391145,1112.343727089681,1.0461466249095595,14.588764310783016,2,12.259331198038797,1
2025-06-18 10:08:27,HM-C315,40.643396395677556,34.097541705051306,5.5379428678428555,0.04821308722671304,4.561186437695266,215.39335505593465,1016.8184377936685,12.122500193939462,7.707333633818633,908.4189319004869,1.0468535869115878,18.39569388128713,1,13.037891617872784,1
2025-06-18 10:08:28,HM-D420,39.106124812265364,30.367554676498784,4.589273890045307,0.015306519043749339,5.074310844536244,253.06094250259954,1011.5318031100949,15.673487653865953,7.457607703847325,925.7519696056896,0.9847721913564917,19.968099690181898,2,13.717254059647765,1
2025-06-18 10:08:29,HM-B210,36.09321077605018,43.43151787101432,6.042983906649884,0.028918384073195483,3.668488598676743,266.49647111174846,1013.4982045035252,11.457080747720244,8.158596268333005,946.7643877547658,0.9904864093815594,19.099057062858908,1,14.033564386136657,1
2025-06-18 10:08:30,HM-A104,40.95696813530523,33.2810493127987,6.161280989728242,0.005,3.9350095265103295,272.7221361899034,1011.4492778075044,17.01087236301561,6.959880798036109,953.344945287454,0.8675687369756855,21.08390938430854,1,12.261828153030075,1
2025-06-18 10:08:31,HM-B210,37.68670268498213,35.80519753906427,4.648842255757701,0.050209550376116,3.818850222384225,236.45318006926306,1010.7717718964609,12.238263576616689,6.656670621405662,940.132489410759,1.0901324632166547,18.911929559507985,1,15.350507178364943,0
2025-06-18 10:08:32,HM-C315,37.89406064830973,41.08644866961384,3.311779942855904,0.07307935081556083,3.9296606211452376,250.85987436474278,1014.1989418487029,16.841308217415634,7.088073621993687,936.1004395730301,0.983915282346446,27.426543920286313,0,12.315340496236386,1
2025-06-18 10:08:33,HM-B210,34.90670230167152,34.232442681034016,5.140354770538604,0.005,3.5038264428538595,203.7777694614523,1012.3896914602551,17.8470630573103,7.223829344625442,845.5073512536491,1.054197345080568,24.363565584342602,0,12.160176594203959,0
2025-06-18 10:08:34,HM-B210,35.75625335398715,33.79472874841666,7.10318262263175,0.07392460685047149,3.575239878835251,246.84746367215575,1015.3990677950474,15.979316877179137,7.27953940924174,1005.0865143527774,0.969746618053053,19.517102216452802,2,12.065659765853816,1
2025-06-18 10:08:35,HM-C315,35.278741230182064,28.638025113973907,3.7600091093311856,0.0499447500607871,5.119308670926742,282.4503759997587,1013.8517950771155,8.0,6.995237113682937,1028.331883763018,1.000144646052028,18.653386624742936,0,12.71383307373113,0
2025-06-18 10:08:36,HM-D420,37.21518216248419,31.847284521309923,5.500875335589951,0.018468366916855734,2.4087676094478474,242.11327789048164,1011.8212968099297,17.240646120394448,8.068653499805292,912.2736027380009,1.0261527993050994,19.740278762573794,1,13.262923945555887,0
2025-06-18 10:08:37,HM-B210,38.59695769862052,33.69615076871966,3.191389354981074,0.04513389278985102,4.719589181566782,227.56202439964454,1011.684564563254,14.12689200395686,7.988248428843113,946.466020879998,0.9770541386102906,18.379158373276006,0,14.593794977758545,0
2025-06-18 10:08:38,HM-D420,37.91808074855553,28.807184054826664,3.440288998285212,0.019113446452713522,5.116974748428609,273.44282346176277,1014.0809120152356,14.884818016202317,8.070055925621212,1074.4109904697652,0.921740276640672,17.204206013069083,0,11.688345866648886,0
2025-06-18 10:08:39,HM-B210,40.97011039017396,29.260320908953112,6.950548752954482,0.048808395311655275,2.876759320816536,318.55625864982716,1011.4206388812964,13.513411338601259,6.410658983513694,889.7390897061284,0.9937062580706076,25.741665882841335,2,11.296180185493723,1
2025-06-18 10:08:40,HM-D420,34.78060498697191,35.16800658321995,6.0373000739739195,0.041267221002171,4.408126951659169,315.19811282560835,1011.3785663360172,18.364237490760324,7.779719384063527,966.4371358135845,0.9292795887035348,20.439367767807102,1,12.711561472936133,1
2025-06-18 10:08:41,HM-C315,37.28717260884721,25.7514792716402,5.523447695057642,0.046586871387629444,3.400152189051574,257.84267835702315,1010.421189758166,15.354841843142603,8.484618183514137,957.9438224175129,0.956860224485925,23.580401314453503,0,11.843037805646237,0
2025-06-18 10:08:42,HM-B210,33.79265167675426,30.604184921893342,1.517340103537557,0.021621213656271142,5.863593515332957,273.1150929309659,1013.9350830721634,14.187760003001374,8.09553033078672,1078.3430274132963,0.9684997583560027,22.260141811838658,0,10.81899447374172,0
2025-06-18 10:08:43,HM-C315,34.69532257099184,44.72296996798511,4.17066069284494,0.024533587867709625,4.253243575145778,299.15888677572644,1011.7855653235621,17.67885013859912,6.789078357944314,1098.6068341857729,1.0039481736604716,27.798325326633794,2,14.306161188689693,1
2025-06-18 10:08:44,HM-B210,40.16144594334616,33.27265676429964,5.9102210046300305,0.05003642825677943,6.26774175875621,257.2389009499129,1013.539574344419,16.759033696469142,6.934553538782826,1013.6966998109585,0.9678501618162938,25.58130835435203,2,14.258744985372832,1
2025-06-18 10:08:45,HM-C315,35.84208783382134,32.646382958980745,2.826401738118515,0.029945474121346696,6.086732875419845,263.8394433834484,1011.0466320566064,12.735156500949344,5.944154757056399,1200.0,0.93903420178038,23.446914358567316,1,10.296637634090125,1
2025-06-18 10:08:46,HM-C315,34.991590509849324,33.2502708274258,4.469171915137105,0.04298035616343311,4.868794999537649,240.31097448079242,1010.5425078336348,15.668050459783515,8.22871669826181,952.2901939857726,1.0093887932305128,31.18140311208053,2,12.295514331738204,1
2025-06-18 10:08:47,HM-B210,31.67505781104263,33.32923809272834,6.149980565928976,0.049059670594141666,7.071249157778903,321.03924375675456,1014.0796552592253,15.440594104390788,6.418665227307166,700.0,1.0326125249032703,19.179412163829426,1,13.365529113687424,1
2025-06-18 10:08:48,HM-B210,34.966613380527704,37.874344349191915,2.733291929982791,0.03555288284390988,2.6106248708225825,271.5626098867149,1012.7622304932951,12.055840212980872,6.816665855623905,909.0948602902808,0.9306811675820531,21.249113308002848,1,15.382906310319317,0
2025-06-18 10:08:49,HM-B210,36.48679931451255,37.524330765889005,2.481070119576805,0.06310202356743497,6.23450068749494,241.98188268410937,1011.9826957728746,16.654200437141746,7.647114129905336,913.9183564356606,1.0009536895478426,24.61248946491184,0,12.406805055079152,1
2025-06-18 10:08:50,HM-A104,33.60649260053447,33.0462079346774,2.7592578256337306,0.03628899033970525,4.178310709126405,232.73998543440788,1012.2703188053332,14.941921688284022,7.315612750770152,1074.0230225934488,1.0376223332937866,25.37732741948981,0,13.794684590308945,0
2025-06-18 10:08:51,HM-D420,36.343041527543825,33.930812884310285,5.501727817417269,0.0356884902585666,4.347974326793064,194.28372969157385,1012.2756659823783,19.302276514470172,7.491608908429868,935.064635059195,1.0050734665578263,18.48517050770637,0,11.946550022961546,0
2025-06-18 10:08:52,HM-A104,40.17657765164556,41.5638655899503,4.164502206705647,0.027365896491743327,3.9465244472074055,202.58437461430773,1016.0514028567017,17.81953428274914,6.738959338635258,1056.099413426595,0.9394787982594074,21.864341498058664,0,13.180810064124978,1
2025-06-18 10:08:53,HM-A104,35.23173664917917,27.448476227648747,6.317072939694672,0.06079964050556633,2.759938150182072,228.2155144812947,1013.3981474841498,15.444212567608341,6.193005794300598,1014.3556512123182,1.0119713849185996,22.088841178496395,0,13.852305774927686,1
2025-06-18 10:08:54,HM-C315,34.64154237657516,34.71208991725639,5.181527577851922,0.025855835199513365,5.1835158168178035,277.8498186087768,1013.2084887602809,14.825203709342349,7.372914995642988,973.541372795962,0.9999825346570177,31.322318717459808,1,13.023315552391791,0
2025-06-18 10:08:55,HM-B210,34.19024633283727,35.676232701756156,7.82080207690706,0.06508980388307138,3.011140327074904,259.7833968681937,1011.8697700638502,10.910596830184982,6.495661704966168,982.267285325551,1.0075999993023022,24.649348194173548,0,12.539962476844009,1
2025-06-18 10:08:56,HM-D420,34.1455897687105,31.116585699504423,3.1437767026259777,0.043262254227308214,3.790801837474374,212.35591002877206,1014.180217248462,16.684678012688842,7.616356820752221,972.7391541747137,1.0018883746019944,26.322961780064638,0,13.951453115370184,0
2025-06-18 10:08:57,HM-C315,38.33894361722107,34.424316982543516,5.497657557663647,0.0936418962729938,3.8439211084856906,222.20447210549145,1011.2715490509763,14.86323421257197,6.486682842419026,1041.015394905923,0.899071711725018,20.445989127396164,0,14.550916706638452,1
2025-06-18 10:08:58,HM-A104,37.121671842207626,30.441617695990583,3.8071778434630246,0.02679080252874983,5.694691861455477,258.44809112253876,1013.7780273429491,14.065144743795374,7.080425101464093,929.9817437012547,0.9913239679528577,18.998160729978046,1,12.726065349064164,0
2025-06-18 10:08:59,HM-B210,39.392142198188935,38.18584535350752,5.900319048722045,0.0655038780898888,4.411588096717446,300.20427547598774,1013.7861422905787,15.043020897779165,8.572780345852419,919.4493230227865,1.0475145467360691,20.304982600557636,2,14.049089560111051,1
2025-06-18 10:09:00,HM-C315,42.049594729135634,28.308966722478104,5.17990383540926,0.05020483959178299,1.5675104255807564,216.94120288156586,1014.5263080968625,18.10574126111687,7.374671403870673,982.8340008624831,1.0718542922219123,24.191396091924396,2,11.658271378565198,1
2025-06-18 10:09:01,HM-B210,32.42402217022713,40.311668312100295,3.510318764269429,0.02972491575633482,3.4211552708444124,263.7681042028559,1010.0472331560065,17.729293667986955,6.560092418814932,965.6038375635142,1.0497190716360292,27.900828178744923,0,11.902617221189324,0
2025-06-18 10:09:02,HM-C315,37.95019677110443,34.633474214552216,4.764271630836686,0.05047359312061048,2.6254228183312565,236.63704181520623,1014.6908665137387,17.723778506137396,7.599277293831464,933.321331505059,1.0012918025802313,16.31013608465791,2,14.852382520621681,1
2025-06-18 10:09:03,HM-B210,34.2034516639161,32.759830702831444,5.109647115817476,0.0494990803086107,5.102978498853482,237.50744473286534,1013.5307131826576,12.923534164080458,7.086521009536407,1124.8280215769319,1.0345876750691574,29.923602991330853,1,8.14694070506185,0
2025-06-18 10:09:04,HM-A104,38.97224824508363,29.97651450172863,4.101036590007162,0.033361227496288226,3.0805292367707824,214.79714682171837,1011.8685253008097,18.159285733491252,6.569100329056734,1007.1419862816995,1.0271496141141956,25.54538925584285,0,12.142471221389453,0
2025-06-18 10:09:05,HM-D420,36.32021999731641,40.15328897993732,6.090750822475366,0.048565617580150225,3.7729973556177487,268.7948729512925,1009.761185939915,14.019780349140627,7.219478174178905,905.2972501471414,0.988396223305096,26.00417002413145,1,12.824970419140481,1
2025-06-18 10:09:06,HM-A104,37.06830690216044,31.740689329830204,3.4533610749966277,0.06326883185628412,6.600404051367423,235.41130288509174,1012.3906378277435,16.49246859109717,8.19214414860359,997.9520979370164,1.0574657085302992,25.736691630762735,1,10.755094402967549,1
2025-06-18 10:09:07,HM-D420,33.79205643017548,29.163757202527584,8.136512837049745,0.05022708321451998,5.2641312471949355,239.4541171632681,1013.2802431917382,16.254995953438293,7.683187803119097,874.6829854866837,0.9676658498654392,20.3753022304015,0,14.114462059346543,1
2025-06-18 10:09:08,HM-B210,35.93393243721708,40.25731659504059,6.430535450940282,0.03161629660547194,3.1024956623538893,279.52984848181046,1010.7197754158833,14.718122996832216,7.054410697694135,858.3269028417868,0.9946156117253254,21.48882104363823,1,12.42791492612883,1
2025-06-18 10:09:09,HM-C315,37.22415562777065,30.478470932526708,5.523111678580304,0.030489952286487147,5.490058095627319,281.09513552690527,1011.7234975878389,15.428427831936657,6.229748687374932,1014.1261882691704,1.0451069608801247,24.721827068441513,0,13.569944969097165,0
2025-06-18 10:09:10,HM-A104,40.39019536701677,34.527588429277564,9.267971412045785,0.03825180263516936,3.6386021337467964,228.10544355166013,1011.1048096158887,11.713594457882273,7.787467107000673,881.2979960474214,0.9541589970798929,21.00049679443741,1,14.764229582280084,1
2025-06-18 10:09:11,HM-D420,35.01359868147861,39.09401887868631,4.536051761160103,0.06224924029164326,5.4870599694911695,258.9081863560452,1012.3478546352468,15.117965443114752,7.582382478501506,953.3000322706793,0.9332095545474969,22.93638693422459,2,14.346252824324782,1
2025-06-18 10:09:12,HM-A104,35.623271071174216,35.78978801390477,5.91706380134652,0.024924218188075463,4.005201627961132,277.18799663695813,1011.36759491079,14.529142296722402,5.898852094479426,866.8089680506889,0.9514840519987091,19.345152321797993,2,11.978779050195186,1
2025-06-18 10:09:13,HM-D420,39.3607241054557,43.654257729349865,5.334020695398812,0.04784262348628289,3.3479670177782497,244.49644438364902,1016.2553850755804,19.392843398897718,6.01481095224314,926.8120522326519,1.0222081853919798,25.09129955084626,2,10.793960590054304,1
2025-06-18 10:09:14,HM-A104,34.85164929075172,30.825248158561614,6.196201539811737,0.00875064876749999,3.235837752005563,270.1121459012067,1014.2955291041254,15.057807830938035,8.458174614479493,915.4329828629941,1.1116767062716781,21.43655992613744,1,11.894174417945793,1
2025-06-18 10:09:15,HM-D420,39.85596285993532,33.947443317001294,7.244174550599931,0.05189223015059254,4.8451536739146706,240.44311587700344,1011.3416477007233,13.570767374517837,7.456048006674099,942.4329081637704,1.0598905068065407,20.380868189465044,0,12.73504535418824,1
2025-06-18 10:09:16,HM-D420,36.97728356318436,34.33410929866159,5.823424064917039,0.05503541795941613,5.595625519575888,239.61508213048754,1011.5600920781776,15.230373955213508,6.086125935788193,1134.5843411938922,1.0391381184092294,18.697599074598614,2,9.8324678181321,1
2025-06-18 10:09:17,HM-B210,37.757807403979605,38.106174762869976,6.562690842972799,0.08055242992498143,4.946880531527323,222.03454737478904,1010.778650055301,13.656283986455314,8.109488975186967,1052.5655612579953,1.0782988137673715,19.339791065073076,0,14.881483072246576,1
2025-06-18 10:09:18,HM-D420,37.91880575627343,41.44311563919047,4.174418014480112,0.058505861074325566,3.9808311960844964,301.3598324443828,1012.7745062728005,12.162210772249967,8.173226938049874,940.9724091161395,1.0144706942617527,16.718666340599952,2,12.682010341101474,1
2025-06-18 10:09:19,HM-B210,35.45944861648348,35.368082548143484,4.690774777304302,0.03197598148779317,2.3431874781561333,235.4692082215828,1015.6627463152348,15.824064973499311,6.632161440498177,933.4898451994472,0.9691082291527984,23.692536141322133,2,12.149353139224822,1
2025-06-18 10:09:20,HM-D420,37.974717048680986,34.31168084819858,7.457431340394505,0.009308414052383761,3.7327790430254444,225.96406885760015,1014.7960284019098,15.015383420241163,6.461887705748622,893.5700510047342,0.9969319364161792,19.607534657711305,1,9.601349007355564,1
2025-06-18 10:09:21,HM-C315,35.069075539214246,27.585040660850673,5.8952842452940395,0.05028392971976021,2.9975599461115916,218.63863650763628,1013.2970401592831,16.986351471636837,7.263610973896611,867.0011965559436,0.9866232720560978,21.83041306059839,2,12.519663427188888,1
2025-06-18 10:09:22,HM-C315,35.7447424897528,35.56190594898347,5.372485467287283,0.033455553932098085,6.142283211906202,252.53547692040877,1012.5587271622062,17.91202357519716,7.32808255292399,938.090793661913,0.9518454254257358,26.860596810005127,0,12.6437162025784,1
2025-06-18 10:09:23,HM-C315,38.39672741508319,31.74849995001773,3.870133686374724,0.046682047954484766,4.021819371046687,219.49148550240815,1013.8271625626849,18.778662561807153,7.073443877751686,1056.6224957555764,0.989582377410777,21.520561828800176,0,11.241657074069145,0
2025-06-18 10:09:24,HM-D420,37.73348488910476,38.09218155299385,6.4498941217024255,0.025596298395816765,4.860456131831217,228.62349894394265,1013.4197243656911,15.459447022968428,6.341959026456166,700.0,0.9220047215906031,21.369201165737927,2,12.946459389236015,1
2025-06-18 10:09:25,HM-B210,36.81258762290238,32.95157905390986,3.8278018685263095,0.03653607556705861,4.087612344708705,273.9687052915767,1013.6494263781495,16.3830796276499,6.918636042760957,1031.7234166845399,0.9838689858978011,21.797163342967032,0,12.306060347015977,0
2025-06-18 10:09:26,HM-B210,33.853170876842476,33.79680972814965,3.385751216344841,0.006000293959215211,5.0156225965893615,263.46149233104546,1013.2960571636615,15.563118196684085,6.860540067293247,1041.8049304519275,0.995113329408297,23.170622400742428,0,10.092171422948518,0
2025-06-18 10:09:27,HM-D420,34.47710427662592,27.698659927082154,5.172388626543381,0.01907587805847385,5.361808827526039,209.64050856896645,1013.6672164375827,10.361695645851578,6.009677124537135,779.3217504062491,0.9913534581260756,20.129176386624433,0,13.525218722710209,0
2025-06-18 10:09:28,HM-C315,37.69177260976246,25.942739581187304,1.3962611997069638,0.016254595486766606,7.294145667523752,271.74472003995675,1010.8690982337225,17.471990789973397,7.993245842305644,952.9597738399618,1.084144537676953,25.408213342804018,0,16.20611178099763,1
2025-06-18 10:09:29,HM-C315,38.83035140871279,44.30493520091805,5.9166150745564625,0.057455796785643096,3.952889416058007,250.98364511259976,1012.8195039308374,16.091631974848855,6.350889206414461,915.0929123874648,1.010015921855149,22.520290024268554,0,15.185419585538867,0
2025-06-18 10:09:30,HM-B210,34.22588623869811,35.64841954782638,5.565416295111932,0.023454715254495734,5.751726761651042,284.11483708175035,1013.3502799350175,16.11850077204671,8.244795077986701,936.6659813253088,1.0882328991981496,19.82849099392048,2,13.237500658866532,1
2025-06-18 10:09:31,HM-C315,34.90043688136958,37.021677388153044,4.47079466204621,0.06755860151949428,4.833500454353574,292.5396844830369,1012.3474194319259,13.974848773804355,7.32269706031051,967.1480529447667,0.9313791637675043,20.627889016547236,0,12.91580275023484,1
2025-06-18 10:09:32,HM-A104,37.3354629354443,30.438525184086235,4.606822762159944,0.02365112237401923,3.8062516042744825,201.7397782571643,1011.1283565275421,13.71406804633378,6.686402010220168,975.4380775517131,1.0438179401604986,26.571933579859945,0,10.238978160018057,0
2025-06-18 10:09:33,HM-B210,37.281969656572734,39.377618035893065,4.821018643000402,0.08191876135127585,3.89190717752157,272.9389108395916,1013.0078377717316,14.864020544655677,7.510071890690277,840.3430411508484,1.0106986462007395,19.37029904248826,2,12.877400762880889,1
2025-06-18 10:09:34,HM-C315,32.9401069780974,38.4756994795218,3.8163089336789877,0.005,5.065082915987428,299.04435772475273,1018.0,16.115850167749286,7.093627433173407,1080.1546538025673,0.9951272526159641,23.679959409278407,1,12.059637336065277,0
2025-06-18 10:09:35,HM-B210,37.40390753359997,30.98786402788595,5.27685894124744,0.048486035999043754,4.1440773204560735,256.28946997483064,1011.765349985828,11.095392016141504,8.259363931581092,911.9545543208121,0.93371828116053,23.911846134158584,0,8.691045428279244,0
2025-06-18 10:09:36,HM-A104,35.504080474424455,29.702472820773067,4.6259076044217275,0.040771960643145894,4.625922448336076,270.6465115716203,1012.7866099540005,15.404379282666437,8.89680737621591,1160.4228327842202,1.0170121354961443,17.699829207808904,1,11.935065178952255,0
2025-06-18 10:09:37,HM-B210,41.1026165743224,31.337361580863636,5.168678229932928,0.015771169719123547,5.297574707276261,256.7490952583668,1014.8920781871243,18.376985550729106,7.51400312761638,874.6161728839504,1.11371403973821,16.213317008760054,1,11.638138929456067,1
2025-06-18 10:09:38,HM-B210,37.62299635683914,34.85858675646444,4.766407121997886,0.028981368622700017,7.4943628430032,279.3827423178577,1015.6596865048549,14.73732834747188,7.056983249348006,865.3955275623392,1.0220314621157822,20.70835772440158,2,10.182274873319766,1
2025-06-18 10:09:39,HM-B210,38.053683624689754,35.835535015701126,4.471206991263129,0.03477436964227265,4.53898131802307,261.50470192885746,1012.1250655961086,11.040878465153503,8.482266886129027,975.8972832740282,0.9976892455107,25.222010318279473,1,12.34777929317287,0
2025-06-18 10:09:40,HM-B210,38.11839825547653,35.19197004119326,5.417738935156455,0.0449961252006274,3.1461918814979883,189.32882898909736,1014.4469229709291,14.622612725493873,7.0361959813412955,1021.8860395859529,1.0074340231237595,16.117135605155028,1,10.283233202834156,0
2025-06-18 10:09:41,HM-A104,33.96518154836859,41.49365054320102,6.171649764397266,0.02127166602272047,4.977587162957112,246.36393797875212,1014.1868778945092,15.589675761627536,6.778559067645771,1051.8920495026696,1.029482104395309,18.510094124522332,1,13.107240824382464,1
2025-06-18 10:09:42,HM-D420,41.85969223277151,31.425215749519708,4.2128462822481545,0.04850640777110964,3.919164795709033,244.42563360866302,1012.2405084268431,15.752175629662101,8.184448102633848,870.9623165552558,1.0781305879167569,24.690016882153717,2,13.337375159758945,1
2025-06-18 10:09:43,HM-B210,32.942721881372066,29.566690044855402,5.593209937468936,0.04239447699994361,6.772329641314428,271.4135291392531,1013.9374384573024,15.309476432764269,7.871657848457341,923.3062236202272,0.9815140334486286,17.725533738237665,0,9.406304552280002,1
2025-06-18 10:09:44,HM-B210,38.98925785424935,35.000495109259106,5.779145615771286,0.05558369521282828,3.9034644513930927,285.3053902829483,1012.7403926751837,18.87239439368365,6.7887265744810845,1099.2770192725502,1.0092487354332598,26.091684611512314,2,11.882099481101488,1
2025-06-18 10:09:45,HM-C315,38.546659843701626,26.53457592084527,3.0742041769901443,0.022752759515804098,4.522076480567519,243.16989555997316,1012.0598349988793,15.281762331564394,7.4519415410813705,920.4889889140045,1.000241399073568,32.603723719132596,2,11.797307836987985,1
2025-06-18 10:09:46,HM-B210,35.8074940502176,38.47868749255309,6.464816712730713,0.03181333999394488,5.24749669163903,213.25371440383415,1015.5785982543656,15.383856236947123,6.924891400202051,1021.2247329620471,0.9772193159814687,18.73822493555969,2,12.145968107554324,1
2025-06-18 10:09:47,HM-C315,38.66612579178347,35.48981632238063,8.084676995983983,0.06884236752926962,5.089560890572791,259.1864703934405,1013.9739977150823,13.86176994550362,7.683383723102572,798.4745905612158,1.00980867764631,27.890310302828127,0,8.818412700802607,1
2025-06-18 10:09:48,HM-D420,36.20606700294066,33.30980979545027,4.867856464006182,0.021879230153883038,6.168231012266883,226.72155451675607,1010.4773003032383,16.88865282774001,7.603479292575713,820.9830516188078,1.0765320677973362,23.31166108673742,1,13.078740263178785,1
2025-06-18 10:09:49,HM-A104,35.31134638786055,33.032235633754304,4.743206886943955,0.01215046560336137,5.300980331318702,231.8181689521402,1012.808417839674,18.39415623098021,6.177394363428757,1027.2901680269968,0.9673984743695505,18.832383696606644,0,14.778223271430594,0
2025-06-18 10:09:50,HM-A104,38.17389792338232,39.549978910606164,4.680490757606979,0.02738089673841005,7.3115360909521225,321.4627563770732,1012.2207672275658,13.743753704232219,7.233111351389699,938.1380918763954,1.0184215615373235,28.370501100680073,1,14.774605437873646,1
2025-06-18 10:09:51,HM-D420,34.48359752228024,39.390739676692654,5.930908632198955,0.005,5.039390999653714,229.6682348726397,1012.6840293990301,14.78271590273288,6.013077684864131,1010.4851956845253,1.0201263240434493,23.627082418952224,0,13.864471113064793,0
2025-06-18 10:09:52,HM-A104,36.43936210310608,33.768140707933235,5.766167789974718,0.0734578695499672,6.058924276865318,203.05375621415442,1013.7739352431113,10.350290641831702,6.061851964031275,899.7858005044695,0.9995094204198901,26.760485214798386,2,9.479586117374293,1
2025-06-18 10:09:53,HM-D420,35.5145581281751,37.9588441177894,2.614008196518719,0.034344733296725535,3.9368988348488565,268.1071929462549,1013.4401079658734,13.326784859378426,6.80512127662945,817.5010217268732,1.021519644713189,31.382705156197943,2,11.556193201396741,1
2025-06-18 10:09:54,HM-D420,36.16005122606764,39.31685230920169,3.700818424648757,0.03453789229068855,6.869788311461081,271.21150485774047,1015.1511130968057,18.938647497839654,6.722501964980316,957.4139701152326,1.0193371514345657,21.569885772990098,1,13.255366892176342,1
2025-06-18 10:09:55,HM-D420,38.08182149782546,36.677631128123565,5.760969274837532,0.054850539143719554,4.082764736880516,276.3576247968811,1014.832775573062,14.405548248499102,5.832217523272853,838.2485272850023,0.9542831536663677,24.210548742136986,2,13.191178097972738,1
2025-06-18 10:09:56,HM-A104,35.51408406913448,33.97267490185637,4.782467345180374,0.025488862339810625,6.283240045599405,275.195543773783,1011.179153193312,15.453970031860422,6.25072430313074,960.0148943209612,0.9969941345773138,17.538512712878894,2,14.24191009221219,1
2025-06-18 10:09:57,HM-C315,36.519190217319085,36.90583853745301,3.2508231391407203,0.035681392613005576,5.570302479497215,254.36819103556255,1012.8525293266031,13.542748964005169,5.966837984251498,872.7450428308075,0.9992380039825577,20.139306599665936,0,12.106281177072068,0
2025-06-18 10:09:58,HM-D420,35.74213687024605,29.804566785353124,7.2503902704320256,0.024961126766699045,4.580003350284823,254.68331595145509,1010.0798179270636,15.895637219400147,6.6070793947685305,1002.1949755177616,0.947549081892679,21.67414197754004,1,10.669934148960987,1
2025-06-18 10:09:59,HM-B210,40.60999166393636,35.35552784646963,3.80043010061303,0.005,6.2948054116826615,278.1867958876846,1011.504969334572,14.650932817853674,7.620945665406443,928.392166295212,1.0029477690062132,22.846417103291618,0,13.295490193447295,1
2025-06-18 10:10:00,HM-A104,37.856530995534726,33.834368721868714,5.053665682995392,0.041015157609710716,4.485613928663109,298.2578354142052,1009.8566204221044,15.821862488857855,8.381330467904807,925.8403380584975,0.9986209785203394,13.484757976001262,0,11.7853028440822,0
2025-06-18 10:10:01,HM-D420,37.550174082416795,33.050671881032656,4.74272133285654,0.060514548579168714,6.142062958098352,212.17820559701912,1010.6480071652596,15.209266605063235,8.046214682118455,977.3384337830604,1.1011651457991796,28.194657437767496,2,14.592094159413733,1
2025-06-18 10:10:02,HM-D420,38.70854626155856,26.36739494068285,3.381966798574163,0.04158589906340272,4.953659230949736,231.75123862086338,1015.1001545955737,17.886687697341436,7.547158712763821,1024.311691727821,0.9587676595481112,24.536395261085687,0,13.508262908141232,0
2025-06-18 10:10:03,HM-B210,35.514663558062786,29.862011242937854,5.27743220327065,0.058395826481000106,4.047340244367615,268.83797240175835,1014.1290627742977,15.337004914102776,7.501940526248328,964.5974046077844,1.0500174777951112,24.066748481304376,1,11.946055865532214,0
2025-06-18 10:10:04,HM-C315,39.1481430624996,32.57052587937309,5.588160325249129,0.018084162018661795,4.884321605916255,257.6465919700931,1013.9255898775566,13.331384952047292,7.115288171058085,1092.5925401038076,1.0236649696381184,30.19469373520657,2,12.752551831018737,1
2025-06-18 10:10:05,HM-C315,37.865444364581855,39.47519590319378,4.298485952255558,0.024919215061144702,4.540924355864685,196.28296166907273,1014.7630065694381,13.727569203296891,7.120066547983124,1089.286771918595,1.0516487529043281,28.48436572839058,1,14.174347220251533,0
2025-06-18 10:10:06,HM-C315,33.09777274311484,36.42911745201994,4.495711603415777,0.014114058698201818,3.9689800606173113,232.8019724629555,1013.9190589501097,11.262827515944405,8.307634055880765,893.8585053933415,0.9599384985363143,21.394565234282332,1,13.29537872491865,0
2025-06-18 10:10:07,HM-D420,33.429922917248085,39.69837124013951,5.90073056414392,0.04733115090623581,4.779582984133241,259.08052557372565,1012.8728396456419,15.250806721118089,7.694807681718705,860.6134589799132,0.905868483313893,19.721341690547828,1,12.707179943165347,0
2025-06-18 10:10:08,HM-D420,35.569257368039835,41.21456691200065,2.0372926015049178,0.033647827400348024,4.98442404620913,250.3778633779083,1012.1159911128675,14.872868830532088,7.35942952809719,852.2108747184209,0.9946321099632528,24.491847886614053,1,12.8779662343301,0
2025-06-18 10:10:09,HM-D420,33.69748376033707,36.646545726247474,3.732494224628418,0.03289882835736802,1.5545581118167817,239.23174164081144,1015.543472919246,18.02663379931241,5.795674503983973,1094.2016251630369,1.0385298075191363,28.206246543538946,0,12.042558930615229,0
2025-06-18 10:10:10,HM-A104,36.40430384825104,35.70146705340149,5.320152344798569,0.05337972379703099,5.101636302522669,320.3220415294437,1014.9595783481301,12.654327404757218,7.78275135755667,852.5537336310917,0.9839240205878409,21.40547684533285,2,13.118552403935974,1
2025-06-18 10:10:11,HM-B210,34.46565502146034,30.13503001657395,4.209891909514825,0.03054034032226103,5.389325756030093,249.25325923123398,1012.6708066129687,13.604766625689605,7.793069362120676,918.9176734699307,0.9926288128029677,25.55732277675893,0,12.533962619549625,0
2025-06-18 10:10:12,HM-D420,36.7556923673227,44.933356322866544,4.188456404405823,0.06159343426776741,6.241974890876279,256.9314699580832,1014.1457947259713,13.625727063293521,6.70408639307331,950.888232057534,1.0987718908246935,28.825398393701168,2,10.94455458899369,1
2025-06-18 10:10:13,HM-B210,40.52927343982864,27.910779641449047,6.352538819294253,0.044713151759743955,3.016799252854931,253.98894688127928,1008.813597366525,14.49283657259684,7.381099917212919,1091.6742552187357,0.9636248533544467,25.952918339478632,0,13.141728279607893,1
2025-06-18 10:10:14,HM-B210,36.876557741109536,35.59367044104248,4.050013576943477,0.032677043183976295,3.2789952409355414,256.3500018684246,1014.2213489218607,12.478093720626246,7.093103396477757,845.1629722507416,1.0462709005989212,15.620188571559266,2,13.326735069712688,1
2025-06-18 10:10:15,HM-C315,36.24258886274518,39.16399501772691,7.968767376670735,0.008967933228027504,4.751127797161011,251.1317937945863,1012.2488160503046,14.44296352447516,6.76940721067246,1036.9632321843233,0.95095735367326,17.22090774024491,1,14.010540876725091,1
2025-06-18 10:10:16,HM-A104,37.97060661946336,39.233687887656686,2.368231133166623,0.053265485560740546,3.6444888617009026,187.5290262983774,1017.068728920043,15.03741062560113,7.528187393110002,951.1276986833317,1.0575081184129766,29.932127765607493,1,10.123134043644233,0
2025-06-18 10:10:17,HM-D420,35.25895051769349,29.224554547803383,1.6820092501668977,0.04565871261763052,3.0722895062350615,220.29385502032892,1014.7259343030106,15.097562476595524,6.335257871511372,939.7827620722971,0.9965094275433661,22.439217260934694,0,12.901312979643384,0
2025-06-18 10:10:18,HM-C315,39.10853577349,32.90048498566205,6.3184042422026865,0.046621369515298765,4.003913237545897,240.5542805128041,1010.0409741139275,17.546738890531323,8.831101094286582,947.8744679271014,1.024416692188908,23.320335395165312,0,11.918194832587895,1
2025-06-18 10:10:19,HM-C315,38.23803238281028,31.005226139411683,3.5240731109419277,0.047259272006052705,4.068215875556544,274.3815898348987,1011.9330501551755,14.940569435856908,7.624981008791394,893.6910537509983,0.9678727912057224,24.272342673798903,1,13.35784295934025,0
2025-06-18 10:10:20,HM-D420,37.09716390512141,25.097828852169897,3.5493896175905086,0.02941827862553258,3.2812204502465363,241.02184599457505,1013.0908709357586,14.892887911889746,7.112181372541084,916.7547960716273,1.0047089951821904,27.727842195542994,0,10.651283114466612,0
2025-06-18 10:10:21,HM-B210,37.38578957908397,35.65163370872481,6.477099910729516,0.03697251844064735,3.273215438183537,225.05871315380617,1012.936342014493,17.29027758724175,7.967106238224808,892.0725317616715,1.0084378848973117,18.86854258829535,0,14.444050700546109,1
2025-06-18 10:10:22,HM-C315,42.10436477640713,31.411923018800113,4.254097120930308,0.030828974595080452,4.354417455828602,278.3296894636649,1012.8685914067994,14.995499723169926,7.826988845275971,845.0887022350773,0.929319104328861,20.348986431152568,2,10.889383206118005,1
2025-06-18 10:10:23,HM-B210,39.35578052566967,42.52741142355673,6.365542723797358,0.06500128967487936,2.7616468890124786,290.53279768848085,1014.4770975926842,12.568379103498637,6.604166550224114,855.8234728551698,0.975334535051587,17.97853920986643,2,11.742327138929635,1
2025-06-18 10:10:24,HM-A104,42.498816577903334,38.07587219094336,4.084382085871311,0.03449759413626701,2.7423385451790105,204.0181862870041,1012.1888333935356,12.844996855557564,6.795908959878321,1044.6187532914212,1.0133596257581445,13.743930908818653,2,16.5682588713541,1
2025-06-18 10:10:25,HM-B210,38.33007548323113,35.20700975107054,5.543797282962959,0.02761519617400124,4.585810621974544,252.90780558890899,1012.8915030799947,12.864059144403114,5.370123675086889,921.9828857531282,0.9623117763827083,23.640158178828674,0,12.63968009574197,0
2025-06-18 10:10:26,HM-A104,33.32077139332328,32.636502338145654,4.232866280032368,0.06637528156591414,6.306771808305574,169.8949430961473,1015.2891081494475,12.562535169908559,6.34231916754718,1003.6921538275834,1.008768102908492,18.53666687907812,1,14.136176573243475,1
2025-06-18 10:10:27,HM-B210,36.344565742840395,35.575580348928376,3.6202815861945674,0.06419942470005907,5.379649601854697,240.6573975548277,1015.3133291347197,18.99655670799842,7.733491359490535,935.7927885227949,0.9907435620936695,25.85020564493789,1,12.871701934038217,1
2025-06-18 10:10:28,HM-C315,32.749487813629834,33.7206309204211,7.595902036302077,0.04472748584275214,5.967142368630579,306.5330268766398,1014.4666073533523,12.85564169177755,7.346612695058396,934.4227571925084,1.029717921789629,19.573294861009927,1,14.402630467889944,1
2025-06-18 10:10:29,HM-C315,38.3207575866673,35.347695544465545,6.674693264539739,0.03740263346505442,2.3339276818379027,252.7583921007923,1012.4754093484622,14.916663371966987,6.805404907760009,943.9236409932404,0.99157630076104,16.61335844355101,1,13.706556798041772,1
2025-06-18 10:10:30,HM-A104,38.863510493363506,44.508178854159844,3.9100389756009797,0.03240900930464648,2.8096790820086834,208.5676539184466,1011.9390125545877,15.109933788248751,7.47762380599991,1008.4404641476059,1.1190438712514568,26.21694921007016,2,11.302343749567369,1
2025-06-18 10:10:31,HM-D420,34.7852100101018,29.67621922326161,4.732405944778342,0.03912051847592249,4.512780220007667,209.30642298045905,1012.9380592080433,14.646342205134102,6.774486305608677,895.1091529714632,0.9015294105255565,24.091559685418503,2,9.834047111049134,1
2025-06-18 10:10:32,HM-A104,35.36090905088287,34.15679065675863,7.21434019761692,0.022505768335812342,5.503466442747461,222.02091944018227,1013.0426776039628,13.440506204539844,6.039333044169528,937.6652678099083,0.9603489162257486,21.337828912029433,0,10.585496543227741,1
2025-06-18 10:10:33,HM-A104,37.37187724058804,38.53194200151112,3.5176693774077172,0.04966733881648196,5.2656526469960365,229.8497120401602,1012.9470072808533,15.910404367271834,6.442601609655599,1022.3354484928187,1.0339046991267407,21.562253640493648,1,11.742285852247246,0
2025-06-18 10:10:34,HM-B210,34.00473984183945,32.99929579107088,3.598837944787867,0.07305005928185908,2.88700183730335,193.21659166925718,1013.8344433605495,11.952120321245339,9.036035347802738,1036.705189597823,1.0092801317378757,24.40309571309637,0,13.347132967026111,1
2025-06-18 10:10:35,HM-B210,33.817100576893665,42.90270920304185,5.7050907084572815,0.05125239757469726,5.862848429971751,259.87784253466157,1013.540999472395,12.868393498867945,7.07844003730636,1068.8203913322018,1.0218152760238055,28.806512035538137,1,14.00220120763569,0
2025-06-18 10:10:36,HM-A104,40.0965801201028,38.39229576505919,8.405741840391832,0.017935274431288034,4.402381545706574,266.31611976934016,1013.4783609376808,17.243678344229263,7.124495855717367,873.0064495196002,0.85,23.60686150965734,1,12.429786936442866,1
2025-06-18 10:10:37,HM-C315,37.28677654540992,31.405547924151882,5.080747327801174,0.049102015319360356,5.433273278835025,239.4937632133173,1012.2998839959204,12.805100847147164,7.618622690657671,898.8251139886297,0.9908961042076202,23.879287392103073,0,12.748937293079099,0
2025-06-18 10:10:38,HM-B210,35.60472660573511,36.02034351137491,6.574716859230051,0.04389077127261749,3.773906930964214,311.3716193547698,1011.2015942291506,17.59508927592973,7.983061994234687,934.1085427705773,1.0003094225353901,20.171918660668858,2,9.027439206652215,1
2025-06-18 10:10:39,HM-D420,32.769702778606955,31.476956329060993,3.473840365566998,0.048925896066059515,2.647514775215847,237.11577819513147,1014.041963177223,17.76587185461336,7.019270392897927,844.7893012830305,1.0304202673119265,21.0550030081511,0,12.07405677240428,0
2025-06-18 10:10:40,HM-B210,39.130878392236184,31.016708428229528,5.54157851290405,0.023608625108533433,5.515014185671833,286.0839535867898,1013.0910366546998,17.805518678998492,8.087546176414921,1019.7943826309702,1.0177785893638178,8.741499017014196,0,12.35891920966109,0
2025-06-18 10:10:41,HM-B210,35.28870446945758,34.2990101014521,4.460577932222658,0.04006714684955899,5.063576262960389,208.36894153926715,1013.6132155611945,16.687766249918106,7.0238607070299075,973.0775137917487,1.0006520511938717,18.227181481986406,1,13.173283375127713,0
2025-06-18 10:10:42,HM-D420,41.651711114676345,41.31880580950891,7.799937617940124,0.05766197801990676,3.005250780496427,258.9983610175054,1013.655083502327,12.24132792240887,7.1915395000022935,937.6225056299708,0.9948971611159872,17.739664475210652,2,12.010934290637065,1
2025-06-18 10:10:43,HM-A104,39.14827524423361,38.727225198923584,7.398036266619696,0.018600042189812906,3.698192739370135,263.5015191251997,1009.9597803665363,11.923578419332571,6.814421255260537,1032.3761123135548,0.9370216320167586,17.632251379236727,0,11.74875332283608,1
2025-06-18 10:10:44,HM-D420,34.97964536398183,34.88711196751372,8.419125105277043,0.031017535376934274,5.323304551337036,228.68214721348326,1015.5822667484936,12.760664110861999,7.815086404878385,889.5799813940367,1.0172514076617782,20.47240358616524,2,15.332449896271326,1
2025-06-18 10:10:45,HM-A104,35.21132075717132,38.905930974011966,3.9567660663538877,0.03424292710838209,4.747242729727689,255.01666804219894,1012.1523463845527,13.095245512581588,6.094622754909899,1040.2957453757936,0.9938487880831897,20.89697318546032,2,10.43247041350111,1
2025-06-18 10:10:46,HM-A104,41.30462790736083,36.34309355207914,5.053247311108913,0.059967342377419366,5.102030605572176,228.3770785393508,1015.0609168553318,12.399787595260621,7.383158532231722,1089.3559659097161,0.9784089490049193,17.739542900731408,2,14.549760696527006,1
2025-06-18 10:10:47,HM-A104,36.789351382913736,29.15053487187356,5.562750386486091,0.06294998493157034,3.8707759329511155,240.642542331022,1013.6369843800288,13.632226374014252,7.673786558880512,974.6244387616424,0.9993437980619557,27.0341726074521,2,13.435333628029122,1
2025-06-18 10:10:48,HM-D420,35.71672192919158,34.27431190405845,4.015298545511174,0.005,6.207752298121895,241.51275913458264,1011.3821437129521,16.53912673890818,8.020168620588088,949.4288346408694,0.9820122444826864,24.39596911697052,1,12.310851692993381,1
2025-06-18 10:10:49,HM-A104,37.06930422119142,34.63420202009267,5.196582799591105,0.059950175726591254,4.366619459802742,207.83731682039218,1011.9385421438236,16.30188633836335,7.637038271661309,963.4682483511945,0.9276441699539528,22.825247121511975,1,15.803658820482267,0
2025-06-18 10:10:50,HM-C315,35.705218374865524,38.80845168462981,6.363467054538244,0.06357910166534855,1.6590507443549738,265.68668915342727,1011.966315926806,15.591399756768544,6.464041233723245,838.8702777616943,1.0328455689197105,24.582156930970733,1,12.403294082507173,1
2025-06-18 10:10:51,HM-D420,37.602621192770414,32.16764749698952,4.174451708402744,0.06229374855563806,4.628326727866104,267.75949448572527,1012.0525850088101,14.570423694671883,7.6616752222711435,934.2826001624298,1.093592288653503,15.123058706615451,1,11.214638681704798,1
2025-06-18 10:10:52,HM-C315,36.810440946204345,30.43667712169615,3.944965310394462,0.029407455213244088,5.22593127260345,238.7993290833753,1010.345966343795,14.863435004288881,7.792065049089176,1114.6430134337618,1.01386230432279,15.009868826755383,1,12.821048273090886,0
2025-06-18 10:10:53,HM-A104,39.18876995127877,34.77226521606597,3.8455163357452,0.035403961038124175,4.856492047801893,257.2610812133366,1011.8023071255773,15.60214638971201,7.719249066846628,1119.990494689583,1.0147687364870348,26.872830582097826,0,13.81362278355492,0
2025-06-18 10:10:54,HM-B210,36.02856474190219,31.772877480027237,2.9844464228169683,0.0086515747153295,3.988036674535853,222.40705153473905,1014.4510727614962,14.053510476743757,7.008471061818021,957.3106708365265,1.0749781454002671,31.527281750175327,2,13.328955409511865,1
2025-06-18 10:10:55,HM-A104,34.78795908327588,33.38245390208182,6.280989300640276,0.005,2.1555375941267205,212.43037613104724,1014.6046334018238,16.95467464748413,7.077976782816415,906.4258518603116,1.095158459528912,22.218016870254154,1,11.689679684693132,1
2025-06-18 10:10:56,HM-C315,36.127538258441035,34.59560213554437,3.9414974964111793,0.032769711896112705,3.720032637583259,238.00194177109083,1011.9856132149371,12.37065964270172,7.996629575862515,1032.3078540420915,0.9912127403867386,31.00178839884662,2,13.49769475382153,1
2025-06-18 10:10:57,HM-C315,36.112290254439884,33.084779181377726,3.7833390046267996,0.04152937431080587,3.833338633938069,270.73061410969626,1010.190698157749,13.446315559398213,7.201675999474052,947.1368230573336,0.9638892251811506,22.00468140258045,1,9.92295059235496,0
2025-06-18 10:10:58,HM-D420,36.80616546201502,39.815913714264084,5.79360475275911,0.0435353894397417,3.7089707991664658,247.73713491665225,1013.9463776522146,13.148736987030473,6.436781376927373,1025.712697037998,1.021823341276598,19.16546133550515,1,14.541857566626733,0
2025-06-18 10:10:59,HM-B210,38.58635072014306,42.071475530022106,4.984075968676229,0.05642279308295775,5.2343563852891135,236.84524936247675,1011.3818928914172,15.91520237754456,6.872467479387115,890.5576142987122,1.0078758517547426,25.921045880340195,0,13.700165583433343,0
2025-06-18 10:11:00,HM-D420,38.4497724186798,39.314553714791074,4.2117044598423545,0.10122271569786695,4.099892347919021,260.0696514879238,1011.4989597285264,12.599513362349509,8.393192212932076,974.4541716583185,1.0483101107408532,13.397078802203051,2,9.246312815874038,1
2025-06-18 10:11:01,HM-C315,39.99914668964642,26.14401417422568,6.215943215999003,0.0320801867020602,6.158010126682913,222.52403464793255,1012.5757491253904,13.165841808409528,6.125071065003892,921.1048220941672,1.0001866627155167,19.650479624597025,1,11.40247280661307,1
2025-06-18 10:11:02,HM-A104,34.97127580566619,31.790131688490828,4.151830802138865,0.018888617241808837,4.229328306366692,213.21220740464207,1012.4352966978367,15.848758139963202,8.240223689077197,949.5509087559317,1.0038374605150546,18.689636608084513,1,14.369423664955015,0
2025-06-18 10:11:03,HM-B210,37.971800307627774,34.106739404839026,1.7345735415590822,0.050922693611745826,5.959061025760315,239.41833315161347,1011.8153691398784,13.262326062881554,7.219303780006045,904.3376352817754,0.9519833821710727,17.200879061324635,0,12.154678115249007,0
2025-06-18 10:11:04,HM-A104,38.81829961755179,25.76863370324962,6.99986448305872,0.04444484773911885,4.757357999320485,224.49847462950964,1011.950904842027,16.67643732241232,6.139525932517626,938.8307707006023,1.051066916535018,20.00625177386835,2,12.446833134607006,1
2025-06-18 10:11:05,HM-A104,35.31444898422034,30.620541414253598,3.757706786466007,0.028509571583613093,4.816574274395883,214.31355020060923,1012.2470904432134,16.62938165456243,7.833716821808014,974.2297276154748,0.9682318783209739,23.161813652029675,2,14.609032192129321,1
2025-06-18 10:11:06,HM-B210,36.48092236754405,34.04285015383725,3.9215687317171026,0.0582170434824478,3.6805621294010704,277.1183514000095,1011.9290184293039,13.924290991860317,6.63071749761859,1005.662341002179,0.9403299993525673,27.245863718527062,1,11.610353852421923,0
2025-06-18 10:11:07,HM-D420,32.62505531445301,32.75512959435469,3.928194408532926,0.023761300305706494,2.87923948984919,316.09019388315113,1012.0233696221801,15.25523843619228,7.275029372537067,937.1535284214519,0.8673741682478131,26.166143881581533,0,9.282912375925445,0
2025-06-18 10:11:08,HM-A104,39.267144237814335,35.04325088654459,5.0894014834619545,0.03742866561057222,4.412007894947912,203.36162880549836,1012.5414050670196,19.118683813409074,5.730129637326228,1066.0124228590316,0.99494088513365,15.625212714574552,0,14.573335711190865,0
2025-06-18 10:11:09,HM-C315,36.461254494200325,28.09585819361523,4.588636314190564,0.03858164516866993,6.524216022302597,237.52318751907654,1013.5300359716845,16.744147301375857,8.276271274664492,847.0539496128474,0.9644810525757499,31.159539853668004,1,11.844276106250243,1
2025-06-18 10:11:10,HM-A104,39.0164104417025,32.69858824641582,6.482106669287208,0.021045745954609885,3.9495635023095828,255.23384166255929,1013.373579095511,15.988270757596668,6.96471949314744,830.303822885796,0.9883149437109918,26.985405206928128,2,12.460247564720376,1
2025-06-18 10:11:11,HM-B210,37.51512379469878,35.7595487536329,7.467670988765606,0.0058059004049946655,3.759155517159055,198.3818460425582,1012.1867441704603,18.103683169137174,6.709239917357743,902.5147218990041,0.9755633005876161,22.16196237162159,1,12.208183460677441,1
2025-06-18 10:11:12,HM-B210,36.53708692756282,35.05100735712435,3.981200782351449,0.04437900024775171,4.293696204531506,243.31721793345676,1012.5249599994136,13.072660843916603,7.353078026513188,950.8548482425313,0.9817348503201512,27.381771279768625,2,11.772411065157552,1
2025-06-18 10:11:13,HM-B210,33.017993001618784,37.234467888239415,3.592988863952374,0.06737430976978048,6.621825532851373,245.4967987142594,1015.0165236251388,17.511667136474912,7.908273186751392,1079.9015621558851,0.9588261002787718,18.314797344475004,0,11.205293454845567,1
2025-06-18 10:11:14,HM-D420,33.4626184732089,36.942871809987665,4.217147937969244,0.05921803711295953,5.444324358873099,264.39882702578944,1014.4799506551144,15.711221899047086,7.048932556174462,935.1328992702254,0.9626042687105754,25.37841102102977,1,12.230010215406498,0
2025-06-18 10:11:15,HM-A104,30.517134539145644,32.964465156229174,5.658587436980455,0.06055599164408219,5.957115511449394,226.81805752108656,1013.8223271282883,17.914273622839133,7.88299229806548,874.3085256495792,0.9525439436850794,14.261638673584226,1,11.065852718154499,1
2025-06-18 10:11:16,HM-D420,35.59346629292836,35.60059441537561,4.825458546856128,0.024021006083261978,2.123592966297451,233.0645059104974,1010.3430022429139,13.955728469566322,7.17938934091362,898.6323196846229,0.990165256516908,20.77111821001097,1,14.556516587914599,0
2025-06-18 10:11:17,HM-D420,42.69562175795312,31.000034526524818,4.249382734685729,0.04428139142980601,3.5104433409733224,279.14412406665286,1013.16057579478,17.784986707872104,7.27051403867624,956.4773145522604,0.9427405466111234,27.456854816650893,2,14.323645801001415,1
2025-06-18 10:11:18,HM-B210,33.780131526205004,33.64885840486356,3.0544842548503053,0.01151680570858445,3.5520789872618357,262.5827086652382,1011.9867914821265,11.51540186588715,6.559437732664724,863.8702883347061,1.0628907565032069,20.167194570119698,2,13.329814304044486,1
2025-06-18 10:11:19,HM-B210,30.421420291450232,29.72191264025147,1.686666735799352,0.04337830025717574,5.863305023683502,271.83920915974636,1011.5652330318255,14.248215754500125,8.0453337775417,1104.3941023650546,0.9995472494841269,20.3426792067182,0,13.281692943156282,0
2025-06-18 10:11:20,HM-D420,39.40667229896383,40.32712216138129,3.492923667197851,0.06777569014949596,5.291856033199995,197.37764344212275,1012.4604674957002,15.54519726247328,7.736301859431992,762.6742897418275,0.9232290140545707,19.583747104825314,2,9.950809972537428,1
2025-06-18 10:11:21,HM-A104,42.90929467324175,33.63252849734634,6.896623792777819,0.0683967424678815,5.767069047131267,229.9501510579522,1014.5706125926534,16.313639758840452,7.639208388073679,888.9543356952308,1.010988929686001,21.211110603221794,2,14.1965688731251,1
2025-06-18 10:11:22,HM-C315,37.74480266314951,40.31971723114032,5.653989159596295,0.0806089733528706,2.2492944008308475,295.48794106721357,1014.3324165374829,10.813427392024597,8.053502880483062,905.0723643634477,0.9550934188410607,17.952886498370656,1,11.826280896723214,1
2025-06-18 10:11:23,HM-D420,37.7218309867999,36.55748034344223,4.7126970158937,0.059783560486922266,5.832405604995397,247.48178949414196,1012.0707287610109,12.508607554099234,6.360562066229407,872.0056218114707,1.0522470987556647,28.327865901848043,0,14.525365506940147,0
2025-06-18 10:11:24,HM-A104,36.22529481589062,30.571688691718844,6.094680194836084,0.04951498111754507,5.291191667564854,246.22824374352987,1013.1269304843674,12.832778556006394,7.256936637093372,1003.8372287775552,0.9693402498341546,17.203547534832474,0,15.04611968661247,1
2025-06-18 10:11:25,HM-B210,32.51435692372485,36.2555329950076,3.068175267347871,0.057494463648042685,3.391087383558978,247.5324050778375,1012.3676599499668,13.128679081662925,8.086980081113632,897.4862949865501,1.0696679970540237,23.295646280789136,1,12.137478384439179,0
2025-06-18 10:11:26,HM-B210,33.37322020564131,39.048591325439226,5.085125077333433,0.05361148319303744,4.263689728224983,297.09983052219866,1012.6399002233982,13.499029091984527,7.171922222237811,999.6354620047719,1.0499856492516595,25.382342408768764,2,9.136161782322521,1
2025-06-18 10:11:27,HM-A104,36.20811667650371,34.612096041987435,2.3204673134900866,0.023854915051769288,3.427696586745401,227.61363446039942,1014.4963338378278,15.329460386073997,7.318122846151192,1076.3724611003088,1.1820115800088966,19.056701941131227,2,12.84704201180171,1
2025-06-18 10:11:28,HM-C315,35.72886164992564,35.370146761706195,5.519028539230224,0.009693400388678143,4.384069542468149,270.1438745236841,1012.9052675040385,17.952503696990167,7.295276683238793,1048.9771096291709,1.0048730106545092,16.17528362311757,1,10.764303254229429,0
2025-06-18 10:11:29,HM-B210,36.712067680575146,32.24271345822461,5.389272764068143,0.05765517438839504,5.039226590353626,257.91814178162616,1010.3642203153654,14.249445546124658,7.578327655756144,962.7737388564253,1.0344754767952304,19.687954751971024,1,11.600707500891193,0
2025-06-18 10:11:30,HM-B210,39.073312059820395,35.12051613238674,5.424962334782973,0.08186696521117046,6.185063481781063,209.01371858196805,1013.208034437293,18.09161583213298,5.661183463290557,950.1451623307834,1.0006300105795563,20.416816590412953,2,12.18357709527739,1
2025-06-18 10:11:31,HM-B210,35.545405420207445,36.18949094401071,6.751427119939739,0.05847942855743245,3.3726967759572437,241.04159561577083,1015.7245532180393,15.16971017689511,7.295244832796863,1020.7189185043298,1.004252616361772,25.67545561213148,0,13.921337032375567,1
2025-06-18 10:11:32,HM-A104,39.12429189101153,32.105920929407446,6.163992194793666,0.005,3.9369405021572894,224.98626810841668,1011.9500018903692,14.571657358283169,7.517570357137984,927.0942770052585,1.0616490030680363,21.40856959100118,1,13.17475994983634,1
2025-06-18 10:11:33,HM-D420,35.56177572524307,29.603520316601728,3.1866295770091035,0.029613963119219745,3.176484934463111,211.8025813332414,1015.3228138582614,17.09039368698361,7.514172063290587,910.99871507637,1.0386275148974538,22.010020794779805,2,14.808562402637968,1
2025-06-18 10:11:34,HM-B210,39.59559898216439,41.43985249791597,6.774078991821017,0.0360661446025555,5.4198760815761515,285.89239567931384,1013.9261972307607,14.687754371106076,8.480170131954672,870.7531503499399,0.9953952336979105,16.378932186278337,1,11.308531223569501,1
2025-06-18 10:11:35,HM-D420,37.21591891768356,38.02060252992371,4.685822077522005,0.005,2.609302190706721,213.40141946749554,1014.7643905134845,13.43591686914718,6.732126966915798,974.6840925123231,1.0660428862413647,21.2247418079302,0,14.190460446673455,0
2025-06-18 10:11:36,HM-C315,35.91042414769622,32.26170947314308,2.0447772475031982,0.012462059164206011,4.712416634893265,272.47912678213146,1014.3131630815541,17.65218004286467,8.518251988501252,865.523944703514,1.0500638713646442,27.745909608569278,0,13.6623659784581,0
2025-06-18 10:11:37,HM-B210,37.173235151372225,36.09828628579027,4.836866562638293,0.03925849011665054,3.029054412537973,224.15155805861585,1013.2666920941473,14.923404540044398,6.909780936172309,893.3927789251329,1.0778278919285809,26.384943587847594,2,13.510201488314681,1
2025-06-18 10:11:38,HM-B210,36.26615289460608,27.607106661635054,5.970693635213518,0.045232687554054116,4.554974321881523,290.722407753316,1012.080133282866,18.582180324229682,6.120735638888542,1118.3232739924215,1.061015660089329,19.98795536133335,0,14.167372570668492,0
2025-06-18 10:11:39,HM-C315,37.28283559419993,25.11464513044822,3.4792221545810715,0.020279717146005533,5.887094071133078,237.40561326671596,1013.2635114980591,14.290217860248694,8.404425480153172,1003.9111738874462,0.9823279603262791,25.32064420176875,1,13.743672886314782,0
2025-06-18 10:11:40,HM-B210,38.89526549629368,40.420665437389005,6.999287365560783,0.011541207189127541,3.886484683050375,260.06972724633545,1013.3497729264715,12.33716747015216,8.042153088151473,982.2835887140094,0.9769746163866225,21.439611477654775,0,10.074587048482881,1
2025-06-18 10:11:41,HM-D420,36.78196100396087,36.1477557013077,3.615025161271756,0.06386611758434871,4.765044048959267,233.01157704458248,1014.4573394203189,13.461119677689005,7.308877610103173,892.3585530218976,0.978725913489003,24.016805839606267,2,11.633657475339419,1
2025-06-18 10:11:42,HM-A104,36.07607786786555,34.76148765257692,4.278362063696569,0.03234942283242049,3.4282005472042147,184.9892848565441,1009.6234846162179,13.658589988514725,6.7316133793214235,1011.7071465864753,1.039043801385944,20.8218312881337,1,13.962007880311168,0
2025-06-18 10:11:43,HM-D420,34.19120948772293,36.16328602406477,4.002893696388396,0.03521175648630935,4.365083015478386,199.9737679993525,1010.8551946399768,14.808703691385789,7.033041463135396,868.6605564609134,1.0671449657957421,18.133494779921868,0,13.225598724064906,0
2025-06-18 10:11:44,HM-A104,38.447945048229286,51.130658294598504,2.4365356832302867,0.029066595150201182,2.630520488196704,193.0581683625678,1013.3544549856047,13.411469400476932,7.404340235364865,827.9802524088518,1.0529164992024995,17.929481697410548,0,14.059038127917807,0
2025-06-18 10:11:45,HM-A104,37.87068056600681,39.34547643122662,3.510299565919453,0.02457649415099695,5.349259088156511,257.61473401402054,1013.4990957366358,12.49412375644966,8.310132767569112,905.7915266949237,0.9285963394664543,24.10773807824535,0,12.806208725005982,0
2025-06-18 10:11:46,HM-D420,34.0451428726812,29.772798668125965,3.9322110432413453,0.06605566553642088,4.001443139303689,249.1401290838936,1011.6991615873882,14.354112234510792,6.147041612171273,855.6234777440097,0.9642739655308102,11.413794390607672,2,11.703513595226692,1
2025-06-18 10:11:47,HM-D420,39.088735694801905,26.598118040398376,4.804841699230425,0.022404073092591622,4.249405141863994,267.8403930143097,1013.5359168706451,15.182951423944338,7.03175163495687,987.2070452643707,1.0341625277182214,26.257660759391204,2,11.26912399990964,1
2025-06-18 10:11:48,HM-D420,34.00453991849416,40.27267881679708,1.0,0.04359366985154528,4.583044803882366,229.62435858613543,1014.0175335648585,15.823400074893813,6.989316900035748,979.2733570540272,1.0614492706020398,21.03860085120861,0,10.030385114983327,0
2025-06-18 10:11:49,HM-D420,39.573054478084735,39.280479271150035,6.0748295350397425,0.040174086593024655,2.1399069055391546,184.86108103394994,1012.7079366496473,14.96636348800037,6.812323387884184,968.2498701369968,1.0154054060581035,19.43011265726146,1,13.291096006277094,1
2025-06-18 10:11:50,HM-C315,38.71965831796754,37.875303837752206,6.060010552165506,0.005,3.669321039869297,289.0575828534405,1015.1443335695097,17.732385467679812,6.681765162277223,996.6913924069956,1.076399715355738,25.994915225598504,0,10.330097632886943,1
2025-06-18 10:11:51,HM-B210,38.04916380649517,30.935604845503036,6.772191868384066,0.04481893763998636,4.662288889504005,279.698831641066,1015.4246666330471,15.12283652747184,8.485787254068104,993.2079723484505,0.9054688927286136,10.93282815146221,1,12.500887115337644,1
2025-06-18 10:11:52,HM-A104,36.05751210208241,36.81642694941988,2.762516782874898,0.00912062203049533,4.308096323837347,261.21723956393936,1013.1826771678894,10.632740195616257,6.558450766755208,895.8453240855548,0.9895325873133536,23.84851844234656,1,12.32760174178326,0
2025-06-18 10:11:53,HM-D420,38.43944945666613,31.383274156282674,4.560752870252246,0.05270920217659825,7.112814582951957,283.32623814619245,1014.2613086145493,15.501037364265173,7.307797524909084,988.3956384157544,1.0708569699749841,28.562765845834967,2,14.171642061501068,1
2025-06-18 10:11:54,HM-D420,39.69092998810295,38.31390943010481,6.412153430224338,0.016271669405659796,6.01046114526489,246.95226519842168,1010.4554573172193,15.014804077530025,6.256068830005357,975.1007818664968,1.0169569999241352,16.512780515488668,0,15.940293843437768,1
2025-06-18 10:11:55,HM-D420,38.48087980277043,39.91328453636171,6.541243726591814,0.05044037221198299,4.6675140297299915,257.95530859851345,1014.6100569785218,16.470477098829114,7.89442468552858,900.717194198904,0.9597477953700551,20.181961653040247,2,11.918607150744768,1
2025-06-18 10:11:56,HM-C315,35.324374945684404,32.28263620585233,7.218396407378833,0.03140988310526443,3.2730010419266717,228.89096892835616,1015.1989792589549,12.76123911604594,6.805622002258933,921.3831719899642,1.039492051014447,23.810054716992056,0,13.287463233110936,1
2025-06-18 10:11:57,HM-D420,37.66851745588866,40.65905080607712,5.154072461858315,0.02651350505595232,3.9060787013780685,217.87905151647323,1011.4768950539246,17.122897333344685,5.437110861323485,1018.1873730185883,1.0068707335728238,15.717120112405755,1,12.497275322909768,0
2025-06-18 10:11:58,HM-D420,39.83008746573759,35.57426199781355,4.9160392130872195,0.04421132914623118,5.289761871229581,202.69956184442418,1013.9250835353695,15.533849140598681,7.97870306635312,844.7665861093471,0.9769015233588162,22.98428880504828,2,11.156591826946558,1
2025-06-18 10:11:59,HM-D420,42.49774545139176,37.459366062209924,2.66307620571749,0.010562818645647568,4.591945362021001,227.4171667786597,1010.1896757156313,15.271206456777016,6.756343800125787,976.6784837202833,0.9214190036727501,32.74962939002467,2,14.272503328163491,1
2025-06-18 10:12:00,HM-B210,36.48696756375201,28.45183318154598,6.597314291340965,0.038615586820734765,6.0313250183830664,329.8591386899802,1011.8198407073687,16.87694315858715,8.248303078612084,941.3338605515186,1.0348123703980943,23.308688532875923,2,13.099835598648278,1
2025-06-18 10:12:01,HM-C315,39.144707765328576,36.1610725297745,4.309528637500929,0.05564500079880491,4.582444083268821,204.39179887547434,1012.2195184949627,17.3191377538594,8.071265301888273,947.7504087940683,0.9456641177980705,23.176263084729776,1,13.383993808761252,0
2025-06-18 10:12:02,HM-D420,39.836201300210796,31.62207806292666,5.050911466153595,0.06085208863248916,4.639000969145526,221.87018259254404,1010.7878704903235,17.12408703063771,7.110992292451807,927.2955553174193,1.1071091312211567,17.184558781486118,2,13.846299243609568,1
2025-06-18 10:12:03,HM-A104,34.96898750252559,37.373167270070866,4.950755859134033,0.03074738172552422,6.44905459609492,253.391860871309,1012.6430145367539,10.309108808684538,7.516899043878824,983.6916897347774,0.9108768543414747,27.318920049508474,0,13.857140323670937,1
2025-06-18 10:12:04,HM-A104,41.4551957951537,42.33581334825631,1.4080216123518694,0.033666953989852116,3.184123122320365,321.92367129172396,1012.5440575583169,12.155077185356525,7.2756998765015926,823.8504706355329,1.0027403937151977,11.09797212652739,0,12.252967953983477,1
2025-06-18 10:12:05,HM-A104,34.33703828979139,36.44760104658176,3.782816413944925,0.010161950746137495,6.580629052101957,218.5093524318765,1013.9251652850751,14.120445051245914,6.0791997074612,970.1698219024797,1.0375774698006905,21.853489946106105,1,14.075730903513733,1
2025-06-18 10:12:06,HM-C315,39.02246378758244,30.49572546783408,5.680822055054771,0.02498573676238737,5.423559375656569,231.14110197956757,1010.7291533518662,12.622314166472334,8.33870423395388,866.1087793520237,0.9491484074004297,25.663160549756558,2,12.25632486283598,1
2025-06-18 10:12:07,HM-C315,37.76329944886766,38.132330458887935,4.927121295828225,0.008797789861809614,8.382564243702342,270.1451482751835,1013.9350141321967,13.60937748886985,6.995296116263129,1032.5295410382473,0.964523457139629,12.000600221500545,0,10.69366026733073,1
2025-06-18 10:12:08,HM-A104,37.1389388999954,37.00894372893858,5.692734463754615,0.0488014719047036,3.6582811551954983,268.4482054513018,1011.8162477940068,14.89755511639013,7.2188908222188966,846.5722288243863,1.0425105643211605,13.942936378478755,2,13.247622331292982,1
2025-06-18 10:12:09,HM-D420,43.36708320362161,45.293008732001546,6.175770410467077,0.05684333439458808,6.455284524132282,229.16435386605474,1011.0822327480917,14.059988790211488,7.230313948589629,758.3297343001309,0.9524643929295291,16.090104920615296,0,14.53308261554376,1
2025-06-18 10:12:10,HM-C315,36.246861911683,36.26983980450472,3.765139129036279,0.030915516563674614,4.660646250798951,224.9805554122,1012.7054123902049,14.951850032837147,7.01916569851217,814.1384279589587,1.09603164712315,27.49158041994479,1,11.49725667116964,0
2025-06-18 10:12:11,HM-A104,36.20663601817848,32.072625043879654,4.227274579031292,0.018835357026108373,4.277298959277017,263.4370160214246,1014.1291146638376,17.719420119989394,7.711701861681102,945.4740338856321,1.0027818126184302,19.454007237744655,0,10.128312116364695,0
2025-06-18 10:12:12,HM-A104,40.32869701849449,38.85320612823189,4.788219311661799,0.04616383547159348,4.865882684161341,240.88555606293716,1012.2736855732757,18.561429735578653,7.122172771603739,825.7650121165836,0.9790247572271715,25.586169808497086,0,12.689603165505387,1
2025-06-18 10:12:13,HM-D420,38.90450944521696,34.36160963847203,6.160248431816235,0.022640685870301547,4.650257695334466,258.6247708068645,1013.7708588943059,15.746615983409367,6.789600921324385,845.4813554700874,1.08110663250898,24.94087449963765,0,10.929729986913484,1
2025-06-18 10:12:14,HM-B210,40.20524730239639,35.40125494855887,4.64885294268956,0.05343877737693191,3.5653008584519674,244.91971596874907,1013.4183596009575,17.670004210642002,6.868428486248128,894.1831882485982,0.9470709050523044,15.357657738577894,1,11.64818407120121,1
2025-06-18 10:12:15,HM-C315,37.29217345585278,30.35761984812224,2.328354268956686,0.07870860565407112,4.342034559417456,260.53991723282803,1017.7019979971369,14.202228115316345,8.530132970674718,992.3114696036371,1.0864880371748622,20.442312149098573,0,12.641742057904407,1
2025-06-18 10:12:16,HM-D420,37.792356542530406,34.38782593598293,4.702725692982399,0.02231133880597157,4.868528021607052,263.64445898159437,1012.5311215851499,13.750435832934874,7.247406458183308,888.6026938587752,0.9508810644478772,21.08788202276153,1,8.056792070257202,0
2025-06-18 10:12:17,HM-A104,41.75233903248643,35.15402348745218,6.099905676453057,0.02516648794219305,3.989813261301929,191.5667467442602,1012.7502641815855,14.849831784106907,8.499908277015944,933.206991176401,1.0629744060135375,24.044197842410174,1,11.814420700736989,1
2025-06-18 10:12:18,HM-A104,34.91011480104826,34.35825662131561,7.035529134227446,0.010808585969141436,5.148529784763034,236.10946593748125,1014.6618838212754,14.375185684396483,6.434998138300168,931.8950314824918,1.0932204769661644,22.910860910104006,0,11.924388635499186,1
2025-06-18 10:12:19,HM-D420,36.742807389770846,32.04556318784589,5.42086388627716,0.04292218186655754,4.144989102162151,260.01092643503927,1012.922433050806,16.35131870459796,6.683524131448187,834.365251232342,0.9948008793220638,21.737303696954232,2,15.273960363927792,1
2025-06-18 10:12:20,HM-C315,38.99563517856361,36.44114565172648,2.771004985401053,0.041562481371962647,5.050014358204577,274.31736070962705,1013.3764795528712,15.028897020942873,6.813426815078294,982.5352102007182,0.9946414948153208,26.65900288991361,0,12.265469452418605,0
2025-06-18 10:12:21,HM-B210,36.5103479497804,30.38263791579083,4.390443881277404,0.03458881407874595,4.905259358677002,240.0405889060213,1010.365030648389,18.01847417940266,7.134296473104848,1130.121791307131,0.9857460222604786,26.60145814786215,1,15.698100959138694,0
2025-06-18 10:12:22,HM-B210,35.57463530179241,29.205026997380024,5.712585721533803,0.04032294095104543,5.041598838853805,194.66349786185793,1012.8171263605666,15.239170685315138,6.62837561143129,811.7242742794037,0.9609049610609733,16.20713706659574,2,14.35329743000876,1
2025-06-18 10:12:23,HM-A104,38.54621128196631,38.5476808536322,6.299322137235906,0.019126500358896754,2.8815433893501563,287.4734747624304,1011.9423537714068,13.585920997514044,7.097362411614139,879.3916551187016,1.0042398260071896,20.205938206364937,0,13.172353428506794,1
2025-06-18 10:12:24,HM-C315,40.33951416622874,38.08875089043642,5.760607380834717,0.006736006463917782,5.816499370466331,275.66954442535217,1012.28073851813,14.054229919041969,7.360992626868271,848.1938365055894,1.0453371435612622,22.126951950284198,0,13.036666073828027,1
2025-06-18 10:12:25,HM-B210,36.64791409298536,28.46197759659824,4.622588692927712,0.024818604478189125,3.460753686224413,253.16397064721335,1013.3848080633586,13.811871261387013,8.0041090159381,934.1470560974047,1.029399716462686,22.338395278424308,0,12.987649963648146,0
2025-06-18 10:12:26,HM-C315,36.57852594797313,25.852224767837686,6.287773144663401,0.005,4.276975925831765,236.0646170300857,1012.9176363050656,16.46219419475267,6.125634522250131,833.9162194789144,1.0254320249459552,24.202889775997402,0,12.703090830079088,1
2025-06-18 10:12:27,HM-C315,35.38077993579142,29.956289773017158,4.039152361107401,0.022309435401426107,3.7249914955535397,268.0094137473312,1014.1582435518706,14.789693505409335,7.943139542943145,1050.2387423943094,0.9633249456104017,23.492502839923556,0,10.279004935435788,0
2025-06-18 10:12:28,HM-A104,36.260057891485665,34.35850502763401,5.276973609311207,0.04619454881982332,4.585618164013344,236.35145642207578,1014.4309757147095,15.236541443319158,7.7909824035624204,1063.0998673671268,0.9461175565471431,24.382174722945926,2,13.021668161987137,1
2025-06-18 10:12:29,HM-B210,39.70901519957546,40.77174787382753,6.124681117860102,0.04119330371293096,4.366651951791614,276.28029851174915,1012.734198903975,15.836853374949792,6.420630937118342,1005.3775003387129,1.0883918989884465,24.852521952186432,0,12.643114527014077,1
2025-06-18 10:12:30,HM-D420,37.20265717673414,34.2362771609374,5.8649537105053495,0.005,5.281431727856617,303.9026692400223,1013.4492206823874,16.078354381428387,6.569236088882418,1024.862045990319,0.9332509982694356,20.868208064365295,1,12.81502917056791,0
2025-06-18 10:12:31,HM-A104,34.987523347674276,31.15319475635984,5.89864245533791,0.06098693091194064,4.552659644413132,235.37110545957185,1009.9494928409567,17.115788411291852,7.4868039657580265,959.2277014663628,0.9924065699129899,20.651143610887146,1,15.112814956688805,1
2025-06-18 10:12:32,HM-B210,37.65590595080916,35.742931145415305,5.860872490430257,0.03610858205044943,4.029977786207205,273.41324794400657,1013.4718705462311,15.671917525801135,6.695984597006253,1036.3814191076729,1.03761545185749,27.579648541211657,2,12.188820948643563,1
2025-06-18 10:12:33,HM-B210,39.6279850274651,34.4299194237521,3.4269591840610545,0.014013527964344207,2.343110160135904,230.3456207554737,1014.5795186096336,13.08125825091,8.2967879422561,925.7247571383184,1.0760565540091014,20.014559794524093,1,10.902344499576149,0
2025-06-18 10:12:34,HM-B210,35.59528584113143,28.09496346273501,5.0263363248947375,0.03271290180226941,5.5611881589595775,280.8206883865281,1011.6353724894288,14.027374923808848,7.194712568784565,907.0828962094082,1.0010722110161974,24.959098732047522,2,11.658976469925431,1
2025-06-18 10:12:35,HM-B210,33.678486951011095,28.124685575406446,3.636131812336912,0.028339765023819435,5.121043412634875,242.60422683987383,1014.1332643624693,14.025374176731958,6.232249623835709,1003.1206651106676,1.0137177359354788,18.977486998071917,1,13.753028564675228,0
2025-06-18 10:12:36,HM-B210,42.47706289968188,28.259012489423533,4.565788915470501,0.02264522593717419,5.610149022146153,293.4348799651295,1012.3220395420809,13.544437234957522,6.3063593058407035,919.1656701767478,0.9763730517410985,23.338527772361317,2,12.926634483352723,1
2025-06-18 10:12:37,HM-C315,33.553676624891885,47.39925767453968,3.2467401049937115,0.056251854077151955,4.277527743978366,241.66999478089664,1012.1349712631377,17.07587422959118,6.007988815997835,1121.053564028176,1.0865414474971393,23.628282879270852,0,12.56907485751427,0
2025-06-18 10:12:38,HM-A104,36.10244359036054,39.299907201368065,5.517450059527931,0.017873500408656724,4.928319506655847,223.06851401505273,1015.1362817151241,14.703141162613798,7.116116628263481,1034.3258161882857,1.0686149931630415,24.595852409713615,1,10.439781365311298,0
2025-06-18 10:12:39,HM-C315,37.580321279646675,32.03141970732319,2.0522723792290782,0.04369292317006404,3.715929506483814,239.96955802649393,1012.9506585103284,15.356998401703613,7.154135383033512,905.399955526774,0.9499767581870223,28.361158114345216,1,14.296831371473644,0
2025-06-18 10:12:40,HM-D420,36.31893074688927,40.54133411414466,5.925921788912698,0.013173636198783988,3.606236041817687,243.30815684511597,1014.300223619196,15.668470974553633,7.61021192781462,936.5156681079563,1.0328150974605754,18.00298107712292,2,11.582486742380137,1
2025-06-18 10:12:41,HM-B210,36.81272288836245,32.15971856169268,5.023021681728547,0.03926207813814573,4.159678067365423,257.09040108926985,1010.0710737674641,15.418179888656883,8.210287387407824,938.7428466138438,0.994199995113593,22.596924253120847,2,13.040760644032904,1
2025-06-18 10:12:42,HM-A104,38.44209541968648,40.37590198486865,7.853239466116301,0.04530845362495955,5.606168306662955,240.1338694014789,1012.0852449189916,15.619995726702976,7.209700659871789,889.9441362849924,1.015618557871491,24.6492815229449,2,12.349433014991936,1
2025-06-18 10:12:43,HM-B210,31.020695855718017,35.40153228534727,4.693099771968183,0.04534676560172901,4.170271111407255,257.3645967345654,1014.0673952046502,19.815985109889542,8.213805260923058,1021.0785452540307,0.9599324217178953,24.660106830839588,1,10.117482722713241,0
2025-06-18 10:12:44,HM-A104,33.83276382119037,31.705743751013514,4.692654954207027,0.04161612277414479,4.435096888431023,257.8936420642362,1013.1866141873865,16.352821049552286,6.616764253834187,880.1812143912578,0.9022859563027427,20.762139216383723,2,13.055584677956828,1
2025-06-18 10:12:45,HM-C315,37.11064846517582,38.399101729144846,6.023798423794111,0.03521969500524159,4.790933786255797,237.17686055098417,1012.7242000266376,13.158703179489752,6.022328746011927,942.5265443079941,0.9445697932979334,23.53873915924435,0,10.702678361610733,1
2025-06-18 10:12:46,HM-A104,35.98945747006597,35.68759786361842,4.780260928132338,0.018718116971457994,4.530411237828469,259.85212478921267,1013.9059665384264,15.632793002151958,7.834562374391208,888.3662998922575,0.9722197677426295,21.924289564605946,2,13.004681477261471,1
2025-06-18 10:12:47,HM-D420,37.323528145689,36.991338860896626,5.412249210949883,0.01894896421306253,5.717204683947985,232.41276213190923,1011.7529670473973,15.211480385033525,7.779746486103699,906.2339517070875,0.9750612132223299,24.959924798386403,0,11.71412797751539,0
2025-06-18 10:12:48,HM-D420,37.56913320657826,36.07753511592055,6.4916000631328705,0.045976576028237265,3.6023180974947144,309.9944220104266,1014.8258613762987,12.222226188177492,7.402552005688769,1011.4953571266993,0.8828254329039349,21.684837245557137,0,12.212060746923903,1
2025-06-18 10:12:49,HM-A104,31.71020001132252,36.02507386435464,4.598727743538681,0.014771823259928422,4.619691400974208,258.97370168009024,1012.6811296400139,10.231686131720306,7.745016342817416,1004.2485002224247,1.0155706885710882,21.74416174903662,2,13.564337792828521,1
2025-06-18 10:12:50,HM-A104,40.184100830379116,39.002769440433724,6.792890253547201,0.010185851447019105,5.069073328280783,268.3697462259667,1011.7763912422047,15.28341262926146,5.353137688537021,922.0254475183463,0.9295298548408935,23.084055891787465,0,10.607210987394625,1
2025-06-18 10:12:51,HM-A104,35.75433029224912,47.91903424408834,2.481299216728076,0.06859539631827036,2.5292647190688085,244.1396858701112,1011.8749027753223,14.439963520678562,6.824448614140026,1040.9738270262596,0.9980403094266719,20.003391203953946,0,17.14784717649153,1
2025-06-18 10:12:52,HM-A104,34.836217038059985,41.24395950274779,7.405219814532237,0.03480566205970099,4.819259323646798,228.38211366401708,1012.8776751707516,12.702180096419886,8.09507428783166,995.8375725652035,0.9408056539869428,18.963130488068128,0,11.231635122326768,1
2025-06-18 10:12:53,HM-D420,37.5208882398982,36.098225801415225,2.317750877832,0.052700293721426934,6.110429105414958,275.08001174668334,1012.3602845600452,13.91826078919656,6.993549837005692,959.3771249956447,0.9105351577084757,16.69461503662596,2,13.54717153427423,1
2025-06-18 10:12:54,HM-B210,37.267900569455605,33.446965425502135,7.028280967546278,0.05746976425771346,4.079411029609763,259.89658972359376,1013.7892390856765,14.481345709734013,7.720347007805016,1022.6574659610819,0.9975115444551561,21.46037527154434,2,13.852673815703385,1
2025-06-18 10:12:55,HM-A104,39.991727044136596,33.99632540999004,2.2003062975436967,0.04102253988262858,3.197950006997303,171.60194382489945,1012.9304456725789,13.834175915099609,9.282134660325008,1063.5147748036727,0.9899746166239077,19.060264511444007,0,14.791148368144047,0
2025-06-18 10:12:56,HM-A104,37.679682906925045,28.719353526947753,7.970876177614683,0.03246446574280716,5.060439957058156,307.76946027622165,1012.4660268540088,15.543349699277021,8.017817824044188,985.2026373280366,1.0047260464076773,20.814585698816003,1,11.49720624754912,1
2025-06-18 10:12:57,HM-D420,39.895277120060754,38.32271771276608,5.2413143203698365,0.03280429565391255,4.715384732044218,272.1347537035976,1013.53009025809,15.350883658386039,6.911888958193683,971.8437692691226,1.079811244367448,26.953161107710393,0,11.377810273244554,0
2025-06-18 10:12:58,HM-D420,34.65455656143074,29.92538654170829,3.582673651124223,0.07216061144537825,6.326936070316084,238.5681222750032,1012.2056878220911,16.597486883474723,5.786956875648063,796.3545476032403,1.0354872577599767,20.941362227227152,2,14.145519214121045,1
2025-06-18 10:12:59,HM-C315,37.35465263801875,33.13772843975369,7.79767965028271,0.028823843377440837,5.025201543958517,268.168972753141,1013.7370009501748,17.31425958011976,7.772698491481819,970.9861363959235,1.0985481950584592,27.031055183168405,0,13.316758897128365,1
2025-06-18 10:13:00,HM-A104,34.21313073168778,38.35174351451,3.366694891411037,0.0435286369153394,3.3677434842204605,262.6493172464813,1013.4895892293533,16.28837004602518,5.581287754112084,987.1997404733507,0.9846472594050091,23.54185237681844,0,13.350124313872113,0
2025-06-18 10:13:01,HM-C315,37.2441896389007,33.81337348101737,4.65896918077018,0.05354638293198223,3.3135021560052174,264.8585144912912,1013.4278642158154,13.63601204460556,6.568144375751154,975.1540266132498,0.9639166456007632,20.873641731993768,2,14.596345374022572,1
2025-06-18 10:13:02,HM-D420,36.71428011099528,32.538560047353734,8.907068436469036,0.04501419555714834,5.531782907585399,223.88407402478066,1012.4630782745963,15.33668082893399,6.607772641781547,877.9126847130377,1.0229333842012809,17.91984048209403,2,12.643256896392465,1
2025-06-18 10:13:03,HM-D420,36.60675643699774,29.012596569471786,5.593307231766364,0.06168767262521613,4.928294190429987,252.13466826641414,1012.0555862132159,11.789776877771686,7.1034245112445,895.0615422784824,1.0929187256061381,21.546318116992396,1,12.77129262542696,1
2025-06-18 10:13:04,HM-B210,36.628681119095916,41.02663366152406,1.9609778033269847,0.03226767972674423,4.430136677344011,259.0621868431721,1014.2130612073743,14.050064207564246,7.419995584567182,1007.7955109286546,0.9440534224167091,20.392561286696996,0,14.493917731341014,0
2025-06-18 10:13:05,HM-A104,38.84097367546149,30.833890672735606,4.590061673940521,0.05346700378818141,4.7068658453646695,286.9572854669333,1013.9210814654364,9.919817368169413,6.509761136784977,918.9559120844032,1.0700079187682023,26.73688677984046,0,12.764312611101563,0
2025-06-18 10:13:06,HM-C315,32.981600857493554,32.07062086526025,4.457360806236412,0.005,5.030323065577048,253.07817947133108,1011.4880214390676,14.294694801469713,8.042130187424398,964.2056334078428,1.0237550702167582,29.87525892227964,0,10.97865517876994,0
2025-06-18 10:13:07,HM-D420,34.75053034303957,26.041352900830695,5.282775314846255,0.06693830927739991,4.947383911013012,262.93580138193937,1012.3507583525475,13.929307860083687,8.334600102428832,781.7986695910972,0.9779377573545888,26.124956974395282,1,11.152277653432916,1
2025-06-18 10:13:08,HM-D420,36.89857043313706,34.9006947609605,4.933335542208066,0.06246300200963398,2.693427428732228,222.69178832535863,1015.0095654559428,16.38214294887623,7.006230293647323,948.748806259202,1.075164222745873,19.037248612002962,1,12.09878739603757,1
2025-06-18 10:13:09,HM-C315,34.05334227632188,33.3335255681922,5.81877574675039,0.03391148042390313,5.960036418204938,252.01845979174982,1014.4760112699731,13.065613734126531,8.057486105640876,1014.5037446782687,0.940018917600498,22.21937076363086,0,13.034493579175935,0
2025-06-18 10:13:10,HM-B210,37.11528526550261,35.909289584842064,2.7079186238120982,0.0487767687351288,6.04033287958235,276.01214749440226,1011.2449683173493,15.34192164643027,6.647858734789815,974.1665520919577,1.0333789464813108,21.092780670290793,2,13.937503415822444,1
2025-06-18 10:13:11,HM-D420,36.872868696897314,29.126841615212133,4.178145439721745,0.0578212993892494,6.672154087362353,229.47454818896065,1013.0178333716323,14.243145248530256,6.371097938089692,938.8585325558762,0.9907224381670523,19.642671683583316,0,16.09637354610316,1
2025-06-18 10:13:12,HM-A104,33.49060838736854,38.67090396767568,5.467765448047851,0.01924494144121658,6.4111266666533,238.35721449156512,1013.6285069006268,14.14982712746043,8.064485366211589,866.0317241819633,1.0558730309830402,21.63614374458097,0,12.13037721192138,1
2025-06-18 10:13:13,HM-D420,33.367087134364304,25.80394723576942,3.856787288845135,0.037109478088746255,6.207054920837016,221.08250003182312,1014.4904544558998,13.46234586921546,7.412940644563641,806.5926084193384,1.016746026609607,21.47073775707018,0,10.398218254554962,1
2025-06-18 10:13:14,HM-A104,30.440529411126835,34.539112500087974,6.6439153751869195,0.013885000455168956,4.156216630265232,209.33750662925573,1013.1906829176035,15.600571632834852,7.513975913675569,887.4899079560925,1.0548540633289176,29.3467612172754,2,10.107711410396659,1
2025-06-18 10:13:15,HM-C315,33.948324875795215,35.57744141569792,3.8867947361978574,0.06276832852720753,4.861643372984436,224.17758030395518,1013.7257909003013,14.677961295487032,8.67249347213441,1033.205042075806,1.0024096500851587,23.315629956237245,1,12.178533346578122,1
2025-06-18 10:13:16,HM-A104,37.0358081455265,35.28887003353042,5.214993634004988,0.056455212416583286,5.900398549963643,266.8696638891293,1014.3970155255226,13.085089124012116,7.7331174587682465,945.6656115656568,0.9782558099473665,25.30361212254342,1,12.485236608133798,0
2025-06-18 10:13:17,HM-C315,37.39046955735219,35.78877435580134,4.842564552336165,0.03438102167704311,2.3390973175077696,242.6167121419697,1014.5985412178053,15.263729875661493,9.121825887390221,1005.254659885249,0.9959558328659625,26.19361365361608,0,13.421836115122153,0
2025-06-18 10:13:18,HM-A104,37.504748899071124,38.94335842130433,3.4779786896490155,0.03206173401691223,4.237585401632777,224.27711453920608,1012.7288474689868,15.612700936626968,7.274499722413799,1064.7677168871835,1.009148390485208,25.02094840996753,0,16.17101686143933,0
2025-06-18 10:13:19,HM-C315,35.05520296833155,41.62349352486525,5.0907364928173635,0.03702086878330106,2.4535548634887063,315.37275528558837,1013.0683381662006,18.055478113332185,8.409249832866397,959.9427857857602,1.017616764867162,27.459454244100222,0,13.426957578410669,0
2025-06-18 10:13:20,HM-A104,36.954241289946275,34.2219603584353,3.0321017676738817,0.022054853298482672,4.836337960845736,228.94671560478625,1011.8629215786743,13.837680469369523,7.159122352474055,1017.6472596045436,1.0341191558938543,20.51367006403382,2,12.62931845594764,1
2025-06-18 10:13:21,HM-B210,37.99311152310363,30.160786824301933,4.334583159838097,0.03651924847277027,6.018969527810857,268.7372350499911,1012.5903062822669,14.224647317708357,6.277014018407696,1040.8178655693787,1.0008257366791835,25.8381264389292,0,14.002268576293153,1
2025-06-18 10:13:22,HM-A104,33.82991112624712,37.80358641146378,5.045411231742958,0.019245384440315268,4.522557977471375,259.98917401244887,1012.3888813720081,12.417600933657932,7.8656782939619045,838.0589469702678,1.0339824958089285,29.84769205706972,2,10.124865078290183,1
2025-06-18 10:13:23,HM-A104,37.30832268597635,33.59880307627905,2.858992716389964,0.05796662232357682,3.8169321484388394,257.4453866386206,1012.717071345756,14.104967639046087,7.170519969444091,889.0554255041793,1.1109416430861823,19.116313794658442,0,12.874506242898134,0
2025-06-18 10:13:24,HM-B210,38.64120302958773,41.3230985581109,5.9352524613807836,0.0627387141310919,4.839798016080214,195.07368420633426,1012.8586306848304,12.879220365230424,8.859311992545356,815.2825721098995,0.9638012061406005,20.641063268113736,0,10.059143528515165,1
2025-06-18 10:13:25,HM-D420,35.7730696754428,31.99016692813937,5.390562002764192,0.05890385976025597,4.994953398219171,288.10456185243095,1014.2200423695908,17.208087872097096,7.651077784986664,804.433542733686,1.0502329628591704,20.340638907993966,0,14.611577768452072,0
2025-06-18 10:13:26,HM-D420,39.655585825874006,30.709945556836097,5.798001164433087,0.01611600321027832,5.0795361953342395,259.5843964984376,1013.523984221788,16.02839211644373,7.961415667773557,910.1079085106207,0.9659606727925647,30.622215333643126,1,10.474425712345436,0
2025-06-18 10:13:27,HM-A104,35.83141414043757,35.71896875476338,5.00370361421008,0.03583098443461394,3.0420725962762933,277.5689448540286,1011.0800943096341,12.84650427176037,5.945286691836861,929.5590955975615,0.9528276110301135,17.746053940561268,0,13.992152508273383,0
2025-06-18 10:13:28,HM-B210,34.84984786219231,26.297911043815038,3.2739746280623363,0.05169458182285077,4.792182472651094,284.16035287513597,1013.8255887615936,13.045844129430307,7.780026619512909,800.2275650500864,1.0717779183970564,22.44127187425674,0,13.718440631164183,0
2025-06-18 10:13:29,HM-A104,38.3921029463823,32.66285643120858,4.999890722131286,0.05537516074441825,4.721001727972495,301.4101067753418,1012.176828166105,13.895683978901257,7.143513035767202,986.3653741840482,0.9549614347807504,23.968575392667507,0,14.710648070080216,0
2025-06-18 10:13:30,HM-C315,42.08323442366614,33.350797116958255,5.934645625474136,0.005,5.637954001260759,220.04946095159326,1011.365897902084,17.596577606852573,6.579134253331587,911.0870108042404,0.9987357713313345,19.802924348525494,0,11.118652791354602,1
2025-06-18 10:13:31,HM-C315,37.21338404721952,36.102361603863415,3.2145368158006025,0.05480979200821066,4.40926975965016,228.43694907486767,1011.2866068380048,13.779606620656457,8.323621619442203,1064.8054901682087,0.959989380490693,18.034150899708898,2,12.412610750480681,1
2025-06-18 10:13:32,HM-A104,38.5872695102843,30.018639518649003,3.333760975118082,0.015134635827214221,6.8690689258139574,232.53932409882833,1013.2546671054041,14.64951572711027,6.165816402644159,964.7030316785039,1.120907909816942,18.720689030460345,2,13.974294997066114,1
2025-06-18 10:13:33,HM-D420,35.72820694725539,30.602497638660243,4.6308734210733355,0.03692071238727101,4.598802299197262,224.01141372837083,1014.591380835331,18.06648910256421,7.484045260736377,964.1149211664458,0.9985847073987355,20.99823509895802,0,13.02101165532269,0
2025-06-18 10:13:34,HM-D420,33.895959450509935,40.784568453481995,4.44300569745151,0.06514975315178911,3.9263041159561016,289.650356028997,1012.6837849119661,15.83074432582893,6.708621524863668,933.6221330543626,0.9449672956400587,19.861185921510256,2,13.236353195110494,1
2025-06-18 10:13:35,HM-A104,37.415664114751834,34.93269272707174,4.975754248071851,0.062441406897934926,3.296261772752561,219.90404605290766,1014.4059005814918,12.104197380783463,7.418801417845247,940.4603386317905,0.9565961540578245,27.773171813242385,0,13.606622123467679,1
2025-06-18 10:13:36,HM-A104,37.81099992946978,39.323185919514806,4.56245308144408,0.0665226037949561,3.8833718389697056,238.62240532207775,1013.128510132648,11.337793193149773,6.976249854449623,979.6292188824868,1.1060822307044749,19.896009974060668,0,12.00159008321195,1
2025-06-18 10:13:37,HM-C315,36.105222274047094,32.29106299308268,5.239999318695781,0.018674592572257974,3.5412170889462935,201.0550913245862,1009.7665837081124,15.188279291114583,7.055528631346999,1022.4663310751685,0.9892892289869413,19.856594991544394,2,11.055672236844295,1
2025-06-18 10:13:38,HM-D420,38.577641295053766,34.72774518789562,6.832727029174037,0.023614194288471616,4.3127748454804085,271.9610808499985,1013.9182231315491,19.602648818735695,7.2461607055812,843.3732065785632,0.995915716030016,23.577903825805773,2,11.313956013571522,1
2025-06-18 10:13:39,HM-A104,35.3647999754642,36.072672135146064,5.8075825828960355,0.02874397914924001,6.524071784183935,246.170877406228,1012.1867376156877,17.71148486449431,6.432636413608371,883.019301071954,1.0742202986902978,23.161398131248173,0,12.366066757504656,1
2025-06-18 10:13:40,HM-C315,34.744784335370646,43.73777453811631,5.084227481504626,0.03707118842570615,2.7488293125895953,276.49932728563243,1011.784193658331,15.753440428154313,8.021742297224494,973.4912808031951,1.0636757441641467,9.251316784766098,1,11.381602164845972,0
2025-06-18 10:13:41,HM-D420,39.65160732621541,33.91190909914259,3.3399326795813415,0.04433402289613136,2.8330994925843322,271.0300380315696,1013.926836509844,16.57026263149014,7.732641708362015,946.8905830745222,0.9560839886263204,18.52321435858171,0,12.071524110752552,0
2025-06-18 10:13:42,HM-B210,39.66336906635408,34.16865553139811,3.9170201183366906,0.0655450990194818,4.218437389125643,200.7567501271139,1013.2007898116505,16.72101540866796,6.409744338628099,1013.3585194963546,0.960226380307229,19.97860291017698,0,12.464556091843672,1
2025-06-18 10:13:43,HM-C315,35.41414223541081,40.49076513868369,6.262601268570267,0.021427757336620116,2.8644929395770062,255.54775859947313,1012.899098216196,11.728892536547821,8.329172475605414,896.2012725526922,0.9723545691401432,17.95462929937624,1,14.777892606440858,1
2025-06-18 10:13:44,HM-D420,41.297126226012054,33.10094280757456,4.297271909212524,0.027422936269144323,3.321676192547004,217.27850246394587,1013.1455785443657,15.415371697634153,7.808798889217286,1051.1162329469016,0.9836441168971254,25.84965555086157,2,10.853299822784036,1
2025-06-18 10:13:45,HM-D420,36.282233268674375,36.42314595836377,3.5483718072594312,0.06847282140073457,4.906991862732605,254.23385053590266,1011.7293630359469,17.62666176947364,7.281551720626969,908.6276988899681,1.0416153229513716,16.016767581108425,1,11.362026936849572,1
2025-06-18 10:13:46,HM-C315,37.211957161609895,40.054796032095155,8.147049678168191,0.016819042471189385,4.4368754493451945,232.4176178073285,1015.6549413071145,19.182738112433967,6.063014829441336,924.6203638137451,0.9956544820399776,26.204037882786,0,12.4363659094225,1
2025-06-18 10:13:47,HM-B210,36.78836864537893,32.120790641505295,7.286689060890014,0.05453704998141005,5.026211538671398,305.0082597528375,1013.2588624216937,16.011637361382768,6.683739998925198,1037.5877780111036,0.9846888595919369,13.53808995891632,2,10.954638992264442,1
2025-06-18 10:13:48,HM-C315,38.3094005436142,36.70231223241828,4.813319871300718,0.03822704434404604,5.209269624313955,329.9028213242995,1013.23795984981,12.282397429017955,5.690189837480326,995.6941510378748,1.0002510997214475,22.323855026107505,1,7.935760741320939,0
2025-06-18 10:13:49,HM-D420,37.67855373450236,43.72775355072507,3.3760032476468913,0.047761474675728506,6.111112712611014,242.65657159826156,1012.8694287648758,16.14235451403182,7.343925146663773,1108.5695909342455,0.9717329890225981,28.256547774559927,1,11.576475306361768,1
2025-06-18 10:13:50,HM-A104,37.64490540395415,39.60659024419077,6.085038270909421,0.0237725779395441,4.954840046534574,252.96875782491458,1010.5751929438516,16.10946638130857,7.877423198020536,1025.9088706775117,1.077793007544917,19.620995584961978,0,12.107298131165093,1
2025-06-18 10:13:51,HM-A104,34.45109592070028,36.42466534842406,4.264898002506314,0.054143525748277264,5.945977179047751,181.44766412701745,1011.988151660688,16.738313792388983,6.62127423294972,1053.1979238133206,0.9651610980007365,22.09366458830267,1,12.773033295016804,0
2025-06-18 10:13:52,HM-C315,32.77859420802579,33.87839344083683,6.332799144218072,0.026915830609345832,4.628489403958547,200.67126141448975,1011.1643407794329,15.812671002805171,7.2047067295579375,926.2490161149428,1.00133879777321,26.110669164483674,0,11.047118368752537,1
2025-06-18 10:13:53,HM-D420,39.85540007063216,31.978408593625808,4.266419883856059,0.011608020730880454,4.968516074336086,261.5860389982497,1011.0205128996348,18.720453990919122,7.994048595193738,1054.2741334590955,1.030873346975184,25.997456030159523,2,15.009374409744016,1
2025-06-18 10:13:54,HM-A104,35.63638500265064,30.059070383820963,7.468093351842884,0.049600783024201345,4.953024695764439,249.02902487164374,1010.68765632002,15.380373086891721,6.701117551861685,955.5135331941773,1.0337437258234614,23.20941791824247,1,13.665054029205221,1
2025-06-18 10:13:55,HM-D420,36.87741656641631,42.54811979982839,4.221887552906228,0.005,4.841469601226812,262.63867065395806,1012.0471872101873,15.118716020180633,7.646066003480763,772.4123961379876,0.9805430096298292,21.27234544575565,2,10.838011208905657,1
2025-06-18 10:13:56,HM-C315,37.81699727472445,41.57735522685,8.5471002269054,0.02863996359763439,4.7468105747297304,226.05920079866567,1013.0307254742434,14.475594917071618,8.883636813477466,987.9475963097315,1.0548228916484188,21.231470411028194,2,11.582953446572148,1
2025-06-18 10:13:57,HM-A104,41.07252400837317,31.71442761229711,5.292586677319522,0.04582276196070543,6.685180522690394,259.0799193387508,1010.8667085182743,15.194850230013333,7.78893953300322,994.8163093163002,1.1071556828794704,16.43964561214444,0,11.469673170502674,1
2025-06-18 10:13:58,HM-D420,37.40339481160627,36.6884349903907,7.07645845108166,0.0551556028874782,5.33771545499521,174.1150111607658,1014.0497652265681,15.558974770658134,6.375098336938741,862.659441431278,1.0901082758455611,17.900668460646237,1,10.891237845810025,1
2025-06-18 10:13:59,HM-A104,36.01300609268976,35.556632492531556,4.189849461485199,0.06453038392503102,3.9631350921311825,231.72344231052767,1013.4461887221892,15.24468643497283,7.179898862385544,978.7702235360068,0.8760030329229307,22.144153431750343,2,14.221421516826318,1
2025-06-18 10:14:00,HM-C315,35.69113904678286,40.922077306620366,3.0329746219877283,0.075550897669553,7.312109962835812,263.99682904741945,1012.6524367642769,16.565308102747316,7.779171573260278,959.2414895008958,0.9958372443539345,23.093934731318942,1,10.900019806593848,1
2025-06-18 10:14:01,HM-D420,36.90660789689515,36.914005991506755,1.5406657934646577,0.0694349643943763,4.047536313239786,300.897028482521,1016.2431397926529,10.85546132920408,7.599861178584423,1047.0315926677376,0.9669073409050084,32.28312239316702,1,12.657340965567215,1
2025-06-18 10:14:02,HM-A104,34.72658807589847,34.88590619634826,6.914905757120048,0.043830959069978644,4.493725633469708,246.4907123004679,1012.6391024637336,14.727733991543156,6.3418422744630565,985.065886829922,1.027806227461822,25.12295514796945,1,11.72181620920264,1
2025-06-18 10:14:03,HM-C315,37.07218930787253,32.291571988521596,5.102020864964062,0.06251235554665771,3.503243108165575,267.69483597803844,1014.1973156117053,16.03519896283305,7.550761113335755,950.0366045036805,1.052605729751683,20.604388669814966,1,12.200908740934823,1
2025-06-18 10:14:04,HM-A104,36.869950778854964,36.704339225629134,3.128636824217438,0.04352226235219048,5.360535037953682,229.91902037110881,1013.314198746762,15.563558416472844,7.030159919543776,843.5154669568872,0.9425377575710354,24.041587605660933,2,14.043731668299314,1
2025-06-18 10:14:05,HM-A104,41.103817371610376,33.259087145186896,6.977304576628783,0.05371811252924537,6.528282643415173,263.3075932679483,1015.1581061037207,12.452284037891639,6.835788955411607,792.6877353692569,1.0433968763590946,14.944576824347399,1,12.976374630380457,1
2025-06-18 10:14:06,HM-B210,36.790997153522696,36.103424725649205,6.73399102514124,0.028013071696217064,2.710601501701251,235.1826558658936,1014.6268771810119,16.060475420898513,7.642546709365791,1051.2483375125353,0.998675541410091,22.33784436519152,0,13.0452942631957,1
2025-06-18 10:14:07,HM-B210,32.188779597377874,34.62014460270843,7.073578760555803,0.049241516319962805,4.16715489666325,308.64103147623393,1012.5499980259037,15.098845265867402,8.610984752129621,981.529748837988,0.9868798877422537,24.73881959193162,0,12.974039393042064,1
2025-06-18 10:14:08,HM-C315,43.683777425991195,33.13754060064927,2.9903209573357112,0.03053507555445211,5.839936403013507,240.13395524901364,1012.6044785813056,16.528866050161426,6.603312019453289,930.7781734325056,1.026431850714059,24.77302632719667,1,13.225191744414595,1
2025-06-18 10:14:09,HM-B210,39.392084327890245,30.136296131840904,6.86961695156863,0.036529118549565205,3.2288192230817847,244.90454123722438,1010.9878772406145,16.152753389003937,7.562131347487811,994.3656940121133,0.9927379653216113,21.73502205191723,1,10.927702910785708,1
2025-06-18 10:14:10,HM-C315,42.205871860238965,37.570976263736505,5.576062963513314,0.04930457792918927,5.189258706578413,273.2246427311754,1013.1739321257201,15.649268074962361,7.1355460836986415,931.0296716366769,1.0566440526201157,24.279305815172734,0,11.479356867040543,1
2025-06-18 10:14:11,HM-B210,34.10670003253879,35.212851706895165,7.141434555961365,0.08182758154782332,2.938271189107967,265.0733648351065,1013.9819610911834,15.007084104603981,7.687938666593771,789.9128716846266,0.9803091576238538,20.92479666065085,1,13.05572030829152,1
2025-06-18 10:14:12,HM-A104,36.44543304685927,43.93710427733214,5.814096746816573,0.047895408006003934,4.98951698091119,239.03697648612714,1012.907192033276,15.572237759119822,7.285664927686546,1031.0498542293208,1.0666694670503052,23.582845933470583,2,11.415648448286566,1
2025-06-18 10:14:13,HM-C315,38.6860031037358,29.838275808111955,5.259523344271457,0.03976584132974996,4.59338106489994,262.2947599880823,1015.1009090920066,15.576263809222926,6.738047306043893,1041.2614274762723,0.9989407615527087,18.234180664043016,1,11.972184079694221,0
2025-06-18 10:14:14,HM-C315,38.34097843071115,38.126490961164954,6.889977851693327,0.023364475806081992,8.481099588958362,218.35665478714532,1013.2176673836972,17.654900359441882,6.706967305929091,923.7054049708728,0.8811322962290075,17.484506152031095,1,12.911359147517476,1
2025-06-18 10:14:15,HM-A104,37.76734426839888,34.586767659866794,6.277849157276474,0.05792403169341272,5.393361807604509,256.78967612820475,1014.8711163689576,20.98065766810175,7.5691075528682825,946.6725047898536,0.9598467636081514,27.05457016432839,2,14.156018316744449,1
2025-06-18 10:14:16,HM-C315,31.500973203748615,45.498791991632785,6.62264839815955,0.03329080006180907,1.8930916330766125,266.478250769148,1012.7552870990049,12.851792632595668,7.304203826515648,900.9530433572174,0.9947738474816832,21.25881267950175,1,13.78155707260452,1
2025-06-18 10:14:17,HM-C315,32.71890135608922,37.74485958530734,4.2679288990238184,0.047483053179741525,4.410304557901494,237.3198056173522,1011.2606939192219,9.698776502404295,7.696862594788291,1097.5666830548848,1.0184793054696206,23.768781400710182,2,14.898114371303855,1
2025-06-18 10:14:18,HM-B210,40.79380027265968,36.62344290817542,4.741385939008282,0.05403884517600807,5.489155293222701,238.90237304151506,1012.0625147225547,13.94442875522218,5.923111265620312,1046.326972304268,0.9950667608254367,18.860976141020334,2,12.71991883961476,1
2025-06-18 10:14:19,HM-C315,41.238323832174224,34.5994878251309,2.3992796116300035,0.06528218217125004,4.004210871313949,231.11464027937467,1012.9517022411026,13.11771784684848,8.074289046181967,885.0249415898267,0.9651398286830646,17.49458497985217,0,12.677107688546995,1
2025-06-18 10:14:20,HM-D420,36.73337177140901,31.4843947266719,4.159813896400108,0.05684744958039309,3.9521153041071138,206.9236327751957,1011.8756806418792,16.682240430102286,8.332454373613393,998.402512052963,1.0890471621128184,19.820848425933427,0,11.507527058333391,0
2025-06-18 10:14:21,HM-A104,40.47606868601596,36.55696396320465,6.185590307958455,0.015530839349868712,4.010706465238488,262.4562917801279,1010.5174008282352,17.98423819045615,7.321532803623349,879.8339248928957,1.0702070538774107,23.699481709389055,1,13.331932558690522,1
2025-06-18 10:14:22,HM-B210,34.44193058464175,28.088486954316192,5.8462817263975815,0.005656030802147632,5.156591223798989,235.74407649500506,1009.996496119332,16.6308683556027,7.728428876876848,884.970730957759,0.9396417594462255,13.748667251887328,0,14.382094123604281,0
2025-06-18 10:14:23,HM-B210,35.0139348663283,28.318579557075147,3.5307018351045407,0.05402943433303516,2.9936760284763513,266.69314658080316,1014.5208614213377,14.371979157719291,7.9809565246766105,914.5699231864581,0.9578851601028163,22.829154873310898,1,11.656400146942199,0
2025-06-18 10:14:24,HM-D420,34.24429919534212,40.06219218414748,6.923518130352639,0.041720087903199934,3.82616920820198,244.52739607704615,1013.5779992614581,16.464650485525972,7.055462910997826,901.3707183256596,1.0159567142530883,24.724107302385644,1,13.168903876597035,1
2025-06-18 10:14:25,HM-A104,34.87520113577838,26.189379304779674,9.459612928055428,0.04782939185740753,5.739576177336834,268.44387121035527,1013.4134877625779,17.429769248251702,7.385601696257361,825.2705457618843,0.99238440078807,18.471365130940093,0,14.178339651849189,1
2025-06-18 10:14:26,HM-A104,38.80674002380655,33.402132208545815,3.6459133181320342,0.07439515152302197,3.9155285763229166,198.59256024253023,1013.2525354014188,16.330923585157105,7.588291460689334,1056.115738203649,0.8631527797058296,22.965729206265696,0,11.24833381992016,1
2025-06-18 10:14:27,HM-B210,34.84411906734139,29.754367543705207,4.691177296934194,0.02766823821578991,3.8437128502884566,215.6188203190253,1012.1788475467525,16.102959324381303,6.781344324758015,966.8982319642048,0.9640519951238006,22.65467661439255,1,13.323462818518527,0
2025-06-18 10:14:28,HM-C315,42.59935759981966,32.987646538051685,4.067606861672862,0.06582818486258307,2.848372050597516,224.742898131429,1014.1915005395996,14.769977348950984,7.309886031940647,1074.3107018081955,1.0366526767630742,18.532589929799073,1,13.408816570141465,1
2025-06-18 10:14:29,HM-B210,38.150176515868594,35.92272651169673,4.857671365710387,0.027866735121403075,5.275096706449245,285.91162356044015,1010.3910840811841,12.563209430116805,5.584412116084819,936.7004585382359,1.0056071488002787,21.41082215714606,1,9.1588958360613,0
2025-06-18 10:14:30,HM-A104,39.71131761623772,39.92277645482086,5.410859000722734,0.07130537485182134,5.010527288717969,262.09344666451375,1009.873860658477,17.193144665761693,6.700098208397733,832.5879236990186,0.9534438818845634,21.943600807143863,2,11.696583975931091,1
2025-06-18 10:14:31,HM-D420,38.224851457000184,41.0881679486636,3.9540005921187107,0.05501036968315107,5.666837304680765,242.09465863124888,1012.6975257422948,18.388930657718603,8.371854338036318,1032.0320510006632,0.9720441372580974,18.516382416044408,1,10.826794404282804,0
2025-06-18 10:14:32,HM-B210,40.035674126148194,30.40523390420589,4.58462030889225,0.009857439541696975,4.364480012205705,235.67216550579204,1013.194547251838,12.2447009562137,7.509095198926231,970.9157278865416,0.9888373525489137,20.607684071618745,1,11.73224401117288,1
2025-06-18 10:14:33,HM-A104,34.830000001153635,32.670190316866176,5.130864797889164,0.03165442605648743,4.878938524415512,267.88305510428813,1011.6738287372737,16.532006394255262,6.562995431482402,928.762694707738,1.1280363317709892,21.90629934393706,1,11.874956974216522,0
2025-06-18 10:14:34,HM-B210,40.61733384549889,55.26275061105978,5.707402949011328,0.07831336116931044,4.868843396300418,232.32579644314086,1010.6100058892316,13.395890028243844,6.212960304094378,1046.398894150671,1.001810823882473,23.14794968231453,0,12.443961591252961,1
2025-06-18 10:14:35,HM-C315,37.35234721397859,33.74992657032319,7.199739357478009,0.07580383634757284,2.790014265862049,272.0680274498063,1013.885997789681,15.933144685514241,9.218029358100056,842.5460984687363,0.9638425226911834,29.558454098384544,0,13.859958200996285,1
2025-06-18 10:14:36,HM-B210,40.023165277421846,30.588946020020476,4.978281712002875,0.05208442777976206,7.324134263061698,243.56944866069384,1012.382856945339,12.201166800599612,6.638710469298837,1028.4803067927191,1.0901547420681048,18.127130240813585,2,14.329523758246182,1
2025-06-18 10:14:37,HM-B210,33.40108986655954,31.420996186292808,4.157246547215513,0.04708469469058416,5.67367016445455,288.7907238594792,1014.0411326971906,16.561382242915872,6.801924434963453,1007.4432386788257,1.0289840321522192,27.413991108435766,1,12.762278778469888,0
2025-06-18 10:14:38,HM-A104,37.45145801652091,33.779300418453346,6.044508721548316,0.04479469345282897,4.594799847302784,221.6610778636149,1014.9585573653252,15.85505009157385,7.67935422036696,968.5084318809534,0.9597330396753851,18.410013981413087,1,14.44688292328998,1
2025-06-18 10:14:39,HM-A104,37.36309679195416,33.036313186057704,5.600259318459213,0.048740553138069034,4.230941339273779,246.160768612213,1010.5946222624194,16.654195794631324,6.535295751158218,831.761889394412,1.0009667224085916,21.989984064216838,1,13.745480336415913,0
2025-06-18 10:14:40,HM-A104,35.45190883755139,33.82814938402565,4.710758606262906,0.037183990807169755,6.088745158663936,222.43182711508473,1013.3199771855068,16.294794497177868,7.501030275956744,1025.0437734357995,0.9904207804585496,25.67673819652261,1,12.37181747394521,1
2025-06-18 10:14:41,HM-B210,37.78279707436816,34.89286723136718,5.72752508724024,0.06422038518748403,4.61510845895915,298.84606507876117,1013.3743896460379,15.373285008918607,7.222645187578497,1009.5341791175226,1.027430774969758,23.76155909890748,1,14.698972757297105,1
2025-06-18 10:14:42,HM-C315,40.849017120003786,34.85796068853418,4.425277131911233,0.05155699729335838,5.596346870210485,250.6257368144597,1014.1166385360007,16.57654484881134,6.261781787731129,971.2832663098991,0.9371286814804973,12.581381518674284,1,12.600440456441088,1
2025-06-18 10:14:43,HM-D420,35.2596191025922,30.22256751364403,4.2044239714183504,0.02069289428928737,3.8063731104692597,219.77957718505175,1012.1998810951394,14.108586723071719,7.24004836195552,945.6335926313052,0.9404204232642159,26.342435816942523,0,12.871506449041364,0
2025-06-18 10:14:44,HM-D420,39.404635890512345,36.846655105780656,2.1510242678102616,0.053099835757242225,3.4494608418621535,222.93681473965245,1013.0837460401322,16.15123696519463,7.460982968403875,859.7138071522603,0.9871415752150886,23.293263054753336,2,11.048006942226374,1
2025-06-18 10:14:45,HM-A104,34.18144235963373,35.60523474940342,4.5081153389066335,0.04329968362259326,4.305916502732845,265.42149757745506,1014.1005016678686,13.894621739054708,6.3542693443206435,860.397847543441,0.9559901670721016,19.775238900730116,0,13.039955516438912,0
2025-06-18 10:14:46,HM-A104,42.27361148660615,37.48290835274963,2.3562155287241904,0.03375076297650478,4.512693036986699,195.4448104097903,1013.6566263212543,16.250027420989447,7.616770082502446,887.9798779407865,1.050860557264541,21.47665073097437,0,13.13282074260732,1
2025-06-18 10:14:47,HM-B210,38.96150079609177,26.427729731374214,4.040894226746046,0.07797053706712137,5.008225967696154,244.65338832998987,1015.3384212977483,14.617444975174184,7.757612671899696,823.9748774518988,0.9485777891288123,23.709124479014147,0,13.799261736815275,1
2025-06-18 10:14:48,HM-D420,41.31279333064643,35.78422121845739,5.869221104895983,0.04207541042161517,6.260278883141757,224.42712850772338,1011.6973205457098,15.9779030481456,6.381892592294797,826.6383530103835,1.1203728066333873,24.34432002323016,2,12.162196368457666,1
2025-06-18 10:14:49,HM-A104,38.68015129773442,25.07201842048992,2.7422454892466,0.005,5.834438222507924,245.21066319144737,1013.310536683646,14.426101660776467,7.588298299793032,914.4981383259128,0.9924103866210082,24.198283875489036,1,11.4082688292421,0
2025-06-18 10:14:50,HM-C315,37.9765329443234,34.1221455276171,4.715232583750451,0.03517324255053475,6.081608116154513,253.03738296471926,1012.8705752721551,14.464710331258685,7.383904210527345,843.3314511255878,1.006576067448682,19.139640014415154,2,13.113876136986233,1
2025-06-18 10:14:51,HM-C315,38.982332351214794,38.289681463765376,5.098210501650949,0.0598697693849785,3.620868680066245,247.046552018948,1012.6902261893385,14.553430070215212,6.92507144844917,931.4042874964147,1.0175513115451982,21.950988079927644,0,13.609194103035072,0
2025-06-18 10:14:52,HM-A104,36.658881341614574,40.22889575801183,4.6421086935031495,0.021470502403320768,4.146084587797435,242.01545805805162,1013.8822081244007,12.337864171542428,6.992645428350943,955.2435296079387,0.9963547626437934,18.627336446579054,0,11.993935368810437,0
2025-06-18 10:14:53,HM-A104,32.955415236104194,36.67230032048502,4.277997759139259,0.05919010341299285,5.6615946860021085,254.9674775530856,1013.1734668591889,16.731091267064905,7.5156430226338795,834.0917485954911,1.0589847481636623,25.065127825763607,0,11.239449986486708,0
2025-06-18 10:14:54,HM-D420,38.11849836616698,38.37695367646494,5.488083220328958,0.02004622807270301,5.957936963199646,302.4971191687497,1011.4010745770944,15.092662953769155,6.72753191288948,1016.2113566740602,1.0072789128869102,21.023631602825937,0,11.88164382006528,0
2025-06-18 10:14:55,HM-D420,35.111241663500614,33.504975189587704,5.696148800849905,0.06673347327436606,5.390222431879902,288.2165808046281,1014.4290613628864,12.421567337592199,7.662651657286563,1030.8705220186507,0.9739293305469672,23.7458697141401,1,14.881342287341331,1
2025-06-18 10:14:56,HM-B210,34.2458452115515,32.454161150375185,5.002289192809444,0.02854866321691412,3.824741575713993,239.86849232746076,1013.885389273059,13.914066877875573,6.55839359577638,775.137072668896,0.9317492869713946,19.944225363065506,0,11.03940275493381,0
2025-06-18 10:14:57,HM-D420,38.590732921096524,48.46379081261863,4.361358623295608,0.03296417423713969,3.250058519847003,271.7504861013753,1015.2120364044182,13.802344578357355,6.616807633622154,1058.201444408922,1.0195658791334619,22.342749254234775,0,10.998996891592032,0
2025-06-18 10:14:58,HM-C315,36.30222881275076,39.135801559326055,6.297103899575163,0.03148150416038664,4.779573173828353,270.2803489230151,1014.0906793936462,15.799280688867075,6.171460117760768,994.748554692113,1.0457195840558444,21.23299351866918,1,15.302608886134042,1
2025-06-18 10:14:59,HM-C315,39.569261016514226,29.135080742673033,3.033889909627624,0.05194905352433575,3.429930239666689,238.62790883249306,1012.6797166122645,14.581037570499229,5.824084186562859,957.5019333292898,0.9366316842300518,17.144909627902173,0,12.26500145103129,0
2025-06-18 10:15:00,HM-A104,35.027648078102324,26.326680392335046,6.031067837712831,0.07688239103362249,5.052769322338784,249.04694723190164,1012.6911998279444,16.814032371403968,7.320909905330909,1066.9957534056612,0.9809434581084425,26.363442379819908,1,10.665594401168649,1
2025-06-18 10:15:01,HM-D420,35.822927558715435,32.67465275468212,5.629541586982484,0.04029666775929439,6.000822288094222,266.1254827484978,1014.5537012467548,12.610003603809467,5.635521156213943,958.501716843544,1.048284076675664,24.674013806481526,2,10.379413033152478,1
2025-06-18 10:15:02,HM-B210,39.87574006575348,40.95934253154333,5.298540265719904,0.03978191693700876,4.726906708453193,228.0897629747608,1011.8493320178973,15.867008159952665,7.4616649022703445,887.5763699763568,0.9574323259570464,16.92336054804812,1,13.360856419093448,0
2025-06-18 10:15:03,HM-C315,37.69960665249402,35.24369577014384,4.985156756410033,0.02853462827921565,2.9330049285940136,242.78210683659833,1011.6426690888661,15.708512063216565,7.1321301444966005,830.5958699159049,0.9569770815911077,18.7221962184961,0,13.002853401102328,0
2025-06-18 10:15:04,HM-C315,33.306679897734654,23.879900888193575,2.1650468016314774,0.0074530705303324785,3.8888449927193034,244.06958521824168,1013.3305637087564,14.15959242605966,8.708902936521648,940.5942350368302,0.9924210115175136,19.621463159987492,1,13.37303239221928,0
2025-06-18 10:15:05,HM-B210,37.64440220715028,34.113532884050464,7.0810285430175925,0.030529538971927127,5.537619923395813,241.90960114826436,1010.758873291547,15.509306766000082,7.685880162458058,940.3152998167559,1.0657663235399806,27.2681519889692,0,11.207902527375136,1
2025-06-18 10:15:06,HM-B210,40.70309637147201,34.987992248757244,6.258006573327787,0.0148199475413246,5.068705709420144,240.72897922886216,1013.5230580203911,14.926443498648325,7.60827233337006,813.7031450088464,1.0459293227016793,25.468530494972725,0,10.718679794194372,1
2025-06-18 10:15:07,HM-C315,35.80355638844633,22.921663102672596,3.5579147361585415,0.005,5.164670880303478,263.26550864208065,1013.7045276275128,17.4162951225301,6.661651575657635,921.377400511829,1.0658035799692591,22.86628541525014,2,13.308374292312083,1
2025-06-18 10:15:08,HM-C315,38.49514424113227,35.12083076025095,6.1382145275234326,0.03846007374096084,6.622755430350893,250.79469253835725,1012.6304092462773,15.169855374685746,6.748549556047816,1072.8300246650192,0.9503181761342839,15.673636637574518,0,10.931283677505228,1
2025-06-18 10:15:09,HM-B210,34.87653271211024,29.93315996204338,5.283259549285431,0.029148095832509085,4.9188830381112805,269.1800981273027,1015.1120624250567,17.275361373344886,6.863447089199825,990.3551709978137,0.9670219520965326,23.82607058666904,0,12.252584771713147,0
2025-06-18 10:15:10,HM-C315,36.65804181257643,25.822267946058425,4.125496955815324,0.06753144866647123,4.881028514699107,325.60382830061405,1014.6919584639377,16.668041422944416,7.171677662535384,842.1869295279736,0.9910790747300491,22.67614348912599,0,11.172136315528066,1
2025-06-18 10:15:11,HM-A104,39.724588841126085,43.022537900827004,6.787690576084321,0.02288795556384518,5.528010477761503,233.94917151315428,1011.8326822094116,12.508755404581386,6.732742860656496,974.3549074153271,0.9846747518085004,20.620276503820694,1,14.97221492474173,1
2025-06-18 10:15:12,HM-A104,37.548079169387435,29.711988996075362,4.353741111738696,0.053407348117470374,3.092205715191809,256.53064912554754,1013.9836428483784,14.833106248619558,7.6564379552940975,1006.15661234355,0.9611602689364537,27.287027257064853,0,13.883546743080338,0
2025-06-18 10:15:13,HM-B210,40.22317465678909,31.663576322718594,7.034189899394331,0.05301645304837579,3.965867711300708,265.25743102902356,1014.4768122739174,16.66408237029358,6.888481208621923,1032.4216058588058,1.0240411663108075,21.200289202162004,0,16.45233894190128,1
2025-06-18 10:15:14,HM-D420,38.06325601056965,31.59708556966661,5.801420547425192,0.06674266190399163,3.6138166329828065,282.7580944411043,1013.1241530218971,15.488600259875954,8.092251308528844,996.7368400030663,0.9185094115326651,26.723805628576564,0,13.458060632732632,1
2025-06-18 10:15:15,HM-B210,42.5468491930021,35.011193754621516,6.434838089636531,0.03631548413945769,5.285896853580293,263.03365271144315,1012.3522828042156,15.16396332662845,6.542572882379016,1042.9302223381465,1.0074803563227244,20.529815016334897,2,12.969816428825865,1
2025-06-18 10:15:16,HM-B210,33.08771657695183,43.83155303527937,5.868628059610171,0.06638084866722518,3.3970772045883564,217.2144769337384,1011.3368191494671,15.287362226270925,7.796928239458217,1010.441743943945,1.0830931666728596,18.57782389022643,2,13.519631323902534,1
2025-06-18 10:15:17,HM-D420,36.45701662484759,29.01906564882034,5.799096181639313,0.05121893396200164,5.1761374905480935,230.12746472471434,1012.1626584059828,16.213261613964168,8.744323442299105,930.4830888042078,1.0039250732065574,17.016265500374203,1,10.140201824099682,0
2025-06-18 10:15:18,HM-D420,34.288665516769875,33.46598242775703,5.3228456474696495,0.06278569260445717,4.239876382733075,254.39367861003853,1011.3702375776091,14.225879585665064,8.614514894752904,976.4321268882563,0.958389137154476,21.680603075981427,2,9.825757980891321,1
2025-06-18 10:15:19,HM-D420,34.459377063854376,35.60430939513199,3.9097715794170966,0.08788313485001954,4.072612907456132,229.2742368448771,1014.3686992102762,14.427285295150034,6.512396788380788,931.6879514794404,0.9359786255687039,22.17777611637847,2,13.56715798972266,1
2025-06-18 10:15:20,HM-A104,34.4820407654849,30.65604126420247,5.093788583517212,0.03753553174142537,5.59419264447422,205.707134155959,1012.6172895731085,16.677375623291532,8.12195750062547,982.2752623492488,1.0180404136102776,18.180904791890903,1,11.62862119239861,0
2025-06-18 10:15:21,HM-C315,37.419314555128054,33.385567977106966,6.374586266061751,0.043416190476360014,2.9014020213657536,225.80846068777865,1013.7824776714677,15.416462292566925,5.422764988914377,1008.8097873665919,1.0868188991677021,18.36487716141979,2,12.499215279095694,1
2025-06-18 10:15:22,HM-A104,37.56575233705467,37.97249903374779,6.078889567378425,0.03276367821990615,3.913579384382145,225.97111149351852,1014.8904528288142,14.647610227432292,5.955039581667934,943.932958386822,1.0106717536753336,26.702491226318134,0,10.056722820683259,1
2025-06-18 10:15:23,HM-C315,38.06863981248779,31.221475066467537,5.751880197290447,0.07084619275331913,8.015424269577686,219.71888445462017,1013.3182683429038,15.072508423492717,7.680559279585359,974.2844056232856,0.9832399243023318,24.968579409918306,0,11.722031918018466,1
2025-06-18 10:15:24,HM-A104,34.19234859963862,33.306787456349106,1.8563700303560031,0.09209305545803681,6.72050221698543,325.8025618240831,1014.7656122961012,16.023571000891664,7.550008909338084,911.3627453387115,0.9618505327135186,29.32296023273917,0,11.957971005903289,1
2025-06-18 10:15:25,HM-C315,36.18943795250427,32.84323036540357,4.680163821639113,0.05468330204107537,2.322702056340861,259.4588629274257,1012.4741613246161,14.96442748308605,7.681511333601508,925.5743002806225,0.9261317511149847,15.53170512372093,2,13.887298343649375,1
2025-06-18 10:15:26,HM-A104,34.58926340060908,34.480966594328315,4.522566167975295,0.00779837510442262,3.8909319268555675,253.4670667053295,1013.5796838196102,15.319379284706145,6.810889863157361,944.4798878347078,1.0136244736032405,28.83262039263895,1,12.699557925455228,0
2025-06-18 10:15:27,HM-D420,39.33970389067929,36.21575857311621,3.345113647907581,0.022337801090265168,4.57537840842676,277.5851767613317,1013.3081104118015,11.571311473218834,6.307356831949567,905.1723028141887,0.9199246112687908,18.850924305730747,2,10.429913998827914,1
2025-06-18 10:15:28,HM-B210,34.82433112454757,37.93280384053439,6.355636431705901,0.06319179796286951,2.806551701059454,303.9486762289505,1011.947726428182,15.487857324696314,5.753783350767362,1056.188195625899,1.0457585010228927,16.7387799431238,1,11.719036584033006,1
2025-06-18 10:15:29,HM-A104,36.4657196200103,44.68777150981169,1.962036960335677,0.017112872670660903,6.921637232189077,261.60013405864083,1012.5359931413636,14.74032609877399,6.510773298536301,997.7220703730061,1.031354396721691,23.00105580721201,0,14.163890376638314,1
2025-06-18 10:15:30,HM-C315,38.40076610330777,21.707617840728943,6.254953621851969,0.02798934736894125,4.5354974672332125,280.52655214496866,1015.1227837682013,16.84047141539687,7.720212989567262,1009.2185957773194,0.9891975887849712,14.560855268881998,1,11.822849136332318,1
2025-06-18 10:15:31,HM-D420,35.460928313756085,34.16304330397279,6.993857374104844,0.02728784701607986,4.276894024657164,234.9394152418463,1012.4826942353003,14.899625152344662,7.888267660567082,994.7965580707883,1.0323897568205183,26.333144275639178,0,13.850755821382725,1
2025-06-18 10:15:32,HM-A104,38.73469611245164,28.177819638789035,4.685237392596697,0.03845699119242156,4.957278287642822,222.81075587485986,1010.5060439514946,17.965371861315234,7.437216884108623,963.5870360155255,1.0086355848651816,22.688180869312557,2,11.679685368225037,1
2025-06-18 10:15:33,HM-A104,40.99019933883287,33.07314999674548,4.888491584033479,0.04513420338705862,4.938156374788752,277.27549372581933,1012.480645461154,16.223499165863874,7.356817245785083,852.6142314692081,1.0319429273746186,19.18582328322639,2,13.002313463847647,1
2025-06-18 10:15:34,HM-D420,37.47427932181381,39.40433665347039,6.451338853540007,0.005,3.474774591524926,276.7008696086927,1011.8706058255822,13.511622131756141,8.554514242157893,1039.7675008527299,1.044732273417027,26.008634484694745,1,12.588123795505158,1
2025-06-18 10:15:35,HM-A104,39.25402728642102,40.988962610711894,3.854518019863502,0.009451225061779613,6.0783416941065465,273.8861319185554,1013.6838841984805,12.531362573891036,8.32528472790638,1116.5002237212475,0.9872482237683106,21.45799127693429,2,12.337607484051498,1
2025-06-18 10:15:36,HM-B210,31.816447777659043,41.22357288409204,5.991164715158685,0.0099285370083546,4.694443127011922,253.767543422945,1013.9221907489177,14.834608962218747,7.955125709615696,1002.924724738293,0.9351822771947139,22.141717630754957,1,10.532156573817609,0
2025-06-18 10:15:37,HM-A104,35.927370182880374,41.17646257425212,3.623278478485351,0.012319447281721435,6.07049587075937,226.61378869879323,1013.5371933793357,15.056912351562977,8.124713128505249,887.0477347768118,1.1129002972596298,24.509388152538197,2,10.079810541475283,1
2025-06-18 10:15:38,HM-B210,37.46225204232244,34.13032464189786,3.1738371415709494,0.04032013746935895,3.8092339581572916,235.58326869064032,1012.3857858942051,11.604960641733165,7.479576220451927,997.5292668182382,0.9893364401455274,19.47721895230354,2,12.864982831517022,1
2025-06-18 10:15:39,HM-B210,34.36758730399923,41.992651373535814,5.443986089974804,0.04389156117533863,2.3448843620351463,284.6521502173167,1013.0887757499474,14.89604524515192,7.582648454806488,886.0264044951593,0.9786000879561157,17.77903873952155,2,12.555588625712607,1
2025-06-18 10:15:40,HM-D420,37.51912333851023,42.98424897302921,4.959969528058196,0.06026368463054592,6.224749091834235,232.2741160440973,1012.5270926762887,14.34186121269161,6.581610877799124,911.8683078034862,1.0221993611693792,21.4782137384268,1,11.70063796951493,1
2025-06-18 10:15:41,HM-A104,39.64985139014787,35.69400227270755,2.41849353324353,0.051098588588316354,5.388475759978347,255.58758026085292,1010.8297548983572,15.402300328975672,7.503675398092156,756.409076364478,0.9903356773633096,16.593581288615464,1,11.188044253102797,0
2025-06-18 10:15:42,HM-D420,32.30109842997494,40.886183007837815,7.122966428629434,0.02835485240509912,5.901859362044759,226.87314572515794,1012.8318470558885,19.03468513143724,6.683352820891065,1059.5915526674235,0.9371006954689679,20.278403299270817,1,14.507782044964888,1
2025-06-18 10:15:43,HM-A104,34.02731783549038,35.20618509258289,4.3779244424245345,0.04459856556841571,5.975678532617454,244.26459963050954,1016.954993167204,11.660329040218429,8.1924215969855,975.3521430519223,0.9404081511839626,17.994573421795057,2,13.985666852712447,1
2025-06-18 10:15:44,HM-A104,37.46203317691047,42.0511625777544,5.766019879038579,0.061084563511264026,4.52314177328266,217.58371694806885,1011.4561239453155,16.889587209753373,7.699982959342418,995.8370095521238,0.9554824887626071,20.752465444434762,0,13.619212173085698,1
2025-06-18 10:15:45,HM-C315,38.15104932360012,34.19168381318221,7.407774876999726,0.03545234630969844,4.059681777070233,247.76194953970372,1010.2177325779171,15.97133435093136,6.8576076412596105,1013.1567971237752,1.017867080808662,18.41239758727054,1,14.918318064065353,1
2025-06-18 10:15:46,HM-A104,38.84520093727413,31.952397591534076,5.371406564419043,0.033791627396780585,4.389986378018896,235.6738693409164,1015.135915071146,14.006140138595468,7.761623216549769,988.1971139312304,0.9652262287006602,20.63584184008432,0,10.852001246904976,0
2025-06-18 10:15:47,HM-D420,37.27722369721942,29.400042848641917,6.909938098800636,0.021100854300371882,5.161711884880429,198.80354301889022,1013.6729803571774,15.048380407758806,8.097499817122197,1028.1491529679288,1.046775656020227,26.110041052229786,1,12.913454310179624,1
2025-06-18 10:15:48,HM-B210,38.153781012539525,34.131854833811744,3.7054189304825265,0.023903483698299276,4.832446145795447,269.6448751371771,1013.4469107067484,16.82716371629159,6.50280954545869,1059.2357204748057,0.9922512680595146,19.03011120048555,1,10.41551328707383,0
2025-06-18 10:15:49,HM-A104,39.2587017713517,35.42194097164151,7.131478030745072,0.05371148541481751,2.3049828706982396,268.27944376974244,1012.462134960358,15.222540873564597,6.994348877899094,947.139221236111,0.9960663751988309,23.537043730510504,0,11.896294131038745,1
2025-06-18 10:15:50,HM-C315,35.96385474557418,30.27073669312023,3.761203256025315,0.039923510184958586,4.357800559792019,251.68392719839437,1013.3393794102242,11.127892995463252,6.42241900969192,817.1075157267057,1.0029989630203036,14.765308212738967,0,12.03490094460425,0
2025-06-18 10:15:51,HM-D420,35.47853478498395,33.749457705021705,4.1432877685577285,0.07916782035345679,6.196676319879815,216.2750973888295,1013.0776513844374,15.72917949700127,7.168246358440172,882.5156725012796,0.9480299002105727,20.680721788194603,2,11.48054427282418,1
2025-06-18 10:15:52,HM-A104,36.57873342266283,32.36725345289617,2.8180018835186846,0.02646585575455294,4.4984250292345145,216.68986214090492,1014.9661500016532,16.443779033970877,8.267777776324142,999.5112192450423,1.0637607600024364,18.700157404515814,0,12.440125057193058,0
2025-06-18 10:15:53,HM-D420,37.49871985569353,29.615122268347456,5.402636832373912,0.055227463313162084,7.169448711851241,319.91722880589487,1014.3754281125882,14.173257339591933,7.200490817644631,867.8239649442444,1.0155126806963541,22.231235867153487,1,15.726359551587853,1
2025-06-18 10:15:54,HM-C315,35.354316391996704,40.17942330776792,5.946391271514389,0.047728183017443464,3.346754821524546,171.33752907939635,1013.9033587176993,16.72755052198348,7.664547594965048,944.9668384844377,0.9913453284886135,19.78999116881275,0,12.89232402697825,0
2025-06-18 10:15:55,HM-C315,36.01560670881697,41.05951801552892,6.150212578090279,0.038212511572518905,4.918237643475132,217.28119007464582,1011.9759215756451,16.88536079848687,6.763457316999545,1150.0673117201468,0.9735405075969965,25.457704966820902,0,13.970055695989572,1
2025-06-18 10:15:56,HM-D420,37.99425442626824,40.157163391461545,2.8526206104269223,0.03128995954297649,3.317590424923163,314.48769274133565,1013.3434394461716,17.61130234798473,7.880012095490783,1033.5747958878144,0.9725738584617651,20.58368676162917,0,12.654889699844652,0
2025-06-18 10:15:57,HM-A104,37.39437695257429,34.579221046892506,5.562464369694547,0.05200203743356095,3.473309334585559,323.87863416556775,1012.0768786285854,17.006202734307642,7.149398095909186,789.0768358457934,0.9421380399209076,26.499792964299953,0,9.987869883728045,0
2025-06-18 10:15:58,HM-B210,36.536657192960604,34.88808597304064,5.617973552013063,0.05085347570715097,3.484467529349187,300.97411364502796,1014.8427012635533,20.090445534634455,7.810188249952455,1136.4842488110812,0.9334191517028352,13.631500595037108,2,11.55394524156929,1
2025-06-18 10:15:59,HM-C315,32.647326724843374,29.68413322130325,5.922157564363892,0.0440397691805418,7.151615969714461,265.9554489199335,1011.9275263127995,17.331954133863903,7.89424309636725,1059.3696311246365,0.9334314404907473,22.160861526872193,1,11.697407330266541,1
2025-06-18 10:16:00,HM-A104,36.99123001997865,37.07316447620669,3.8409068201472483,0.04851268807559338,4.1974270915290095,230.90752211338122,1012.798233975591,15.339971158084383,6.356331342196966,1003.0620625231836,1.053147998781372,22.537284621018717,1,12.436297623859781,0
2025-06-18 10:16:01,HM-A104,34.57499008122739,35.8481585309281,1.2420444037336997,0.04072973532682399,3.6568339583285066,199.52074257984106,1011.3698594827987,16.602427031025442,6.653163885213345,960.7607216975437,0.9616725701218509,18.260777921045914,1,13.406739345102178,0
2025-06-18 10:16:02,HM-B210,39.45770676301475,49.219736982628405,6.059718356005071,0.0071763852226510785,4.49675024906981,262.18449856278784,1012.2527973527248,15.263382448770052,6.870434864201663,839.6527133904349,0.9461852682308222,22.004391644238012,2,13.792227585917257,1
2025-06-18 10:16:03,HM-C315,36.22819711680373,40.435511810078715,4.781255547645589,0.041687470055321245,4.233102734570415,227.10846611330587,1012.23585541152,14.503310806928226,8.620233326709219,920.1487479586833,1.0643975479225236,23.92864024589213,0,13.02324150320783,0
2025-06-18 10:16:04,HM-C315,34.509419859443696,36.57622463285427,5.4203616585645324,0.03462899181350551,5.47374159921705,293.5486673317971,1012.7709211444126,12.91806980398647,8.286135584820947,791.3395827856225,1.0030348298435943,26.347591889238615,1,14.090730051748302,0
2025-06-18 10:16:05,HM-A104,36.84614181529988,34.79195344503338,4.858089444815259,0.0789248703479902,2.0528759621094177,194.39515727878242,1011.6505569073468,14.761416779094182,7.28012998763804,1026.120662340672,0.9413114388332854,20.85825475139968,1,11.521305707880474,1
2025-06-18 10:16:06,HM-A104,40.17674896273048,40.00653268538613,5.351753370540319,0.05266771267527194,3.35446306108038,256.01275980966983,1014.8234430386736,16.791403112734567,9.391977983518416,964.8388179723144,1.0285373101752797,20.24258242906137,0,13.342196971090354,1
2025-06-18 10:16:07,HM-B210,38.57703962286155,30.421306648097392,6.105678941283883,0.04403018256398185,5.515806592768729,277.86233429732516,1012.7194025499913,13.396055816335096,6.15123251863027,890.5238043253016,1.07265908028801,19.59445484880537,1,13.25074146223522,1
2025-06-18 10:16:08,HM-B210,37.549792876514836,40.698189060070156,2.214467435686412,0.04925660146453336,3.913645672042244,280.3798338610034,1012.1995710160198,15.838382615519912,7.011425468005321,1030.8058643948289,1.033900691082985,22.19906614653701,0,13.851432956215774,0
2025-06-18 10:16:09,HM-C315,33.68476235238286,29.564282498813505,6.71153041435892,0.019537637407766102,3.5940585319442784,275.0088877912126,1014.154530115343,14.328279705517149,8.140124443019898,976.6012671734582,1.0069095062692424,18.256931471648926,2,11.400463379258495,1
2025-06-18 10:16:10,HM-D420,41.05400024941581,32.19238071392634,4.726786256494369,0.02780462742220649,3.540358317231601,260.2138377093878,1016.2435984845353,15.104317795080098,7.235342486895562,1081.1367807721692,1.023394403563692,25.00195140541196,1,15.26192486959065,1
2025-06-18 10:16:11,HM-C315,35.445932064910245,25.8091025029777,7.440611402714,0.03330422151436886,5.368373788089533,253.8316112121814,1012.3936461086355,14.99215122238012,6.521207252131909,914.4923713276804,1.0597407475523488,15.50850145973089,1,11.318370661956958,1
2025-06-18 10:16:12,HM-A104,39.33445978218086,38.07038111524546,4.3108168769222255,0.04776845007281508,5.3159581957048525,277.2392576685876,1012.6322687238159,15.494935023849191,7.518209751442489,1061.4448601818335,1.0863990945177495,21.741466664666564,0,11.804627580631246,0
2025-06-18 10:16:13,HM-C315,36.18659280412146,36.249645131315944,3.9776032811188817,0.031304954254834066,5.6491441144724,260.21840990894344,1011.8925596755419,19.641410516088143,9.340720583622572,967.9897869786031,0.9524477949907878,16.481644088707984,2,13.61901950955085,1
2025-06-18 10:16:14,HM-D420,39.0937696812081,32.19258487616988,4.777490888313624,0.02997122927461176,3.10476243070699,261.1849721750607,1013.9930426533944,14.073995914427154,6.531399973385294,888.0378891692961,1.0011187716737102,21.807713553673683,1,10.145221524493769,0
2025-06-18 10:16:15,HM-B210,40.26718523968818,30.354306045120907,5.749980561397764,0.01864272662598328,3.0338138897515954,251.03129438983697,1014.433057408269,15.043685260864457,6.614541134283156,997.50329918899,1.0302288907575696,25.233623684612112,0,11.099278224356933,1
2025-06-18 10:16:16,HM-D420,38.620343174768834,41.893611133500336,4.588471172505432,0.04050242177102537,5.864819721537103,238.44687905912195,1012.9304329595694,14.689068202773106,6.339500213369774,955.9732169611709,1.0085992152146384,22.740007056469665,2,12.629757499967784,1
2025-06-18 10:16:17,HM-D420,38.889637399399845,34.33198031198415,5.858769931438285,0.043311323858287794,4.746148771031786,209.501833515541,1012.3424492635835,12.117346921433906,6.8642173036103875,986.4650058403469,1.0264848095669312,19.58918775901916,0,9.765027755815701,0
2025-06-18 10:16:18,HM-D420,36.75390253461092,31.16352312739712,4.419311142410673,0.04857046591494185,3.7728651938421383,214.67747597706045,1013.8009403323385,16.838284824675064,8.066213369931289,871.0901548746501,1.1104308220771069,24.866494315303925,1,11.304451451979325,0
2025-06-18 10:16:19,HM-B210,35.91508464481797,44.609664818090124,5.052338327016655,0.026079675588960655,4.3114092068086345,238.50390295486486,1014.1095050495942,13.452664469525269,8.454083754225195,765.1624157065653,0.9869089212385345,11.057887171218745,1,12.632062652329763,0
2025-06-18 10:16:20,HM-D420,37.345746724464526,31.714685404291437,8.354829423567057,0.04741551503238906,3.0188009892278886,246.38491208481216,1015.3310637003028,17.863849189709196,6.187628479887064,910.4204154329252,0.9293625705949896,21.730968971444884,1,11.266061494315867,1
2025-06-18 10:16:21,HM-D420,36.150213735576955,40.69308535726893,5.535900295298834,0.01919451246579951,3.8644747348472186,220.96931797616165,1012.1262001677076,13.5505948129393,7.687036082012053,995.7450322983323,1.0925030633464214,18.671591152243998,0,15.172953002460282,0
2025-06-18 10:16:22,HM-D420,43.16800927703123,29.245047179947132,5.656244340388964,0.035618724110108524,4.691057647310308,218.72793191961748,1014.2785035246114,15.886198270036935,7.81894999926619,993.3767616417896,1.0883896885155555,23.976919764118296,2,13.587739494586877,1
2025-06-18 10:16:23,HM-A104,34.519104283773714,33.225268848965136,2.791145019216534,0.04603144272170929,4.925366302837497,239.06175184306738,1013.1586729784758,18.58377756323637,6.654101656216257,913.6875502273818,1.0271630324685228,11.8764035435032,1,13.17669584385813,0
2025-06-18 10:16:24,HM-D420,39.505213041476026,37.51145612691193,7.0314312850175,0.03482575545238603,4.395082884616226,277.0617474037811,1010.3985803988787,16.026888050702723,7.793511989570828,968.714460064938,0.9752423587737317,20.138136477904624,1,12.710504980989322,1
2025-06-18 10:16:25,HM-B210,38.29299208634753,34.710815251979874,6.5996976279849004,0.008763110999695792,4.272353952905827,186.3963341112527,1015.2833069481827,13.941163388758158,7.500745406829283,918.626190093678,1.0428760752304878,19.428068359305232,0,13.650169651671064,1
2025-06-18 10:16:26,HM-D420,37.57468052030985,36.21881510756526,3.928326336062302,0.011147348115370027,5.379908312549896,221.85012387889753,1013.4462205154407,13.329395688833484,8.07359601864628,939.278612238845,1.0016324305509758,25.61697331499568,1,12.586724392930659,0
2025-06-18 10:16:27,HM-D420,40.6997152497846,32.305825769879974,6.570088901557606,0.044417897360148076,4.378348417110484,254.84785956195176,1013.9102060876339,10.725195076708573,5.418870017155831,1050.9696566804928,0.9845307300260138,18.830769335762014,0,11.01317798712042,1
2025-06-18 10:16:28,HM-B210,37.745943631502946,27.01101924050203,5.4947018410100315,0.051593027134968904,3.9634616774814235,288.6007554935085,1014.4194762748441,14.367007160437732,7.432937247692801,843.2957426054365,0.9661798737043628,21.112191806962205,1,13.012698679625803,0
2025-06-18 10:16:29,HM-D420,35.412732700643964,42.327881921823554,5.069623847909858,0.046786335775841105,3.5852435798403532,314.82493084945474,1013.8940843135691,12.273488066357404,7.851397282725373,1100.9369893455844,0.9991870574754954,22.28409993159012,2,11.426529109252398,1
2025-06-18 10:16:30,HM-B210,37.72932594313352,32.61085811312965,6.936433469412499,0.05207484418475666,2.378886589820505,239.7345292615637,1011.5495111452178,15.050751609889167,8.037479029871397,963.9134129119167,1.0273449497966818,21.905652180512472,1,13.142522411886908,1
2025-06-18 10:16:31,HM-D420,36.54205432773693,36.44506227766169,4.231552140393905,0.03438915028260435,5.279902648891251,239.2968680938627,1014.0120181112505,14.255253674677432,7.845042092852021,1111.498833377378,1.0082088314370048,21.82501215192256,0,12.943086562571613,0
2025-06-18 10:16:32,HM-B210,38.258211672041625,38.50978745816163,3.9164674164802245,0.05476883821826497,6.256301890856337,245.86911373908117,1013.7449458380502,15.305355114799415,6.234535904354633,1098.906231758717,1.0442157823474942,22.24674139024159,1,11.553017916177007,1
2025-06-18 10:16:33,HM-D420,39.032684079073746,36.54379102155696,5.311344980505508,0.046721201589778744,3.5081874048388197,256.8133148657269,1010.4952392123611,12.803161437687866,8.341635440003353,768.0883975388998,0.9890381986093664,21.997833850445378,0,15.587696486843566,0
2025-06-18 10:16:34,HM-D420,34.852280144089825,31.457043665308923,5.792343221806446,0.027210864697905214,2.975935618513872,248.65299611669866,1015.4990558703463,14.051699085539674,7.796466561782224,964.7020875414091,0.9790699620340751,31.506094152049513,0,14.411879097393754,0
2025-06-18 10:16:35,HM-A104,39.98834029500704,40.798824809758855,6.449473830040754,0.050289074227872356,3.752730396624567,253.49665858851176,1012.4340132261947,16.14527221296124,7.215090534233364,871.4956245686583,1.0193719741129645,14.82941061569213,0,12.417598554739612,1
2025-06-18 10:16:36,HM-A104,36.362750387828854,37.568395875124345,4.773570572380093,0.04592100408268992,4.848640936020099,209.9092923018793,1014.49335142042,15.686390969284641,7.228785192450472,939.1762144391632,1.004315072342541,18.83522159514089,2,13.261140665585497,1
2025-06-18 10:16:37,HM-D420,38.109034806705445,35.99386825172614,3.725343325114027,0.07344988175215178,3.893640083310187,200.14024895625002,1012.4959995768573,11.42520756503075,8.610987698483004,986.5926760695152,1.0742025152136303,21.81169816013635,2,13.001132717102838,1
2025-06-18 10:16:38,HM-D420,38.54257542580174,35.877924017929445,8.792851576947392,0.06758639906974984,3.872769969189611,271.4593060016918,1012.2001828196993,16.64412531227386,7.769854720484179,1066.569284394114,0.982671023278891,26.451726008208887,1,11.688569960953826,1
2025-06-18 10:16:39,HM-C315,37.91847172657658,43.41131172128529,3.3701081584415564,0.03815392903707772,4.400492015920519,244.2165549857476,1012.8816171378072,12.935541728115457,7.324513637115062,863.2035833183901,0.974885701004776,25.815165367776956,0,13.356767893826632,0
2025-06-18 10:16:40,HM-B210,36.727228705868576,31.349688903734254,5.082677184934293,0.03164638795419461,4.620970596959124,275.0053081985374,1016.1825868333909,11.96332880146329,6.520160022698622,1152.3330561557711,0.9915598088935605,26.15015197092781,2,12.205019483087863,1
2025-06-18 10:16:41,HM-C315,35.77850604501834,37.07627914183873,6.169558286821418,0.0711822250617624,4.941902595047133,256.71327931430443,1016.0194150696475,14.578691648069142,7.018636825644104,903.5229395534197,0.9793417254130088,21.85865115627272,0,10.394608010914173,1
2025-06-18 10:16:42,HM-A104,36.32751373174165,32.35685254199911,6.726683922556753,0.05103079038510362,4.145816578763661,207.0086433669159,1012.1982005079892,19.8585239176821,6.517993707813901,842.5419516669481,0.9684896463019568,26.96421377405558,1,11.732888888900021,1
2025-06-18 10:16:43,HM-A104,40.912929831322195,25.318470968299984,4.1492597318784235,0.03651704466462504,4.1244525521672415,296.59669188628266,1014.8710132019969,14.351993621812479,5.799199293691654,1037.5974988154812,0.918392618253377,19.602461663297902,0,11.741925236003473,1
2025-06-18 10:16:44,HM-A104,34.83533390717735,25.186327375685597,2.187623458388445,0.005,2.1936168494551382,250.94072525382546,1013.0350509508784,15.216104786543923,7.3790378014047935,960.201046741,0.9423206848081956,25.66345311134187,2,9.59788706336166,1
2025-06-18 10:16:45,HM-A104,35.20189165509259,29.926818125116434,4.114602239805993,0.02489001103265788,5.622822746788068,227.58256923975537,1016.0274723564588,16.391344654574226,5.797008110689733,1126.9010524980754,0.993989380547166,22.75674776483006,2,14.502495559707384,1
2025-06-18 10:16:46,HM-D420,35.09212794214071,31.707784169938524,6.291983765320827,0.023499438464607843,4.802843228771621,233.97397548692948,1014.7293064323344,13.278806501647795,6.696799118158334,871.2760989854138,0.9346215170623249,22.827686156177393,0,11.711320257202836,1
2025-06-18 10:16:47,HM-A104,37.33938469979416,45.864748746804324,5.956244722242857,0.0370723874662573,6.313276553139156,213.65957274657416,1013.4185831711912,15.633023150006375,6.952543756082778,964.7434041706871,1.0282328724000935,16.715698264935128,0,11.933777652036362,1
2025-06-18 10:16:48,HM-D420,33.188236375030485,38.49194217153045,6.005183538332113,0.05237036673509301,5.113332886886516,259.98127599769856,1013.1220730828394,13.364385241365888,6.032255776064439,1051.6116259711544,1.0184990484249319,14.918797792948908,0,15.876326875270063,1
2025-06-18 10:16:49,HM-D420,33.61610035966402,38.9417151042971,6.067496129111561,0.05542506448644474,4.411684079930643,246.6644479434668,1013.9125844032526,16.1232616083223,8.01497925714046,882.3467419780591,0.9665058030603897,20.83743754166254,0,11.03799252877435,1
2025-06-18 10:16:50,HM-A104,36.34761291760186,31.81460746874822,7.010126349020762,0.0700007137057862,2.7167825719596257,310.5585715845656,1013.725260090022,15.810541438268677,7.108631443015542,1052.533144295211,0.9973573656581789,21.627353158883476,0,12.358338199606935,1
2025-06-18 10:16:51,HM-A104,33.78056138675441,35.30663584759724,3.836167332057813,0.058627916753404355,2.539484229152191,265.59813865508664,1011.3460464783835,15.631544952482146,5.362334398098314,981.8185203129239,0.9904186181826055,17.51523860305368,0,10.115941096651296,0
2025-06-18 10:16:52,HM-B210,33.984321726793,46.53076492373107,3.2031530064085945,0.013990641703580314,5.7580178702761025,308.7411223838251,1013.3117200863287,15.349421433313408,7.871879556957576,869.5590792157764,0.9097592254147193,25.703183066934834,1,11.539826872605948,0
2025-06-18 10:16:53,HM-C315,33.799328976592655,28.927911631112178,5.555720367895634,0.06060015159080851,5.17385815624348,221.1622437271136,1012.0224782112639,19.02992682100547,8.6154622312989,1051.0598558730994,1.0222470895133005,18.70658458454819,1,11.718062056291672,1
2025-06-18 10:16:54,HM-A104,34.88347072716668,37.28119398683657,3.4272129656477155,0.07466649410546719,6.258479922886408,240.0757688506832,1012.2054592463226,15.475228880355466,7.344014939391243,934.289135895055,0.9701251270093576,24.30201912850151,2,14.180029011067276,1
2025-06-18 10:16:55,HM-B210,38.82811626667601,43.056478834551314,3.108626975772492,0.07367616154041204,5.617498007384633,276.70340201369214,1014.6718282929788,16.064298874315675,7.695551297632214,1045.0780400410447,0.9512623553028006,20.823114343674686,0,11.249051966644084,1
2025-06-18 10:16:56,HM-B210,39.38926989030271,39.8297154273612,6.835939864860704,0.01574273101383513,4.054643131054907,267.6672841178704,1013.3056231672294,15.738651232892957,7.458920529304628,893.7713711327982,1.033910499177689,25.12646072602034,1,13.775636189131582,1
2025-06-18 10:16:57,HM-C315,41.797502233046515,44.007698069626166,5.37553972561372,0.03617806796043108,1.7398991645882895,249.5311492794839,1012.3182197680487,12.997948193476699,7.656626523828787,833.8304544653043,1.012160210662944,17.209503283696602,0,16.5500888805931,1
2025-06-18 10:16:58,HM-D420,41.7059046462837,36.06432628263564,5.04273972356763,0.05921947499139945,5.225424260702825,217.7056376088603,1011.1821958126097,13.462616896429275,6.768423821627976,914.790298548397,1.0455623230625437,15.58013267876434,2,15.125390307996383,1
2025-06-18 10:16:59,HM-A104,38.965781774701114,38.01726512593549,5.073910995147973,0.016833139328757418,3.2806802919371716,184.65174662877882,1011.8359307561024,12.832549143467162,6.60296964150573,940.2232119746504,0.9941056254775329,24.15707633336787,1,8.221709073304062,0
2025-06-18 10:17:00,HM-C315,39.56919418700258,35.548871933951865,4.840791485263002,0.005501700321617009,4.278837555868694,243.40204888595687,1012.9108360142682,13.434819901148256,6.3572529384331595,965.5974957934147,1.0107650043568828,25.412853834670607,0,13.241230269601488,0
2025-06-18 10:17:01,HM-A104,37.32775522671479,37.6667277956979,6.82586096798986,0.046279113735412464,4.994533133369211,244.6831761588624,1015.5287888470054,13.986820054857688,7.296192138751836,992.7069137100576,1.0399578223735566,23.25910440051475,0,14.857075704412381,1
2025-06-18 10:17:02,HM-B210,38.299662130030676,30.423967938482885,2.7280761422063247,0.026488171457865944,3.743225425582545,253.84143395801775,1011.4263857378182,14.596227975336229,7.716222890135896,1106.7697967323697,1.083816873234943,18.466187262547578,0,11.257793700293089,0
2025-06-18 10:17:03,HM-B210,41.85900762045792,38.96174204471841,2.6659646281993723,0.007370978659707664,3.5097997845318503,206.6315870228912,1013.4421464379631,14.57276778890206,7.705930132210306,941.7254887098784,0.9844262745857797,24.705538022431057,0,12.372209533711244,1
2025-06-18 10:17:04,HM-D420,37.928032170142075,36.471241563835285,3.5954277221181368,0.06459040885505091,4.131387280401809,223.6214260340606,1013.6106789506513,16.152558565077662,6.864462179506532,1092.5426956594151,1.0124047264826372,24.273301759396986,0,12.030535629086595,1
2025-06-18 10:17:05,HM-B210,39.8830964463631,35.31329683127274,5.4337424716099285,0.04328625316235965,2.0445830752342102,261.7556816137331,1014.8339588778935,17.70107130311239,7.044742485672939,1031.989386281329,1.028678413141149,17.433791475204117,0,13.93202119603074,0
2025-06-18 10:17:06,HM-B210,34.664120978553726,43.73195818907927,7.708015609817732,0.0295861533091508,3.259572633947738,267.5511986631436,1013.1873164876863,17.28604687249692,7.041505411112554,943.5221952396028,1.0282794378145292,23.796146038054115,2,11.785115372529027,1
2025-06-18 10:17:07,HM-C315,35.33440318935443,33.67307300447613,6.3036259872579095,0.020726318316151744,3.242230389371466,256.0287985100301,1013.6119663173779,15.556608101541569,6.796908886962904,974.532154206781,0.9743415146536746,22.570158141697625,0,15.366635014938353,1
2025-06-18 10:17:08,HM-A104,37.78017399448742,41.039110173102166,5.888664071336145,0.04349132296686721,4.216982415493521,239.60335378530547,1014.773148116998,13.338736912669678,5.658054996180947,981.668414313161,0.9943986488652956,22.418924646198825,0,14.343842651642449,0
2025-06-18 10:17:09,HM-A104,37.374829175158474,41.53639298549878,4.880199603073211,0.05030834397851055,3.363410848457316,214.3880679813684,1011.8344044454559,17.09857883659702,7.044221631360785,1032.0553431495393,1.0281882807629368,16.467688864106428,1,10.147514818527005,0
2025-06-18 10:17:10,HM-C315,35.45016453148776,39.27772192292731,3.0012051290061046,0.046518653456068974,3.881014681590591,278.61674481297536,1014.1868083247792,13.898654318072467,6.960981997996516,1044.259361378072,1.0088015707186673,25.29151055809349,0,10.166176213058044,0
2025-06-18 10:17:11,HM-D420,43.01844395982805,30.174501646317104,5.772484736130746,0.009621733574622367,3.9660424598089326,271.8092449251493,1010.9090464382278,15.868887613644095,7.162018406885939,837.9887690340678,1.095731922300296,19.829468754728683,0,12.814933553158525,1
2025-06-18 10:17:12,HM-A104,37.431485259787166,36.79539148671578,8.038950598752699,0.049537041284740714,7.053222792148586,232.77570786440376,1013.0962907576852,15.562587552817815,6.773875781380605,1028.2902074868102,0.9845246344917132,19.408336176050796,1,12.178290045012144,1
2025-06-18 10:17:13,HM-B210,35.893187369538346,44.7923715056575,4.639913516737207,0.053888990186939954,5.423485498140528,274.9965393411652,1012.6439772826918,12.877150567211899,7.432425675871852,982.6234458413293,0.9600134510490672,23.82060075711722,1,12.386855633004958,0
2025-06-18 10:17:14,HM-A104,37.379047068401576,25.90723232656648,4.158989952869101,0.03313191858595331,4.355540963451981,247.9276563514735,1011.9168492993822,13.948249848544965,9.366722270294108,981.4119580798426,1.024225407401883,21.12636595826024,0,11.645829905629267,0
2025-06-18 10:17:15,HM-B210,37.063566756529085,34.061707528518994,4.6471352054145605,0.06079220763897836,5.038893806125357,229.53032296260494,1014.4585898141371,16.026243148264765,7.826457721464538,939.3657833118513,0.9530811365993679,16.257013081953936,2,10.905698368564074,1
2025-06-18 10:17:16,HM-D420,37.46950636972772,40.811542598341,5.89962670773863,0.022961652141152297,5.60485924574721,277.8017989438492,1014.5427678625024,14.694408459906409,6.820059724220635,1006.294690112532,0.9770773999860877,28.117868119307058,1,12.54056818896137,0
2025-06-18 10:17:17,HM-C315,33.01570746162242,34.42339700106181,5.167595277877898,0.06581169572062005,4.845323339477924,253.00501779656526,1014.6035410930548,20.824562293164693,7.022186232860171,1021.072543037305,1.0040342180857365,22.912705354866926,1,13.20704539202277,1
2025-06-18 10:17:18,HM-A104,40.22986674141716,39.04943908486936,6.365021166672081,0.04264631368861289,3.259332958772254,237.15681555180188,1013.569610975513,14.109654977021822,7.109012156609986,958.9726013029791,0.9983519043384091,21.918004412533836,0,14.061329724401448,1
2025-06-18 10:17:19,HM-C315,40.37207355109788,42.045955142995616,4.949823688625262,0.030076610559668877,4.335588534459229,211.53065434362497,1011.1511303834326,12.983778928332221,7.292645573601373,1031.7396626480886,0.9969795525267144,21.874821765227047,1,14.305924248282224,1
2025-06-18 10:17:20,HM-A104,40.67580193009121,36.160031415744015,4.638482555531329,0.03363103019338448,3.3289291888222325,214.30856572347173,1012.5065371292769,15.145702789347546,7.195956455505514,899.5197592871747,0.9718256606981969,22.06140623151989,0,12.562015244895951,1
2025-06-18 10:17:21,HM-B210,37.81357939634074,37.544952604277704,5.343508969931368,0.05998569766859929,4.1051049919775355,275.41023208485444,1014.5088207534855,14.355551309824332,6.83820886737522,950.9438917633568,1.0184871997023335,22.38634764534453,2,13.035744777270095,1
2025-06-18 10:17:22,HM-C315,38.65620265041129,35.459354667901,4.1905217347539825,0.04474484699830752,4.309361170310419,263.5874077337911,1014.4890327621889,11.56960374865647,6.796892453102708,978.8737500398439,1.1086294680601185,26.56287736911804,2,9.982949756056248,1
2025-06-18 10:17:23,HM-A104,34.834432629981876,36.48902940985158,7.611147412166957,0.05290134653015113,5.763095564526717,214.91070411598054,1014.7950421741916,16.67087638528655,7.7162349958481125,925.2429827773711,1.0414721341316984,28.323033527014008,0,13.576346517686869,1
2025-06-18 10:17:24,HM-B210,39.08224832149347,45.513012174481354,6.2346715971749225,0.06149338605450821,3.547055794904398,214.34154754013625,1013.4711365468008,16.982566666751957,6.990017898017897,923.5226443977347,0.9078129490834435,20.84080710529632,2,14.50815954978145,1
2025-06-18 10:17:25,HM-C315,37.629469267234846,34.68025753659676,3.3504521188915075,0.029480458681333643,3.4509213969893855,313.0760213963081,1012.7271091047055,16.70755410098947,7.657622593710359,875.6122220550823,0.9796343765567569,24.70557496512041,0,13.482695915172846,0
2025-06-18 10:17:26,HM-C315,35.84898346090189,33.2342298102721,3.8813612426987927,0.04254596672158725,3.639679442097428,263.93875617034155,1010.0517878987216,15.64085437988481,7.0256385812367474,984.5325724488554,1.0265988918017341,24.508164326956994,1,12.428006286585365,0
2025-06-18 10:17:27,HM-A104,39.1618617291021,40.20877114509881,5.848005507749156,0.03551088079366025,3.7691927090246624,286.28626958833786,1014.2939709266678,14.730018143065417,5.756805915106751,1105.59111205729,0.9252086153204195,24.75772176672826,1,11.062874285822172,0
2025-06-18 10:17:28,HM-A104,39.25862259022775,30.785388338791034,5.274976318994621,0.06034115955912676,4.118197628326515,294.7676455952624,1012.8512818611716,15.345220828483269,6.354478499831002,998.1742982991282,0.8789219916912764,27.085910048483576,0,11.066426503321907,1
2025-06-18 10:17:29,HM-A104,37.15152208918733,31.926392713673795,5.453767564022111,0.0323508916265888,4.895187999220476,222.15488342742862,1011.1193331149484,14.755130955261892,5.919642719253769,936.5797225963964,0.9637582088913216,25.407526993877234,0,12.210255417324015,0
2025-06-18 10:17:30,HM-B210,38.095956450321005,31.958273530236887,4.711808794075787,0.040956635287237426,3.5578703212283633,302.28276801984777,1014.1440920680619,13.732866940709378,7.3654840543976015,1055.2557403894261,0.9595661615608295,23.668898054498303,1,13.1881274836718,0
2025-06-18 10:17:31,HM-A104,34.4207074701661,33.7206273877098,5.68275955478815,0.08591449202295065,4.637870651998989,217.66544904547385,1015.1293301894718,18.081104767695223,5.840647121358014,947.2670893776972,1.0820039574496019,19.461779539404507,0,9.395438971269567,1
2025-06-18 10:17:32,HM-C315,40.107958593035896,33.93900267564971,4.747091197244438,0.06570232548466155,4.652702177842723,271.8760133898662,1014.300905218475,17.529941788068587,6.8006229583211715,1010.0159777000197,1.017773967902266,23.213202576245806,1,10.515401131660017,1
2025-06-18 10:17:33,HM-C315,34.752967029912746,38.49549794832753,5.845069315114386,0.019295437796091598,5.164410986086201,246.52059374528054,1014.0123838016643,16.3204264181015,6.90484844573436,994.8118653406934,0.9927695365861315,17.816160676785188,0,13.9089184463575,0
2025-06-18 10:17:34,HM-A104,35.23643587980206,33.28819182370661,6.159542346876347,0.05803952214716036,4.24707041964588,271.7047502181819,1014.4001064567823,14.146989360682321,7.0026582856939505,830.5757983672136,0.9842036309752872,23.844665972723412,1,15.0914829251745,1
2025-06-18 10:17:35,HM-A104,37.15578911357634,38.697317346175936,7.41011050495724,0.053775385767132804,5.498501549940716,243.67876456782523,1008.9040536743087,16.169544248672842,7.904380765745943,958.020482040791,1.0225329039392062,23.277144339355228,2,12.237613878220976,1
2025-06-18 10:17:36,HM-D420,39.78629071054615,39.320903524208916,4.22795113558106,0.017987273243302165,4.942837447363654,266.47067903615283,1015.5817418670262,14.523510244351932,8.043331071193833,1121.4593960262484,1.0099028775362617,16.273921517329214,2,13.483223016122329,1
2025-06-18 10:17:37,HM-C315,39.784871583039155,31.7324440033348,4.983322052261689,0.03779888528420788,4.8890159140585725,290.85702401948885,1011.8123946407893,14.44493324765001,6.605587944188882,906.643155852922,1.0224386563980858,20.123148429924022,1,12.32655974083493,0
2025-06-18 10:17:38,HM-B210,36.98793844523718,39.21353009349225,3.1715278836557497,0.021045938775655727,3.839174472237158,283.5895502590557,1011.9440092814411,14.96780470294045,7.18465001017568,1077.460164311359,1.0161581444733758,19.034211383163523,1,12.685130154324218,0
2025-06-18 10:17:39,HM-D420,38.93253340563453,39.66709241479144,7.7393921255586395,0.005,4.829476078391701,248.14286597693956,1012.2933461554802,15.882024818755413,6.862841340985458,1031.0032174741111,1.0519576841002112,24.811374933028713,1,10.856279197727375,1
2025-06-18 10:17:40,HM-A104,32.77735387667776,26.19531781684571,2.036768064194238,0.03708056950914502,4.922745458965986,221.39286449386142,1012.464853030714,14.198555309581105,7.537541321215457,914.0622600012368,1.0016408291344991,20.823759538202033,1,13.334653781110427,0
2025-06-18 10:17:41,HM-A104,35.201700024676114,36.46740476436983,7.524304082797714,0.02987819740985611,3.7828927033132453,241.0734116661521,1015.250611595293,14.721867210204554,7.133480841728455,958.4321006197637,1.038934344477515,16.307546352639392,1,11.386532638561581,1
2025-06-18 10:17:42,HM-C315,35.252623901340996,32.467959458495436,5.1402043734367115,0.017981952293607797,5.93313895603423,263.3251152641258,1013.8157497501145,17.634546412695492,7.562389900322059,873.365062122223,1.017841895533387,23.783424741733583,2,12.865702120825631,1
2025-06-18 10:17:43,HM-A104,40.13053227439954,41.51532490166221,5.62764189572997,0.03980827466655208,7.648207079805709,269.56003806423286,1011.9822437393368,11.652274951417942,6.2933220624526065,1026.033214229211,1.0101228652945085,22.826644259943315,1,13.629018821495263,1
2025-06-18 10:17:44,HM-B210,38.63663540727002,32.41696907363219,4.7514963594055235,0.005,3.7114429301482965,282.10059294351544,1012.2092713136115,17.034019294762906,7.382502339659089,874.3886195643573,0.9800182245859517,22.498017293820734,0,13.441940677308635,0
2025-06-18 10:17:45,HM-C315,37.4616319397615,28.30258422344665,5.046650987169937,0.04082549878686079,3.9357773887804393,228.0682932694416,1016.7415545613298,14.736743625957544,6.0775824124382645,990.2358584950208,0.9967255278475836,17.59039370372406,2,11.29013021717397,1
2025-06-18 10:17:46,HM-A104,37.70433765957343,34.850915916655865,5.882126899616755,0.04030796242222275,3.965969955292874,222.02972103844075,1013.5295529891664,14.079455556031249,6.575312464676002,1104.2719424681256,0.997603383991959,24.35098610795051,1,12.905146780319166,0
2025-06-18 10:17:47,HM-C315,40.92084819007531,30.51513847950441,2.5450288072681126,0.053574791064411945,2.9285248891892097,219.40656996341676,1012.3522635793271,14.39445405906174,7.281000942238231,906.2554308239003,1.0539375810220784,21.547625469769336,0,11.637352360652843,1
2025-06-18 10:17:48,HM-A104,36.57455083373362,39.24792632268944,4.021810644359146,0.007936415282575833,3.4484513331198454,244.0882015194944,1010.5672006446658,15.022676497073324,5.639061946157938,985.6354048243817,1.0117820265272783,21.307665951585115,2,13.609362811193627,1
2025-06-18 10:17:49,HM-A104,33.7148317286649,30.956937505591064,3.7324140742870124,0.08278848511716652,5.528673571982607,256.4265792742982,1010.4864587464442,16.856633874424247,5.449999459038528,838.3866951355473,0.9548146583446234,16.968281270621553,0,13.754058306904872,1
2025-06-18 10:17:50,HM-A104,39.71798796098826,34.91246775405862,5.671107175303726,0.07511604450833761,4.401583752094947,261.09872155558617,1011.3246690893301,15.350927728035627,6.274395367647067,961.3640319481005,0.9226677759646698,17.11273410711837,1,13.670515365321087,1
2025-06-18 10:17:51,HM-B210,37.45459759301265,42.72905213582082,5.006549297605779,0.02453570463668391,6.802819603416301,207.56868623152337,1013.1437568169481,14.016532086370615,6.44875764806274,876.9646318278822,0.9431075398638019,38.39780133173568,0,14.746786679327151,1
2025-06-18 10:17:52,HM-B210,39.384179195414454,40.492643111070684,5.927143760643212,0.06919477711334224,4.153795147893588,221.39908249216015,1014.6641209732237,16.381678901857384,6.532107590282099,977.5811419661351,0.9655543533136655,17.38740470160473,0,13.304832180589331,1
2025-06-18 10:17:53,HM-C315,36.88808798153373,37.38919601644474,5.247162506272034,0.0571414422548505,4.999620991689509,228.92335174584645,1013.9241116676376,14.807971829646942,6.780623566985198,915.1563215037893,1.023045188995724,13.57137168958963,2,14.832473485046856,1
2025-06-18 10:17:54,HM-A104,34.903276190740264,34.362111437238624,6.587883253723994,0.03121149748427373,3.414847392078386,302.72810476134185,1014.7610915696324,16.054166530178396,7.445296966988446,878.7475355425017,0.9690455734937878,20.45825410345933,0,13.625379755838134,1
2025-06-18 10:17:55,HM-A104,38.007054302707445,36.91448228105544,3.8895885634868694,0.027862939883374717,4.3677824432924615,238.56711571805482,1013.8486618522874,15.542967930827789,8.76774470003362,947.0021850335957,1.06132483997801,21.238063566819527,0,11.494329704643592,0
2025-06-18 10:17:56,HM-B210,37.02543767685358,38.44491976362527,5.087233669775356,0.029375508298427257,4.605385337824549,205.69796691435636,1011.1612333401976,12.87616413630452,6.6975073950400335,745.8367788009602,0.9386700941714456,18.332469142789275,2,12.908700427769011,1
2025-06-18 10:17:57,HM-A104,37.46235570718602,30.066988183922557,6.66404512100377,0.09652737753938745,1.975098747587722,261.4446097047953,1013.6372841160735,16.143482771599242,7.505099724152152,873.6178549994281,1.033146382018861,18.71293950080691,1,14.158257864928544,1
2025-06-18 10:17:58,HM-B210,41.04142623529354,39.2566862196192,6.36398907203101,0.06720238857822805,3.5100449978286363,246.74138002145284,1013.7014345066472,11.71158544393049,8.196228882686157,1147.6697309715473,0.9068544242026835,21.52472737348311,0,14.27061560035253,1
2025-06-18 10:17:59,HM-A104,34.25324380653825,29.491529737214595,2.7805331653248686,0.03594454212234928,5.263116526421899,214.75272396434104,1012.8198523206376,14.799660766167671,8.053222471021432,939.6244412079069,0.9441354465377273,23.457799256307656,1,11.925470449079837,0
2025-06-18 10:18:00,HM-C315,37.71479665118996,37.86225967506138,3.4683338165229185,0.0376715519994044,5.199200919864727,235.79056407935016,1012.5410365785775,12.980433672827774,6.5717130041180525,919.8846077515444,0.9503342930848189,16.39998717077496,2,11.90739721736846,1
2025-06-18 10:18:01,HM-A104,34.95250827460331,29.465547977251795,4.8773135919428245,0.05694896421362623,3.0019495505113323,239.75856291559273,1012.7775987165719,11.054684081974479,7.898485854599761,987.8074063936614,0.9497133699055711,20.417376285076333,1,13.509602163639306,0
2025-06-18 10:18:02,HM-A104,30.523635067199855,44.81398121685307,4.647744990888085,0.05607288496965278,4.066845807926811,246.30606940599785,1010.6803740161387,15.492734229219602,8.232522810696713,1042.7372541818063,0.968124883196506,21.99300152299392,0,11.428111480568592,0
2025-06-18 10:18:03,HM-D420,36.87758702744444,38.81670812468519,4.901859907172128,0.02086247645235381,1.6564632051027401,277.8991298118375,1011.0017531189059,16.66635118786309,8.424740116840136,1090.0052757501057,1.0393340025130868,21.04414899193688,0,12.294854697694282,0
2025-06-18 10:18:04,HM-B210,37.07755734249952,27.21987360607023,6.19428545037777,0.0459507727044048,4.495875528523479,266.8157455060636,1016.8126480248063,14.937253012630405,8.454819095679158,954.087545652578,1.0358806771144318,19.25333009156342,1,12.764799244377393,1
2025-06-18 10:18:05,HM-A104,38.558805257376896,34.99536686884924,5.434074507503107,0.028949129433132943,6.012359865263502,253.75098614888486,1011.1227925191458,17.569105179293583,6.319822656779458,942.829804562985,0.9496564375158846,17.899776899018402,1,12.378782379189925,1
2025-06-18 10:18:06,HM-A104,36.45614812854014,32.39288977957682,5.521536354528845,0.0430439956263216,6.064346323838696,279.5832612124375,1010.3500815667459,15.001068322485644,7.391759835781867,990.1709134571618,0.9901898379142926,28.919148775793396,0,13.835257824705655,1
2025-06-18 10:18:07,HM-D420,33.27749911219007,31.801365351093178,6.005920352905138,0.039039737337182974,6.02168255174857,237.70580336194232,1011.9194997045082,15.354673199568149,6.6477183399560715,964.1095333253793,1.0227193013834577,12.652200425961071,2,13.726273881485128,1
2025-06-18 10:18:08,HM-D420,34.94392105686284,35.73551763234209,6.611261307718339,0.06035288944487534,5.13236163772579,228.24607997687798,1013.6886926950599,13.315301497881022,6.154909649959782,946.0844304591502,0.9907497344048104,26.10132247342144,0,12.840381190157327,1
2025-06-18 10:18:09,HM-B210,40.29239709171676,30.36003125165751,1.0,0.034634461573511084,5.889845492972502,259.2621684210858,1013.8417778629118,16.164330923870907,7.582879091367664,1007.6222513000127,1.078856849021382,17.429981797865583,0,10.91885326707076,1
2025-06-18 10:18:10,HM-D420,34.90843017677342,38.80732882492218,4.42006032764292,0.042366349691217525,4.272884695984414,256.94620782064766,1011.4640705816802,16.074781124372144,7.360856034193067,1006.4201844297384,1.0191000370724186,22.96139682696161,1,14.696575876019287,0
2025-06-18 10:18:11,HM-C315,40.95806382423127,38.52327043499671,3.675548319110449,0.005,3.873755200891211,205.7227800366205,1013.1448735020381,14.164118758869458,7.336711182878507,964.1909039732494,0.9568383557000342,22.31284130200932,0,11.457292427470582,1
2025-06-18 10:18:12,HM-D420,39.62496073142846,36.757123874709926,5.712974203842279,0.04647305858306565,5.8687382630379785,294.7970308848547,1012.1830912688515,12.435784267521951,6.82011589502154,1152.36653882874,0.9618115873507426,17.842156301434972,1,11.766998259193347,0
2025-06-18 10:18:13,HM-C315,36.205548489159824,34.90247735729567,4.306844066623016,0.02442956545798175,4.846151474455438,219.43756598157466,1013.2854384184882,12.012710266294125,9.159254332496145,1111.935449684751,0.9516635166852391,21.230989181635167,2,11.347403644484528,1
2025-06-18 10:18:14,HM-B210,35.17730209224325,38.29909142972491,5.113792425372683,0.009657299403147572,2.34571491071605,265.8841596426819,1012.5601121798065,17.01507392656595,8.407109796012685,1003.8684855095189,0.9650365482647717,20.411472265828333,0,10.335077154637176,0
2025-06-18 10:18:15,HM-B210,39.61978242282645,38.95692753038992,6.278214614603762,0.06258228455171473,5.9598934753413895,266.58285032063236,1011.9589362554885,12.668116830944717,6.865138215584973,1052.0813779471505,1.0010768379752724,22.110844062476573,2,14.05079633209228,1
2025-06-18 10:18:16,HM-B210,36.39772188726595,37.27458868370841,4.09552109183276,0.03916461265068052,4.236179576214724,157.40201711280383,1012.0263025942511,18.04512339411688,7.18115639114203,905.4635424163654,0.9882246986767793,27.127803519718633,2,15.281315896444017,1
2025-06-18 10:18:17,HM-B210,33.135874650750104,28.44062988409881,5.5442235090683285,0.005,3.6994491599959627,256.816567072817,1009.7013040345113,13.432008140531984,7.596222595120699,961.8229024542319,0.9765212422992945,27.691619131412153,0,10.65577853269889,0
2025-06-18 10:18:18,HM-B210,38.405791551558146,31.058069430654967,7.330741734740641,0.024327528758846098,5.674685462954187,299.12243558097134,1012.6677000468662,14.403364628363734,8.021862684249633,1017.8721816809722,1.0290904978019306,18.930716813186795,1,9.80286238392858,1
2025-06-18 10:18:19,HM-C315,38.04315861964547,33.65969539253944,6.247423189807371,0.04010003502870408,5.5128782715864215,228.6961533749412,1012.8853465699425,20.6631007027991,7.585767509430612,1071.0208190895032,1.0171464658897185,23.383025093353023,1,12.750951861974892,1
2025-06-18 10:18:20,HM-C315,39.84426550678695,27.621045510751514,2.6213339649800336,0.040694982796556124,3.3517433524251237,193.0638353218554,1010.8872539120329,14.058252853055276,7.291774287495964,876.6632600221856,0.92102149317521,26.07461163768756,0,13.04905123964856,0
2025-06-18 10:18:21,HM-B210,37.873987498400744,36.12001566665765,4.562379948085848,0.03001188621978334,4.311494651592621,246.48444306233785,1012.4949420186811,13.07164524791965,6.066033964434007,906.8238928171739,0.936299055645909,20.26780307804997,1,9.32275283390242,0
2025-06-18 10:18:22,HM-D420,35.62713255738571,42.05502603661809,5.5337245029154944,0.005,3.4098851247009137,263.9815374661164,1012.6171143110713,14.321685333100172,8.770369023647982,965.7742497409059,0.9507811564917645,24.398417348517004,1,10.96213223058667,0
2025-06-18 10:18:23,HM-A104,40.17419709900533,41.25845183379796,5.829175784332894,0.02896175687013018,3.4416663320920042,247.38299073518687,1010.2197854248286,11.965798846206917,6.695117846737388,1081.4765057122336,0.9596087491377635,31.520734645075716,2,14.501021275309963,1
2025-06-18 10:18:24,HM-B210,40.41747608169711,38.69813072002437,4.621476442569131,0.0614206662944534,1.0,221.49009129972868,1011.8426999316624,14.43548165110758,8.048992900229369,965.6244457185439,0.9680442646757529,17.43917804592192,1,13.430393904676013,1
2025-06-18 10:18:25,HM-D420,37.58301490996302,38.638559669357775,4.0403166635157,0.06804788929024874,3.283209650650835,219.09140792241968,1011.7954768413248,15.14441307827521,7.225123117411063,1051.6521301733687,0.9798330800348652,23.914580131552725,1,14.48904144599692,1
2025-06-18 10:18:26,HM-A104,37.15080478633243,46.076477654816905,5.101644402273453,0.02785018073152802,4.294623252678157,201.33503292375661,1013.2696082071036,16.987339682552573,8.200133082362953,946.6979000042248,1.0178216654327856,17.968800461842395,0,10.948520004054501,0
2025-06-18 10:18:27,HM-B210,33.69182244223724,39.219319160891814,3.3696729441575837,0.0776666821933801,1.1000520891015468,193.7514280337746,1014.8678364383995,16.019327937158753,6.1592116676345725,1017.8724924677846,0.9438020556610244,19.49957969840794,2,12.508105560145486,1
2025-06-18 10:18:28,HM-B210,35.481184144133806,39.628178433941734,6.6496013990667775,0.007659778305037043,2.8537770590085705,239.7083941660106,1013.0708211262979,15.291456588420202,6.691792576891065,872.2904959736367,0.961772493533326,20.09744004997116,1,12.416121583672838,1
2025-06-18 10:18:29,HM-C315,38.901924104898384,27.805426528319227,7.803021460922253,0.023799369627408834,5.2284621012910035,262.7209410439912,1014.7393813606253,19.29988429996549,7.087782593381302,899.1237813552085,0.9208090849019102,23.77142577723836,0,14.123942641015518,1
2025-06-18 10:18:30,HM-A104,35.60679924909325,41.66409397178134,5.592040952675186,0.05782992247432137,2.8052362269038245,254.77482385250332,1012.6662910365055,16.20015074040524,6.466609398046707,939.3469507209039,0.9539374226424341,30.10468921963016,1,11.555640065387065,0
2025-06-18 10:18:31,HM-A104,33.35790532651669,36.992486751527814,4.6513421697063295,0.054681104100065395,4.31132073323109,257.526727497651,1013.5568633137724,17.870284471162623,6.770625806641952,863.6076806472572,0.9896094169847688,19.611791252295784,2,11.744170664296497,1
2025-06-18 10:18:32,HM-D420,45.0,34.60107827283661,6.41135149987047,0.03980761843009295,2.5159621171258486,268.9548435330913,1013.1001957186737,16.7822572793653,8.232916473321653,858.9935212211072,0.9551457857102301,26.03488820030145,2,13.27033928970658,1
2025-06-18 10:18:33,HM-C315,33.34148510393328,33.36180937965881,6.15789383653801,0.017617483758393764,4.991325065185966,289.24677940576834,1016.6171583710609,17.792719888762676,7.642007571139595,923.2376431555027,0.9484111397227363,18.392844518517386,2,13.682501175516242,1
2025-06-18 10:18:34,HM-C315,42.64187849108529,32.25702281665377,4.586688880841863,0.017564039528046443,4.109095201125922,250.82923536524777,1012.7714734850882,17.295047445200773,8.358141528316162,838.2196585083993,0.9743765815159797,20.24243103348002,2,11.822427411351601,1
2025-06-18 10:18:35,HM-C315,36.23144138850435,41.28388439180448,4.92823464597537,0.025486325974835543,3.3987910108686243,260.3422477712721,1014.1737178952856,16.668672404199683,7.25231500311013,944.7844904061252,1.0118004861249508,27.251103194434815,2,12.856132151576986,1
2025-06-18 10:18:36,HM-C315,36.78859250214048,34.85820535371313,4.085698491307856,0.018433172763598918,1.326600567154666,260.5419590670188,1013.3040860042951,16.219491463893508,7.072936646890794,976.8111949391757,0.954098768965302,25.827450706309747,2,13.917800756951063,1
2025-06-18 10:18:37,HM-A104,35.319304319531,32.44160720564876,5.247027237403955,0.04261406301181806,3.4273613336010236,254.41928214939415,1014.688421228107,17.97148619098354,6.153805928870797,886.9487832312285,1.0510921983403012,20.35270155489258,0,12.977807180768043,0
2025-06-18 10:18:38,HM-A104,38.95709291184473,31.142265976349428,5.448363710067873,0.038154652964650516,5.29769001508349,250.57701788504195,1013.9482211525619,13.828189597195358,8.038158121232003,925.6229297064559,0.957683313262217,19.57766778270642,2,11.839780001248057,1
2025-06-18 10:18:39,HM-B210,33.40056446722479,35.85299397231429,3.8298010185939564,0.016772763381941648,6.360070864345746,253.00940564090283,1013.5111097656911,13.53193273671953,7.071039476719011,923.4066864738267,0.9791765556216245,23.874243599269015,1,12.959751176646737,1
2025-06-18 10:18:40,HM-B210,32.39917740941457,33.201951478911084,3.3879854875581548,0.03290234265332262,4.236890878883224,296.8456391633973,1011.2875255054814,11.807229323528286,7.355697750996079,1077.1015220596905,1.057893727054985,19.38377088565293,1,13.479732198638526,0
2025-06-18 10:18:41,HM-C315,41.02542882344652,32.061222237501724,3.010976881948901,0.005,4.37990169853052,292.973694628429,1011.4196747352044,16.04848874150844,6.752537878310257,962.8354728500758,1.0287193365154002,20.080358856017682,1,12.625279651986148,1
2025-06-18 10:18:42,HM-C315,34.99006900298256,28.089220153622648,5.624801993918064,0.04678440958650156,3.6870436922297345,198.7864682754344,1012.0757993799788,17.323811828566207,9.476678567751263,1130.5666642287788,0.9930515674261499,20.394184182793285,1,13.307290503786811,0
2025-06-18 10:18:43,HM-C315,38.86522029884921,39.796786797522486,4.982776145569841,0.05433451209761142,5.975140033639114,256.55852520643,1012.5612285150344,12.920975314198607,7.298426132153519,916.9922240451651,1.0185720553817612,21.2868438951004,2,13.938678554934135,1
2025-06-18 10:18:44,HM-B210,34.28635980775946,34.309883622751165,4.87463877971776,0.021763797723860084,4.211209174284254,250.2098783956817,1013.1667193733916,13.551107627872806,6.628036794893156,916.8053072102939,0.9366405944194103,19.666739088632458,2,13.132708420782764,1
2025-06-18 10:18:45,HM-D420,38.771052607236456,29.573806714879897,5.696788883516499,0.024272480462692887,5.572474457091043,287.8051697361978,1012.0794029554197,17.881985824185815,6.272573530386037,1042.007017344073,1.090321335486076,15.461214963080304,0,13.801130690514011,0
2025-06-18 10:18:46,HM-D420,41.20886624694612,33.64381929333558,3.6485570364674347,0.04515777475922507,4.797850823308171,248.92638662075666,1010.0341972831185,16.38844397856601,7.622645706781632,748.3019560716002,0.9392591270584723,28.2084421778192,2,12.260355322464632,1
2025-06-18 10:18:47,HM-B210,35.68219653646221,37.74566027982809,3.3946208972432106,0.042125322783391414,4.647486353115148,257.54472150933407,1014.5410628917676,16.301444228194942,6.597323079180432,1012.4406740707213,1.0104236307035457,25.28370008839841,1,11.784814999728512,0
2025-06-18 10:18:48,HM-B210,32.16639723303505,35.14420435801656,5.3616228784532876,0.05546236712163363,3.2756927673644967,230.50236726409224,1013.6709571149728,15.82987182034798,6.839061191921499,942.5792890003779,1.0561523885199424,21.65077893241293,0,14.634221330232927,0
2025-06-18 10:18:49,HM-B210,41.22198478327476,35.95496873885305,2.406981560629165,0.024466406598727578,6.639113561177503,274.40312235608286,1013.0903764783454,14.576012602971902,5.97771439640213,959.0574086780124,1.0131505393007665,19.04579197601965,0,9.146273391243852,1
2025-06-18 10:18:50,HM-B210,39.31561080381223,35.212741289951545,4.611523203598663,0.02678885325455526,6.2591204231217095,212.68248940543845,1014.8807874792716,11.89061383392791,7.25365560001089,923.1581630577103,0.9974294439170315,26.811985682448523,0,13.136198451153673,1
2025-06-18 10:18:51,HM-B210,35.81607191557173,28.615721117794592,8.699669558866818,0.035586030330873555,7.229034772412028,240.83951735286377,1011.7945083142428,16.184242271113387,7.245027215617032,997.1945211417066,1.0562765194253154,23.87038041319093,0,12.048754513657045,1
2025-06-18 10:18:52,HM-B210,36.45511986682838,39.74254271631765,2.9771938057212135,0.018677557509092797,3.1807320580342595,218.37324141991246,1012.803650128069,19.2632803832134,8.686334850212747,802.2808181805609,1.031018659490748,19.405157562520834,2,13.528666270482136,1
2025-06-18 10:18:53,HM-C315,34.223369509375786,26.458769198090337,4.355386460103915,0.03515041891692214,4.816836600724258,240.972655275861,1013.2393140951573,15.598559358789212,6.771290085329441,890.506997206336,0.9756539878082043,24.029985629310282,0,10.729138978566683,0
2025-06-18 10:18:54,HM-C315,40.5506423311049,37.30768287305721,1.8156607944653476,0.019004536834787204,3.5480231508996307,233.5313266254604,1012.3772459777547,12.712970145503913,5.442290277872081,1106.745472826034,1.0771213063960685,22.322884328429627,2,13.05004634063458,1
2025-06-18 10:18:55,HM-C315,35.66321098047339,38.07785460747722,4.649407912666783,0.048351404351347334,5.032393943488123,275.107224083941,1011.8065041978077,14.599458755419874,7.022156309782816,955.1217707260636,0.962778456798472,22.537249062556327,0,13.389776298306288,0
2025-06-18 10:18:56,HM-C315,33.453228656131316,33.90078148110409,7.9498046423979645,0.02129388089639199,4.8506678742311795,243.43253946459305,1014.3121549851934,16.90004161019029,8.242344056478409,855.4032188899134,1.081274375510524,25.447923527580976,2,13.103380662558838,1
2025-06-18 10:18:57,HM-B210,37.53411470378118,36.767112619027785,5.700376155185601,0.045057854923200386,4.003216263450096,294.75456200140854,1013.4260132286983,17.1378304987266,7.688376801143743,954.9540335110755,1.0296621501408176,24.00415485657009,2,11.195916714949186,1
2025-06-18 10:18:58,HM-D420,34.84996659605365,33.614322653798894,4.079331036318537,0.06913232475696075,4.225656247789443,242.77239144601722,1013.9360241581502,18.11512457542719,8.069021536224998,1009.7789481907982,0.9803246412920992,25.415652841949054,1,11.601010290562689,1
2025-06-18 10:18:59,HM-A104,34.42496356034223,36.827476015455574,8.272115967906648,0.04856448353413689,7.008921792110305,217.51712457840574,1011.7645569803373,17.120770531290358,7.561630536843181,957.7483933098974,0.9489446217085447,29.33133557666899,2,13.554867276320673,1
2025-06-18 10:19:00,HM-B210,35.924751990595134,39.96461271759452,2.386471085722385,0.043517721115217345,4.337625325886034,242.71884952863866,1014.2449682733185,11.00492616306854,6.84897057901969,940.9872187226772,1.0079968848043706,24.334436645902112,0,12.342520701619614,0
2025-06-18 10:19:01,HM-A104,37.215888288750925,31.039367868073317,5.680914739635528,0.012727199835348112,1.8569080115282572,264.3046069653667,1012.0650931003248,15.458846106065726,6.300577950335544,902.7712002537681,0.9691187687127022,31.40562306449634,0,9.507780910201188,0
2025-06-18 10:19:02,HM-D420,33.54722561021313,38.369824294761514,5.097369180639405,0.06778069065636211,3.8566187089618555,300.59649992337967,1013.3708292833909,12.116113957039637,6.413845295067506,848.7413408410445,1.0053935405612866,26.777007698583795,2,11.789041903883037,1
2025-06-18 10:19:03,HM-C315,40.46287231303081,43.46199001194056,4.6294629786343755,0.06231456444038109,3.1856771135081834,230.6549095735465,1015.9693820146597,16.268965111899803,6.718307884752947,800.3623043120247,1.038176519404341,21.0170140369759,2,14.278569543311026,1
2025-06-18 10:19:04,HM-D420,38.69289928016447,36.3228263126718,6.2106372105932675,0.03687309465956434,3.3962794081183776,299.76097471692714,1014.2781170995161,16.464404676410798,7.707217211419008,883.4961356731391,1.0441992924567236,15.944403851093448,2,12.283316896092712,1
2025-06-18 10:19:05,HM-B210,36.08659252306817,32.48447887789294,3.2270308875870493,0.032317659882157485,5.351217131218578,244.30244667401098,1013.5088289770237,13.358842040270023,7.1356447757919925,1055.0642472803495,1.0694349823996105,26.816916021989467,2,10.52185826256445,1
2025-06-18 10:19:06,HM-C315,34.741641284257504,46.316164195427675,5.468933950808493,0.023720396906297393,5.569095271284475,236.64386479368997,1015.025743625921,14.399045793595306,5.760611278637835,916.0258393847388,0.9487481533655098,16.832631544331107,1,11.965918882621816,0
2025-06-18 10:19:07,HM-B210,36.77693636770834,35.443531195223784,5.278487484146774,0.07578753887431641,3.4883428620001933,273.2698337310039,1012.1455081279719,13.714077269844832,7.456132750398175,936.9749946203119,1.0120674807622696,22.621005817494915,1,12.47405217625619,1
2025-06-18 10:19:08,HM-C315,39.248587601889305,36.157649519014385,3.69348100532943,0.055679291478324844,3.839178324941137,292.7007338441462,1013.7359683105594,16.64156225516847,8.178157217209225,828.192192782908,0.9292995761346643,24.889847215935912,1,11.376755159242496,0
2025-06-18 10:19:09,HM-A104,38.8614600679992,36.26187104766803,7.924993370625977,0.024831844172798656,3.6622093797943363,266.7137244188495,1011.7522226543226,14.842480910321981,5.937556834140953,950.5155351481837,1.0001966774854294,17.70863948875461,1,14.521868860857388,1
2025-06-18 10:19:10,HM-A104,39.64626075112795,37.2393166379964,4.727244104957541,0.061985393009441433,6.321725076474165,207.55279725729497,1012.457379870254,13.715417961047608,7.639788949909554,917.7204460885637,0.9223012527143953,19.48072067818483,1,12.051465095614393,1
2025-06-18 10:19:11,HM-A104,35.799056272549194,33.30562527275507,4.792024441707938,0.06678297350315082,5.604958623307142,259.9910705278594,1015.3860742952843,16.570681404835465,5.511189304943715,923.3365895601132,1.1059231590686243,17.74377642680089,2,12.165306397394072,1
2025-06-18 10:19:12,HM-D420,30.0,35.949954303520855,3.458484237056387,0.03957574050166575,5.312328880380296,315.2399196434241,1013.4104966772394,16.219254545879078,6.499397340069392,902.4544814334226,1.0647379711256004,30.258601140755417,1,12.271107354969867,0
2025-06-18 10:19:13,HM-B210,40.119527994790616,39.76091871718385,4.754989323325427,0.033113052926590586,3.2615312239351373,181.66807655823962,1015.1107494582245,16.637014743368983,6.173028593859207,903.5770427072778,0.922908823145693,24.9377293270784,1,9.793386963736419,1
2025-06-18 10:19:14,HM-D420,36.58200964231912,33.13299489382622,8.502131910228478,0.020138330943256923,2.4488888031632174,261.2025671438358,1012.8460884696141,11.916984810166664,7.747731663659289,930.5340690839402,0.9686146792648331,19.1055832693688,2,13.065925371337702,1
2025-06-18 10:19:15,HM-A104,38.66541516367916,32.90003011436652,4.620932210042622,0.05414857068445874,5.976572742021954,241.4630556889716,1014.8312038966104,13.838815989243615,8.531669315135408,947.4813107056142,1.0361635531952533,15.83928650474297,2,11.613720400034778,1
2025-06-18 10:19:16,HM-B210,41.17307188660075,33.53957762265674,5.778052914520464,0.031458485228468586,6.802700089915261,221.92483382024798,1013.0775905170437,16.35950870290593,8.049691840371178,769.2160677317777,1.011706812514829,18.513212278210744,0,8.840093363279124,1
2025-06-18 10:19:17,HM-A104,43.08602158309421,29.511135910079087,6.425821597990269,0.030631521070256854,2.3921164855985815,281.00158465416166,1013.2006756479614,11.67552631570145,8.022601734868601,815.5246958827374,1.0009593131606942,19.487125076170656,0,10.251285415040478,1
2025-06-18 10:19:18,HM-D420,35.37544630464795,31.58580269074216,4.727896533289856,0.039769419807161366,7.189784142147637,197.86619425278698,1013.0362872433047,11.730466980398432,6.454875772339291,907.8003987318172,1.0125770631792408,19.780270897922044,0,12.422374169899053,1
2025-06-18 10:19:19,HM-D420,37.33489976791411,31.38210038179952,4.3856145465743,0.023639852285552217,4.372785416167876,239.49374357131163,1013.5408612284822,13.531986793263867,7.666306277120719,1023.7816020676075,1.042655896588514,25.167572043080188,1,14.344810063235952,0
2025-06-18 10:19:20,HM-D420,40.41709115151362,34.99738738165986,5.708395821839259,0.07056846602606297,4.701809314807834,280.03382659319817,1012.6116962669638,16.5466018454427,7.391602704065678,836.6927255278869,1.1004986759146762,16.35669718295672,2,13.577124414116227,1
2025-06-18 10:19:21,HM-A104,34.88930245369251,39.18072827852884,4.638112446673399,0.059358235801961284,2.9185368668284877,276.6041074334947,1010.9163609437741,15.022630842931267,6.259634199023115,996.4424799367071,0.943363509169351,26.349305275678784,0,13.333005532771383,0
2025-06-18 10:19:22,HM-B210,35.54472101552393,42.26857048439736,4.502232390820604,0.04153114687886832,2.370289619221171,267.89376618992253,1012.9464350487134,16.013817964214958,8.060825584994827,1082.53312351039,0.9897599488713361,14.773935290924438,0,12.652722776769307,0
2025-06-18 10:19:23,HM-B210,35.52990355385281,35.285943085959325,6.409834841389194,0.022975067767267182,1.783436544344449,255.18333257558055,1013.1986113079641,13.032395799995097,7.546990573348791,928.6697164544371,0.9100568911324148,21.700035594588506,1,13.073628799228286,1
2025-06-18 10:19:24,HM-A104,36.92977421647994,37.28234875714354,4.895865369630425,0.024054833852802174,5.73698684691808,246.2801267004337,1015.4522996531526,13.012171900434717,7.024941829313061,914.1079112062829,0.9974267678433685,19.215420828605886,0,12.647592810485648,0
2025-06-18 10:19:25,HM-B210,36.449690799275075,36.216969029538475,6.81985975739711,0.023172826066555387,4.4007161618656365,235.8939646425627,1009.6092874802612,17.78363032741546,7.856991954026341,993.0141956905504,1.0820744526078199,25.97840854386535,2,11.395457784167792,1
2025-06-18 10:19:26,HM-A104,35.51551169435919,24.532805223966708,4.862109967635317,0.015386055482841013,5.052938889257299,220.86043888461697,1015.4260301012647,15.849248140371081,7.318358803500331,958.7256127248974,1.0236760537357161,27.76177234010865,2,11.452043172565855,1
2025-06-18 10:19:27,HM-B210,34.58560646098435,29.26054544069863,3.0242066624709643,0.04645371907479192,5.8597403425713,274.39778700612885,1014.5723990583659,12.850189166535587,8.160958855775396,900.2038577017588,1.0385878118977134,25.235117769267205,0,12.522555373385487,0
2025-06-18 10:19:28,HM-C315,39.02985082098823,38.8063214558237,1.0,0.027151244794366185,4.385040542385203,256.32884338830974,1014.0284243633192,11.044205379629481,8.710418851048477,971.8088146504547,1.0090748403165717,23.77038048626888,2,11.354634377667939,1
2025-06-18 10:19:29,HM-C315,40.344577552415295,39.2924258595979,2.242777329720965,0.026008976736277244,6.527359891999377,275.2877829843033,1013.2313743447787,12.184942767736652,6.976684198033421,895.13258310011,0.964099968376976,20.925495026547004,0,9.973811099144793,1
2025-06-18 10:19:30,HM-D420,40.70678698543104,39.17804012559985,2.501059300603606,0.023721261946031476,3.5095031260291614,226.5615311731232,1011.4695487191455,12.886979416255793,6.967861554766557,1060.0844570308832,0.9232572421228958,27.36509913722609,0,13.399939957570165,1
2025-06-18 10:19:31,HM-C315,35.79731610653879,34.110940077683054,5.399806896241846,0.060071571816554606,3.998864729572921,225.9078073912805,1015.9262247630423,12.460289777627288,6.80738104591193,932.8259410930058,1.0725530768988525,17.99747769602683,2,13.15768587080318,1
2025-06-18 10:19:32,HM-C315,39.134311680643194,25.025827696995126,3.543000960178792,0.024828509995144847,3.4166139001492337,264.89859114747077,1014.8519628683251,14.932622044108276,7.213917015536664,983.8792459897518,0.977628524053244,23.788553748686923,2,9.94116253668552,1
2025-06-18 10:19:33,HM-C315,37.59081475681944,29.85737507160414,2.038802935903762,0.06538088970003231,5.502607508104783,181.6757395369774,1013.3761668000936,16.343022701446657,8.28079576821524,1083.174635810707,0.9909269850578655,26.33844047359421,1,10.652553301096129,1
2025-06-18 10:19:34,HM-A104,35.57332162846669,30.62246077176419,4.803641467287593,0.03424612422530302,5.836272085056205,174.1352869425376,1013.4284977146576,14.819707422224415,6.351247474241196,935.5445651609541,0.9019003129911947,25.66456334747013,1,13.005896041930686,0
2025-06-18 10:19:35,HM-C315,38.83554554677049,38.14384289545356,3.377257899303718,0.015098384241830451,3.9564930552661344,280.3944116207903,1012.8367772103911,14.089890735999171,6.103660571604286,889.9020851907762,0.9676749197527929,24.11509701923335,0,10.781066057437517,0
2025-06-18 10:19:36,HM-C315,35.45848736488626,33.21314451791702,5.694648706885948,0.049385356050072673,2.828223178142153,228.7843633894683,1013.8915979645316,15.686898731934292,7.388766962711925,904.2095102260996,1.0065940314022412,24.006304039942123,2,12.541395648081679,1
2025-06-18 10:19:37,HM-D420,36.05955849304578,43.45200254065209,5.657402970900243,0.05774552379915167,5.976733601090069,255.79114224024963,1012.9334681838611,14.323175311186924,7.170034410226049,949.7224489476097,1.017076692335168,25.568834280356697,0,13.762508176307724,0
2025-06-18 10:19:38,HM-C315,33.558175743740925,42.33819168930379,5.81612942327477,0.022839333934112034,3.443101046605069,261.38946078344065,1013.4618523566652,11.572208904595119,7.354438217162704,938.5344836253278,1.0804238147570886,21.468527181031867,1,11.807636478525552,0
2025-06-18 10:19:39,HM-C315,35.83944725641693,43.36849223110431,1.1625792090588387,0.041264810289275276,4.016638856107162,281.05392590751586,1013.6569978871478,15.405496278327831,5.6348461663019425,935.7363483739952,0.9873846717255065,27.706797267424065,0,13.492588794496681,0
2025-06-18 10:19:40,HM-B210,37.63465302253646,30.41743503178389,5.068113689569822,0.046369256762992556,3.2120920611392547,236.80103937593253,1016.6454551202969,15.78508001759979,8.433042198165571,977.9784509778592,0.9946656485196045,30.227937109683765,2,11.74197942275534,1
2025-06-18 10:19:41,HM-D420,40.92233623919374,37.454456060707855,4.8178963998979105,0.04191267704446209,4.8449502737481955,238.44079534658997,1011.6347248980272,17.407005889434025,7.364245949232024,959.7527975589247,1.0760871356523192,14.605915052081933,2,12.005387275743916,1
2025-06-18 10:19:42,HM-D420,36.116261384495786,32.61237955531065,3.167533580333306,0.030837114524715464,3.576045506994495,231.5378649635532,1013.239961735378,16.84281184201124,9.157515023588633,913.0217607187342,1.0586756098236132,20.424249172706574,1,13.124213081667005,0
2025-06-18 10:19:43,HM-D420,34.40457713228267,36.639359091166455,1.7938538561953234,0.057632407288341306,5.341688829044809,268.63304163226627,1014.841167813672,13.880588777015385,7.530808438396587,950.8596559889436,0.929608813845669,17.53708462967349,0,13.508556648364063,0
2025-06-18 10:19:44,HM-D420,40.74342242733531,30.9719312862802,4.836972618293861,0.034977662811958514,3.828288288332957,269.96483426262694,1014.2400149018304,14.566041884869563,6.878853839157513,894.8020473534785,1.0724233758999884,19.389866576748943,0,10.619064435437867,1
2025-06-18 10:19:45,HM-D420,35.73861890728946,41.130781837757276,6.596174080634308,0.027886402527790257,5.1454135176092075,288.3471076921573,1014.0161686806083,15.070453019781189,7.403965552238147,911.2878014953641,0.9197582088151044,22.495389773188606,2,10.52213452757742,1
2025-06-18 10:19:46,HM-D420,32.62904585964784,31.06534224898057,1.1273635961370894,0.005,3.3903780936536556,212.6049528069084,1017.516980905318,15.42720089698526,8.383645707641534,763.3863045828082,1.0235307811259746,23.88405861622674,1,10.212635942103216,0
2025-06-18 10:19:47,HM-A104,37.33273433784196,25.263804876644514,3.751218690644005,0.005,5.97151545292258,317.0128742529288,1014.6318627404711,17.988635217318553,6.62362661741127,883.344536536483,1.0376182118822521,21.339403915996602,2,15.014853198405781,1
2025-06-18 10:19:48,HM-C315,36.188066316802065,45.16890407871581,5.197302669479244,0.04431807741052455,3.9001168778424593,240.62660720061956,1012.0628491860366,14.8675180775553,7.667597680414336,1015.2553412145519,1.0093635803383765,24.542691822805146,2,11.846901874051477,1
2025-06-18 10:19:49,HM-D420,42.75098910671293,37.21248339783965,6.687379991290447,0.03845900175747993,4.60808184450292,248.5492807502438,1011.8906466798808,13.959024111187967,7.550217998042881,1000.3080869820401,0.9812233687226378,19.053439142604905,1,11.451831508111173,1
2025-06-18 10:19:50,HM-C315,38.18841508586803,29.65436617790936,4.531442728728024,0.05774890038239258,3.0745195453991006,254.90282233706552,1012.9424997917173,17.48379062644483,7.67525200458053,1008.4790886760251,0.9776188165135958,20.38087705261113,2,12.938217530933354,1
2025-06-18 10:19:51,HM-C315,36.63414411586291,34.18864442465431,7.896504422046175,0.06260568683059729,4.480703864807538,222.67636650520691,1012.3456530050761,17.43515456376187,6.472822523375104,984.0373588301921,0.8763628745586995,24.583766158260953,0,10.017051698438394,1
2025-06-18 10:19:52,HM-A104,34.688756976860994,32.11571452641558,2.3070401910796745,0.03509792822868338,3.119055027230228,237.65141999414277,1013.1190111441488,16.800005719291434,7.710050679674917,911.2003599355045,1.0075695835684215,20.67716562953695,0,11.93861997261723,0
2025-06-18 10:19:53,HM-D420,37.82541710298242,35.0287072340222,1.9745931175415783,0.05897299792820207,4.447326099627834,293.81804403248384,1013.5069971810439,11.793101448212274,7.649861947249589,848.790158849803,1.0016249466473381,16.8438487084664,0,12.510656533552018,0
2025-06-18 10:19:54,HM-B210,40.64177487515448,39.013904179574105,6.526572574585533,0.02876307774164466,3.346160518164859,294.2857083561894,1013.4100751503559,15.161575164137167,8.453404490008623,924.6271814608584,1.0752641852379217,30.92699791907361,2,11.042074585259822,1
2025-06-18 10:19:55,HM-A104,37.779535458693154,38.22889546451815,1.4755636219598443,0.03700220299895366,4.313577456649107,256.153302063304,1009.3140992112351,14.53165794320635,8.618361784760793,702.3215207227273,0.9863964712093161,25.752865359276377,1,10.765889684110514,0
2025-06-18 10:19:56,HM-B210,34.88142576970513,36.26864510254257,5.692298504450974,0.03643030145997746,5.059105225556677,281.31361153730586,1011.8665777847909,15.872993689890741,7.498362142071496,1041.379770363804,0.9736688441591573,22.652249372606757,1,11.93424448533261,0
2025-06-18 10:19:57,HM-C315,38.34701552937989,35.02626556654754,4.558201342259282,0.07158125092467285,2.853193911835249,262.3253747831625,1014.0740184807725,13.258151557204709,7.383323188136574,966.3967254208808,0.9743636312294138,25.569260306825264,1,11.76396617966824,1
2025-06-18 10:19:58,HM-C315,36.87848276281796,40.39335378764005,3.648499096340003,0.014430277861075359,4.447765740028373,248.28548263998792,1015.4654470330202,16.639943179840753,6.431531814148132,1018.3661219961834,0.9580355512495693,23.66931376422302,1,11.721132415701163,0
2025-06-18 10:19:59,HM-A104,38.1215327582954,25.37270890831553,4.359999187296692,0.04118275312289338,4.98997150764422,227.38722868761678,1012.3944413358215,15.715271206251549,7.04261732804403,908.9201683877415,0.9772488828753415,15.647286309987033,1,10.260042059639984,0
2025-06-18 10:20:00,HM-A104,36.11298162453945,31.25533653369781,3.066392159555842,0.026079298453402212,4.984886061178855,224.15634526980188,1012.4017338138838,16.75057852124268,6.83538617826154,821.514151017725,0.9484797286487868,22.61285413549387,2,10.248979678973798,1
2025-06-18 10:20:01,HM-B210,36.05426181434697,30.106685833719162,4.522498916875586,0.03401970055006449,6.802058892604813,227.26933043210414,1012.8662763285365,13.504099679952514,7.98054494341706,964.7417109315106,1.03067770412809,19.10645524924358,1,14.387739415949834,1
2025-06-18 10:20:02,HM-D420,35.95555050642055,40.03128886501446,5.026129001532287,0.03316434857354303,3.606589872437092,298.4457150960459,1015.5869820134601,15.530154389803533,7.445860025051036,963.7751927677712,1.0199452418261648,22.45161354847364,0,10.534350696963036,0
2025-06-18 10:20:03,HM-B210,39.3555953787434,31.304536921607642,4.375667035330795,0.04144127867088868,4.496629790315407,276.19712702072843,1013.0805742615089,16.577062782116304,6.41444541217236,939.0005780863509,0.9272985698239833,23.617465411219392,2,12.190187788726666,1
2025-06-18 10:20:04,HM-A104,36.079436811897274,28.57022303854776,4.122595576728095,0.06693835005618898,6.597266149084703,293.2293691277183,1009.6373905817804,9.9012362397883,6.526654225272009,972.8183014835718,1.004725746829219,25.80844309119603,0,12.253720843041576,1
2025-06-18 10:20:05,HM-B210,35.85067317156443,37.746637730584666,5.381205492560824,0.07804000734014759,2.852092540364626,261.99037637066783,1015.6814583570755,16.333741446075056,9.241543166071605,911.7898636002355,1.055701996774942,18.056783142729437,1,11.780098575484342,1
2025-06-18 10:20:06,HM-A104,34.64483524609408,30.456262095451372,7.489357693692245,0.05313142995506316,1.742944188920712,223.58510853822756,1014.0374580575568,14.278948439079631,6.857075792948273,965.9310499490101,1.0528830467251464,18.203436060826984,1,12.25535336341647,1
2025-06-18 10:20:07,HM-B210,38.135034504291916,33.24636758745821,4.600694897026407,0.02041734066638381,5.142685994274943,268.09963827551184,1011.0604435024802,14.952674908155577,7.741690866922305,987.5014489401844,0.9480213498097037,20.103283622473615,0,11.965572870396363,0
2025-06-18 10:20:08,HM-A104,37.77925450532805,46.90571950440849,6.229985757506327,0.03650746388869153,5.751868273925205,288.0922396463677,1012.2332110478436,17.50510133316731,7.217735019322566,1084.0461780042972,1.0666284803947137,27.85675005099843,0,11.877154236049165,1
2025-06-18 10:20:09,HM-A104,35.87807943877842,38.93569277001737,3.550734502991985,0.04521204261194884,1.9679726637754533,269.19254362325364,1011.8066241999154,17.183122546031317,7.000524599177001,1011.2606830524522,0.9735262316513644,20.5461467110876,2,14.080170644669579,1
2025-06-18 10:20:10,HM-A104,35.22655323110535,33.944796962926624,2.9988780487626903,0.03186153475329661,4.116238994702291,210.49628323245182,1012.6865813406685,13.841848985728241,8.13795534627089,850.8645787316805,1.0010740361521837,24.139654721705686,1,11.069969256549276,0
2025-06-18 10:20:11,HM-D420,41.69043353306928,34.39435937027908,5.6799730809710365,0.03445850047627471,3.2784760451233463,205.77271570508483,1015.2306619069001,11.624482602275473,6.836246838140148,918.8233551932113,0.9824093732365431,21.7765763258885,1,11.546671801443665,1
2025-06-18 10:20:12,HM-B210,32.29889236218791,39.53743793110736,4.649698184624975,0.038576788921161016,4.871610334322233,269.09185500015025,1010.1994354330609,14.84671588232748,6.958422827811975,881.5630026954175,0.9398377763646925,20.418966652083878,1,13.869147253014773,0
2025-06-18 10:20:13,HM-B210,38.2329300080043,38.314352150523156,6.694246012464625,0.055444243422092525,4.459382887545884,240.6244060047507,1012.4848873348838,17.125073079729923,8.299880213407604,1059.6766256143158,0.9610068897075271,22.537761782366534,0,11.614699933842033,1
2025-06-18 10:20:14,HM-B210,40.22850887054002,35.377997447254685,6.988135273540641,0.05060363390806764,6.070735359715447,259.37166824354995,1013.1667254175233,17.628870670658735,6.892239590131117,910.7867022215103,1.062249955512085,25.16740309997579,1,11.827542133140765,1
2025-06-18 10:20:15,HM-A104,30.0,35.51779971119712,6.25862726364123,0.027796686590244882,2.8861735491999534,228.2951737082522,1012.895883272515,10.814953140833127,6.075152022553111,928.8832955130979,1.0636113145605166,24.695288643878165,2,11.594968142331062,1
2025-06-18 10:20:16,HM-B210,38.98535015019045,27.60075759781014,6.226037495600275,0.05185668341266149,4.963240132137313,253.80218864958863,1011.8049541302654,16.195023242069542,6.297725680047707,941.0462182714381,1.0340411157871914,17.164816007309973,2,14.07230046558657,1
2025-06-18 10:20:17,HM-B210,36.44936349625978,26.549947249655318,1.0,0.0744872271866844,5.245934706305844,216.99148700191992,1014.7848965683277,15.92389484123477,7.611587549932024,982.2214493992211,0.9887336158312695,23.34013015709678,0,13.832046305211826,1
2025-06-18 10:20:18,HM-A104,37.64013716070815,34.11588862113248,5.666783749350543,0.009741031313247855,4.560411161216458,257.41367197316544,1012.7618175806447,16.544017480578987,6.639064415918271,854.8320880190406,1.0900616054854098,28.52218658006488,0,10.721058401231248,0
2025-06-18 10:20:19,HM-C315,36.191905088694774,31.83357407326928,6.294319744197507,0.031253408109186254,2.091727177386369,271.8503267599256,1012.5691881803209,15.026162505810891,8.103929137187459,949.138432020752,1.0494130230009402,23.219643464084676,2,14.620268988518418,1
2025-06-18 10:20:20,HM-A104,39.68848361411519,37.93039517170182,3.092326096757385,0.02973289585607187,4.998647821572252,273.51234425662784,1013.519223967325,11.460246042185814,7.21675099646154,1025.0896982210477,0.9941480805262929,26.523500225226684,0,9.252148747262783,0
2025-06-18 10:20:21,HM-B210,37.9077983541784,35.98589871902813,5.013158767384679,0.04159833297083471,3.6232134043269113,210.79941023258056,1012.5795730880309,14.083738931163586,7.809862840593244,923.7037087805653,0.9022778224422703,28.961860956666204,0,9.987283940555153,0
2025-06-18 10:20:22,HM-A104,37.32929972383579,31.136128032528102,3.4359076784866454,0.005,2.4080681984058683,264.0685600634807,1012.1694639043789,13.160620911558603,7.483056238009051,1096.2872572434107,1.0430632878266575,22.65590252792053,1,10.124564519557016,0
2025-06-18 10:20:23,HM-C315,34.75284848260352,35.815992297481785,6.5412658922013165,0.06722174551250262,4.943043274523405,232.3723718686729,1011.6117212773581,12.932172905371765,8.047822445685593,879.2578609059343,1.0620753686498483,21.752156549729293,2,10.84609920647536,1
2025-06-18 10:20:24,HM-A104,41.705730584585474,32.908836072225384,3.5660029023852537,0.04093583524666318,5.4206420098417585,295.8097418577276,1016.285091888563,16.567600203388512,8.70699421806408,909.6325383114456,1.0214330485991447,23.71923356398797,1,11.85198978845432,1
2025-06-18 10:20:25,HM-B210,37.024827549333175,45.333006890070145,3.8107068395950296,0.04596266794418447,3.761520389730218,278.6826737957189,1014.1898710718724,14.658756492917124,7.651790493399721,1011.9513011416235,0.904489384507755,27.149114634387796,2,10.89209181538683,1
2025-06-18 10:20:26,HM-C315,42.72451449365115,36.93121149481479,4.303924750915977,0.04364632760467393,5.500609975475114,250.77568140619286,1012.4265209820365,15.787448290658258,7.612761905447736,952.6173636994864,1.0099120940344715,21.36351245439501,1,10.685803043772072,1
2025-06-18 10:20:27,HM-D420,41.818923462945484,27.196965064835357,8.374115332850412,0.02966934996080224,5.512657425687087,315.4608148804202,1014.9070253857382,17.11241270615967,8.089723134288722,931.6988026392248,1.108803144608805,17.4132555647487,2,13.192896390452235,1
2025-06-18 10:20:28,HM-B210,32.55412258183655,44.10257550109791,6.507008405114295,0.05397309011133149,4.479054792641087,228.16914772587634,1013.7852185811407,11.549576712901125,6.748857270188759,860.4493969425621,0.9923198011038249,23.43910310040347,2,11.953453241847345,1
2025-06-18 10:20:29,HM-C315,35.36263509799328,31.83425498021375,7.418905788370826,0.04010460038687152,5.215606422051193,248.29038309654084,1013.057769674428,18.206677310529585,7.633224179102433,903.3457965378232,1.0981859771366844,25.713080992990633,2,13.60005627365632,1
2025-06-18 10:20:30,HM-C315,34.407622485062646,30.126315046099155,2.2803202167796384,0.005,5.67163172206172,266.2397966000466,1011.456420966839,18.573076843157985,6.462451605145695,1096.455861819446,1.0351071459181391,23.598400110153808,0,13.792684611211678,0
2025-06-18 10:20:31,HM-D420,36.87948479628234,45.7184332627176,3.09605788074115,0.03783672729621272,5.13005576864357,311.03461144859773,1011.7583128753,11.448297833602163,6.5928739396648535,975.5514558455978,1.0023643699834914,23.755547308835187,1,12.64350572498142,0
2025-06-18 10:20:32,HM-A104,37.467910051215405,36.729183288977815,7.007869465576546,0.034448553828808626,1.7556182093618493,293.9083118049562,1014.4527116347509,16.385306753244386,6.819393892472722,996.1149380622251,1.0701448941280263,21.845777970721606,0,13.449292153247688,1
2025-06-18 10:20:33,HM-A104,37.57481616973357,38.50383003602742,2.3597582776599886,0.053934833737768514,1.4755818307955715,274.0522052051469,1014.128362111704,18.978824765148158,8.214867285016135,900.1115910696938,0.9695941787507276,21.060367187756754,0,12.120345604707849,0
2025-06-18 10:20:34,HM-B210,39.63532169004745,38.66530057936075,3.9924737437255007,0.09402826177979406,5.77927499920293,223.67717158452277,1010.9405426276621,12.206886325195338,7.087753476578473,965.5808384864044,0.9381810623732085,27.083106817709947,2,10.53587683459772,1
2025-06-18 10:20:35,HM-D420,40.733956923272174,33.97005141881098,8.083012010941784,0.04755370556799994,3.67389886769824,223.63334989678188,1012.3885145473052,12.654608300225505,6.575459516221688,927.9204612415508,0.9392185789573113,14.864638085944893,2,10.286275151353774,1
2025-06-18 10:20:36,HM-A104,39.4187193730966,32.1379736490684,3.554802904542965,0.08239597095578813,3.9048503365970557,270.86158095020977,1014.0199393240943,16.62714757291496,7.8074032200690064,850.2252109756754,1.0103805997154465,22.366676550390068,0,9.489876899141384,1
2025-06-18 10:20:37,HM-D420,35.59766196444063,32.9537127253113,2.268503820927162,0.026275471403770546,6.767992789112027,212.42585509052998,1014.668598474894,15.917078108323,5.882189575221675,891.2570599157776,1.0222936200522972,18.07079222267254,0,13.543058708241277,1
2025-06-18 10:20:38,HM-A104,35.0449403372314,43.044331396220166,5.071211756564493,0.02755752330341363,3.619584138839367,259.6109631949734,1013.771641182534,15.43651957418264,5.703119357814817,908.4143700355063,0.9658881566115636,21.86906037360063,0,12.620439206391486,0
2025-06-18 10:20:39,HM-C315,37.00690458970984,36.01893776603404,2.3303855387581356,0.03507132175886451,4.333842851242637,274.1268309861476,1012.3155079205974,14.49945647625416,6.997638897966313,1117.6109232894164,1.0609782849796974,23.055803322679413,2,7.950006261376813,1
2025-06-18 10:20:40,HM-A104,38.065298816011655,41.564575198580684,6.855875109459374,0.04850384280740183,4.514962125343669,205.66866042048025,1013.3540045469206,15.310520027505497,6.985293122166437,1099.6609318405422,1.0044176032290935,24.023516715448505,2,13.352509039953127,1
2025-06-18 10:20:41,HM-D420,36.542021635707194,34.61777436385751,3.6577118757654583,0.027187947038862313,4.244452126710515,269.4357678456221,1012.6838362981297,9.968905748806867,8.0347518701571,816.098650634514,1.0414708975358737,22.56719008724316,2,12.4833967490179,1
2025-06-18 10:20:42,HM-C315,33.63628790936944,31.22308211328128,3.3571414566321196,0.007763071331294967,6.112897708106168,276.8764684161186,1013.5729927593552,12.600585423755634,8.160288804243805,883.9082077556759,0.9659205545157384,27.562272588586644,1,11.02622348222236,1
2025-06-18 10:20:43,HM-C315,38.705148771442005,27.78891763065973,5.044073528996003,0.04046110376959659,4.0504761321241265,239.10156665712302,1015.2171422282563,14.775940120104078,7.118800471642817,935.4347230947525,0.9909010968430054,22.42239729678616,0,11.007128275370036,0
2025-06-18 10:20:44,HM-C315,36.019213078165244,38.2400159257702,4.393343221286815,0.017140120584468062,5.363220773196289,245.3001059504636,1011.8266497235335,10.779534708716792,7.033594789597478,952.1091663891178,0.9117278433970399,17.75425652758999,0,11.965024783231497,0
2025-06-18 10:20:45,HM-D420,35.943718163944894,43.47049039205987,5.37852379052123,0.062316579996577644,4.584312704216838,196.37093910184686,1013.4214880160491,14.719202929905594,6.5789385815186465,939.4748281892277,0.9859448996760798,26.139103585952377,1,14.174023433163804,1
2025-06-18 10:20:46,HM-B210,36.86346831485477,30.570134958767497,5.782256674104051,0.05287740620741824,5.660318811485025,246.710308059503,1012.8549001532452,14.965675078588378,7.112100736797795,1097.9976506349333,1.0112788919669984,23.34637666600502,0,12.447786885320657,0
2025-06-18 10:20:47,HM-B210,36.4002527072996,37.5668628431901,4.6740683847846585,0.024809504934804452,2.853660873258626,204.2311334627293,1012.6057791250107,13.525458823060893,5.15445129722653,912.2188382247392,0.9719738464833815,18.16122279763563,0,11.311230042645878,0
2025-06-18 10:20:48,HM-B210,36.08374736121974,28.121921421596248,3.2578270850209528,0.049115841261067036,1.795724809484911,229.3013501262467,1012.7902474452593,13.642781769558988,6.838877829294617,1095.2715329514133,0.9969681292502489,24.923533916302883,0,15.721167640403714,0
2025-06-18 10:20:49,HM-D420,33.79968673266703,32.22151661469054,6.095762427597148,0.029036828757772946,4.535698784167525,237.9325940120208,1014.970387825226,12.908604193320906,7.135362041690677,1026.937121544359,1.011952079813953,19.766815880740772,1,13.874730176041442,1
2025-06-18 10:20:50,HM-C315,36.719381332620856,36.33968392687274,3.9598852728465075,0.03895615732843858,3.4830596195991603,215.3245723718496,1013.8692808120525,14.03159424952764,6.571962702492662,944.9803299346116,0.9732568121045754,25.741108974910983,1,13.847263197271257,0
2025-06-18 10:20:51,HM-B210,38.75738447976717,26.358529571647992,3.6963665382414472,0.03916657089855256,6.2578558975485565,212.59039911769196,1012.2812761834365,15.720105604319704,6.685050233121483,898.4325940618219,0.9867774245490383,16.95380318862278,0,13.950554102879401,1
2025-06-18 10:20:52,HM-D420,37.66161001280322,34.90988373635309,5.213990922734077,0.033287389510303744,4.4003212953800785,214.0636246480892,1013.9744515362966,15.858646834908527,6.960930984888717,897.2295998469069,0.9634470922083396,21.499838147696963,2,14.272714918637151,1
2025-06-18 10:20:53,HM-B210,39.370303597751615,30.81649763291427,2.107006371116493,0.056613597550698995,4.763729196173782,286.62136435651445,1012.161822992857,17.049119940868433,7.194809316435477,1105.4126166315639,0.9529370176866057,23.72075346577219,0,13.131043504563912,0
2025-06-18 10:20:54,HM-A104,35.178637444199985,38.02379612869137,5.586314049720579,0.01761672593621128,4.1311620425138695,247.89857737117015,1010.3161479048555,14.685952580400269,7.890261607616728,1007.6904673161063,1.0614739910652078,17.733214266221406,0,12.530535555084883,0
2025-06-18 10:20:55,HM-B210,33.8048538022055,34.17299678923235,5.293643005826284,0.0507395224139976,3.7183912807734445,287.9901357069666,1009.5430599986369,15.914299209722724,7.541131563075294,973.5834854763542,0.9284962450857642,24.092822341030388,2,12.660080520134215,1
2025-06-18 10:20:56,HM-B210,36.385375052555005,39.69719509733792,6.682729460409529,0.046090582375787136,4.569008087294171,237.85431730235555,1013.7511733847755,12.097421840396226,7.90492951127054,774.3591539190627,1.0426938508657326,26.131196026706533,0,10.429106269143771,1
2025-06-18 10:20:57,HM-C315,35.46440845362826,33.60200856627593,4.24941179062341,0.011908510566737335,5.717670528768474,238.49835511235065,1012.5733681572527,15.415916531001859,7.658183589600265,910.4411296648993,0.9317789195574889,21.18568253527028,0,9.138315120486693,0
2025-06-18 10:20:58,HM-D420,35.72416254198063,28.188102400852454,6.987247298033401,0.02411157766295654,4.124895760642054,237.2935075434254,1014.4961662395109,14.554549670336561,7.291768097917697,920.431179922196,1.075572794309461,23.571940405520213,1,13.564021409489882,1
2025-06-18 10:20:59,HM-C315,37.52937429520282,27.565199594818672,5.794464350752813,0.01812241542714775,4.040609232707671,160.54204261469576,1013.5806836279319,15.998790267234376,8.98523311854616,967.4127873881151,1.028763767959808,18.818585030510228,0,15.22988792907628,0
2025-06-18 10:21:00,HM-C315,35.74229865223836,25.454952482210153,4.959816238335142,0.03267146638733822,5.465780213951191,265.1964830500562,1013.3907974218123,14.435615130713035,6.627109681252341,939.0541025042908,0.9813146453672985,33.44541375958548,2,11.932698286089616,1
2025-06-18 10:21:01,HM-C315,33.87482877698402,38.164789163049946,7.725043888259057,0.04096852914430169,2.4784039823107493,246.7921721527072,1012.3236573816098,14.247595850963407,6.46955965476842,919.296676166126,1.047196073952892,22.0249106301833,1,14.581853147050525,1
2025-06-18 10:21:02,HM-C315,35.602513180295006,47.78865459634497,5.142819096270175,0.021432270917860156,5.926166799623941,251.54212145769367,1013.7824662747365,13.353519923483592,7.077912134049169,975.7587335252977,1.0543562630156005,23.324979117144814,1,14.80300611957573,0
2025-06-18 10:21:03,HM-C315,37.850148417152006,37.17619068592566,4.222449008558524,0.05938257211647906,3.5323754667697793,187.26758726239376,1015.3276587466146,17.01511436503793,7.151825774851391,1021.9577628238274,1.028943846149361,20.928111167715553,2,11.725899852918246,1
2025-06-18 10:21:04,HM-B210,38.67870150251729,43.360234410021704,5.185759989607237,0.06115565137949744,5.633473374613946,249.1410885261723,1009.9711001164953,13.773580791295004,7.310353894195954,902.2605335565698,1.0236975336546832,19.35763138798059,2,14.313803700095992,1
2025-06-18 10:21:05,HM-C315,38.65355696020837,40.6678664539451,4.191546249329026,0.06468839253862407,4.852614444733915,236.84344650539913,1012.7753121128146,18.72889920394894,6.436540491423718,870.7929056833627,1.0111878354378363,25.85767311255722,1,13.449098062403385,1
2025-06-18 10:21:06,HM-C315,38.061182735619774,32.40831995062957,5.560470020892041,0.005,1.9992710220818855,253.7686693196512,1015.017773586935,12.377147864883883,8.765816379034952,904.9907912129291,1.070834560692541,12.372513839404997,0,12.012539131252089,0
2025-06-18 10:21:07,HM-D420,36.57976633508689,41.32657990495313,6.981030922996258,0.07896336468051413,4.514247221653186,247.72214743306245,1011.2817720261501,17.342456109758636,6.923751772726451,873.1849753440383,0.9987565714541494,14.704272514821554,0,13.297683125590725,1
2025-06-18 10:21:08,HM-A104,38.01228524739783,32.60712654243743,4.987993951266112,0.04332108741071346,6.077137894904583,235.43816826718242,1013.2002652577823,10.647267693476142,6.4290620669712,928.717794537048,1.00600316502956,23.280979688631522,1,12.929069100920387,1
2025-06-18 10:21:09,HM-B210,36.894160854504406,32.7064606523082,5.135209490109992,0.04094599026613797,4.135737414367598,266.8934058153797,1011.9750059992584,14.661468667623009,7.411404927222827,1110.286755552859,1.0431134318089978,20.529161913901543,0,9.555279832966008,0
2025-06-18 10:21:10,HM-B210,37.2827403445506,33.95703837031845,6.196746791793931,0.03796252352932367,4.245893090578816,280.74089212318694,1012.5985763883725,13.824109994388419,8.076493057362832,922.806993167662,0.9840815725973787,25.381555126058494,1,16.23341374730453,1
2025-06-18 10:21:11,HM-B210,34.65168315533515,34.19400988836435,6.780860036162196,0.013575025987672788,3.579107806169119,237.76609335390998,1010.3401842178362,15.87894085318731,8.488729450463929,861.9579176156127,1.0550010284361493,19.928121997846233,2,10.888854246684785,1
2025-06-18 10:21:12,HM-C315,37.109687409401786,38.30684731593074,4.321047102176264,0.04719516187404394,5.934613396165859,206.5493221533781,1014.477098245741,16.633542725916538,5.281407844151405,914.6224040259137,1.0445985944821892,15.313943171814895,0,12.793945682871652,0
2025-06-18 10:21:13,HM-C315,37.94666558562853,31.645566320545974,5.258504009305445,0.07223888692872603,3.94449966440442,208.52384682299495,1013.225895449923,18.86841976964103,7.813824523257408,1074.9001020380222,1.1422981438953497,21.734596411276858,0,15.251649464100105,1
2025-06-18 10:21:14,HM-C315,37.85281828359927,39.44551389291489,6.2033934611701245,0.04308047634438851,6.649836019197965,262.6847541617891,1010.8333793199025,13.935895787904585,8.605523530808158,927.729984557353,0.9938351478093815,20.928064208415375,1,12.091789184334386,1
2025-06-18 10:21:15,HM-D420,33.78120243485176,39.37372041515735,5.494928384115557,0.017698066536172057,5.8864020563825115,288.8743952758974,1013.6279321923312,13.52716822365808,6.723796997151799,885.3232354463261,1.0299226951265528,17.67008887943371,1,11.386907515420509,0
2025-06-18 10:21:16,HM-A104,37.24065194100846,36.71481766222242,2.2068658463470525,0.009493865968101964,6.098332398128085,195.5920441160797,1013.3120013397934,16.76441857725867,7.014690243161661,811.5138917332655,1.0233473675413505,25.145101430900876,0,12.694796548633127,1
2025-06-18 10:21:17,HM-C315,33.39027605634022,44.698059543037225,6.474090439867132,0.03411952523517762,4.596208066470555,219.4641117546026,1011.9667622044984,14.728147398462202,6.441104105795985,923.294955950422,1.0405084234530482,23.42779418471509,0,11.98121518360118,1
2025-06-18 10:21:18,HM-A104,37.434191615346315,41.436963243291544,5.784321972070604,0.025119463549803253,3.916408560803082,240.02493971444449,1015.9522986985313,13.729614334883054,6.752567267207292,834.1225859657352,0.9964554439805233,18.056610961759098,0,14.335680749921952,0
2025-06-18 10:21:19,HM-D420,35.24665702099321,40.348646451002324,5.890923110310211,0.05405149587912777,5.074110086699371,188.79311502743815,1013.7741440644444,14.109079596495675,6.347814338914363,967.2980693096821,1.0232356725785259,15.868312835713116,2,11.245656339837307,1
2025-06-18 10:21:20,HM-B210,41.264107356313616,35.33076687271626,3.211773908519959,0.06740837481266604,6.36238995706469,247.10011534705626,1014.9353304728077,13.578876274391268,7.9478099878108805,916.3021292126034,1.0072661780629044,23.42057145709179,0,11.641852184668407,1
2025-06-18 10:21:21,HM-C315,37.298108323239724,36.75883068907163,5.228584902053258,0.04939302972483812,6.627888734002125,260.893623950051,1012.7583057811603,11.6616670136725,7.115032306046628,782.5574412061949,1.0430001662253168,18.174662620495866,0,12.367258979628057,1
2025-06-18 10:21:22,HM-A104,39.00291004955981,37.61903681543877,6.265017850106943,0.038298156792929694,2.2713637066225663,264.39394971990913,1010.5624748005563,18.12603578571892,4.797074464700317,1083.067845515641,0.9039194768225953,18.16238771275278,1,10.567230202253297,1
2025-06-18 10:21:23,HM-A104,42.2771815925607,35.06620686763802,3.6791290926451965,0.0373493674915845,7.745756868859056,238.00643463222877,1009.5145984109116,15.976759622720785,6.7176802842218,1121.0099746568224,0.988073256019944,21.56375495650034,2,11.67287597237566,1
2025-06-18 10:21:24,HM-C315,34.9564954722782,33.12215269845765,4.069183175233425,0.04142167166593058,4.8025711148773285,239.30601992198856,1011.4791833459169,11.778643575574486,6.647473204350721,970.5377983065335,1.10606391049975,22.189993649409022,1,11.685510536206719,0
2025-06-18 10:21:25,HM-B210,38.08918727726478,22.97143628561844,6.290718681601394,0.016801187351511714,5.4349574662650255,219.3619741806591,1015.021808097039,17.999375559492734,7.884368556996572,1072.9054300842918,1.0770393903641802,24.01176782868699,0,10.598644814593149,1
2025-06-18 10:21:26,HM-B210,34.03522247691789,38.588827045624114,3.9993460628440074,0.05204530524215836,3.4256602883723577,196.8618335284179,1012.2352340160521,15.354226640306562,7.145813048469466,968.3372486322556,1.015166863100518,26.22783148875779,2,11.56934836317648,1
2025-06-18 10:21:27,HM-B210,37.8622425206248,40.20723608441677,4.68723668368169,0.018383656188664225,3.3429881941113253,244.37474282408533,1014.5617969036299,14.576612676278952,7.1244493061074765,794.2484773719705,1.0296103144737292,20.145045963233514,0,13.609523921753693,0
2025-06-18 10:21:28,HM-D420,41.41427316612601,29.19440571921582,3.4480720113391325,0.062323376383817616,2.7734170242591247,262.2503389223206,1011.2503331848275,16.05936784365248,7.71432765558054,929.5925866394931,1.0259935190520968,24.350495098481048,2,9.498361002726051,1
2025-06-18 10:21:29,HM-A104,35.43029196389553,38.025843248602456,7.7299078509787496,0.03273505751056143,6.544382619510502,250.4805549643883,1012.0061250601594,14.12922809336116,8.04623458002996,899.4281394110624,1.0315319663263458,21.303202613832177,2,14.021916093485027,1
2025-06-18 10:21:30,HM-A104,34.78511421676351,32.04236660841238,5.780934147752839,0.05661618201604647,3.6743119983823926,283.2708968359033,1012.2222637944215,12.36885581945042,7.414036320725254,830.2429914366072,0.9561734806625435,26.707877116207477,2,11.713339744669208,1
2025-06-18 10:21:31,HM-A104,36.77206441620359,33.16735408796463,4.616907534940751,0.010534613684339049,4.38972817353209,260.3616154267234,1013.3377356233959,13.921984528260412,6.676778494940235,950.1333079953198,0.9667276576280159,18.607111030334586,2,12.99051057546536,1
2025-06-18 10:21:32,HM-D420,42.11454322022071,41.55380263681677,4.336437214201695,0.056475192295516854,4.138363752450553,269.7851448806767,1010.971719698003,14.853668561702273,5.9959941123344604,890.3671809859375,0.9674594069122946,24.096942050987707,2,14.003517162022687,1
2025-06-18 10:21:33,HM-A104,38.92759729988314,30.04682804892993,3.1574530652789203,0.06725054739313716,3.275006776391087,255.03110100924823,1011.8084442501935,13.200330379532636,8.359991507987893,965.027609009011,0.9777625852353038,18.69162338214989,2,11.090911680676124,1
2025-06-18 10:21:34,HM-D420,34.737713369859975,30.0392610565339,4.834849863157887,0.01436845081899055,4.261254231772937,305.77479160372354,1012.6502737053445,16.017273062710554,9.911289913785275,1008.6620547442624,1.078701562020444,18.371592466227398,1,13.174984522383255,0
2025-06-18 10:21:35,HM-B210,40.63765145620442,44.02417182821999,5.997587121785069,0.03772992781088611,4.605480012425205,235.30525601002464,1010.9856761668769,17.55904837767268,7.2992442131676265,1085.86921116719,0.941683345814071,20.17422476840061,1,10.53605579002966,1
2025-06-18 10:21:36,HM-C315,32.86234251916703,34.272216507318085,3.785278854084899,0.04669772278242526,5.998533500191365,270.36313469960345,1010.3606105729496,14.269392858191623,7.453115935307225,947.3547155031832,1.098190344761266,13.591318701490748,0,10.40341277465875,0
2025-06-18 10:21:37,HM-A104,42.34139782200681,41.23272796615534,5.158311681944573,0.047677357202253176,3.2290807964466013,257.43410044042963,1013.042843200497,10.422415232906697,8.403351241886112,860.2314491607503,1.0202597233361845,25.946103028814147,2,12.131333253965142,1
2025-06-18 10:21:38,HM-A104,39.1411267000379,27.006485690855328,4.448927338026469,0.03320893831566044,3.799798994202301,272.1405325245219,1011.0087705942934,14.667701211299876,5.829843001250213,907.0260915900042,0.9416483168682414,18.50808875239603,2,12.259810425657381,1
2025-06-18 10:21:39,HM-B210,41.408893600016796,27.406983652045735,7.070173894363248,0.029683293628316714,5.160128872138137,260.0052414026792,1014.8219071492373,13.29966653806295,7.9633211577513405,916.3832003604317,0.9715091124184573,20.156953452561815,1,13.946904703630132,1
2025-06-18 10:21:40,HM-C315,32.88050472903991,30.435277422107895,4.044951854036704,0.04506525891835385,4.554469133600909,248.72823501268093,1014.8631501725613,14.571507244881655,7.5005959299466,1133.9084492287152,1.0219253851594485,18.130963156140144,0,10.287399981026667,0
2025-06-18 10:21:41,HM-D420,37.42360457714921,32.59269611733656,6.165733811655246,0.047051078551671614,4.576574074660529,261.3467283599959,1012.1248420269875,14.545294453002404,6.584677473559802,941.4320266470598,0.9353859059393806,25.79950988130465,0,13.385533033527228,1
2025-06-18 10:21:42,HM-C315,36.665277683585714,27.98356701673444,7.091033893915051,0.027451901736349836,3.334712125020628,265.10058245446766,1013.9030277088362,13.277437822385295,6.783952059214989,990.7196088453642,0.9825854408082827,23.06837387064431,1,11.87435440190854,1
2025-06-18 10:21:43,HM-B210,34.4825513163834,36.84648238215,4.434304094333647,0.02349916082219865,5.434154391783435,269.00875833769425,1013.1035525013368,12.265589314368142,6.147601568136197,1037.0466377503537,0.9431489056401209,24.203393710147406,1,12.287489199434539,0
2025-06-18 10:21:44,HM-B210,33.75994094937152,37.17297084328391,4.117133828524634,0.06422751443592534,6.196348746670167,293.8985929253174,1014.6017050247333,15.024815682010079,8.100059980787815,1060.0952047756014,1.0317747721761659,22.67921906054043,2,9.281597731829942,1
2025-06-18 10:21:45,HM-C315,38.267703146898874,30.50928561080731,6.38405347778694,0.04215337511409997,6.085399871514107,255.8105754020452,1012.3125987312092,13.464194393826993,6.368188595483525,966.4613570088993,0.9439379908695752,22.673320359777552,1,12.151810100362255,1
2025-06-18 10:21:46,HM-D420,38.49432927028406,30.90700650304599,2.3281641283972365,0.005,4.2676623740349084,217.07876254321,1013.765651499154,18.487535352483228,7.529627630077022,922.0274519039958,0.9245994733639402,23.328783207554782,2,13.602971585884877,1
2025-06-18 10:21:47,HM-D420,40.249935116814385,31.566092830742193,5.645891958653978,0.06435022116704614,1.4004521751880707,254.93772461377236,1013.4676798308765,15.492714212252466,5.898892813075374,910.7020631155749,1.0732095865115703,25.79692974802409,0,12.017461134532038,1
2025-06-18 10:21:48,HM-A104,35.74144736668292,29.175571005534792,2.6370173107437767,0.028057138933174255,4.78047700157934,236.65242959140022,1013.3912147778703,13.532733609254873,8.315576523806143,847.3748752563527,0.9847479661401523,17.410435342502392,2,11.924374142588327,1
2025-06-18 10:21:49,HM-D420,36.645975474610474,20.522211500110412,6.833617497749494,0.04133480645859743,4.620372359493756,235.83047871929494,1012.0761437757654,14.05189080393187,7.036106162407684,1021.041901419822,0.9803499536145555,19.717091748509283,1,15.247634838448102,1
2025-06-18 10:21:50,HM-C315,33.54385018763477,34.57479846927567,4.621855483312498,0.04749728558268729,3.2782576716371077,240.3574009419136,1014.7785609118358,14.697032745608306,8.057779526376514,1169.1733202076548,1.0235652873093892,17.794535927582114,2,12.395055426553206,1
2025-06-18 10:21:51,HM-B210,40.85196452998687,32.847811536495115,4.863832863886595,0.010326331154777452,3.514011286488159,222.9181269555827,1012.3880574213961,15.195924099368476,7.030489566516363,1058.144973447096,0.9986127390471986,24.39969722874784,2,9.79344592874928,1
2025-06-18 10:21:52,HM-A104,37.17387021939311,33.35927077586713,3.91362618596348,0.03422394984960553,3.305331301895281,178.01776766815664,1012.378817494977,16.23278284772331,6.714443069561633,951.681939860181,0.9588653533975606,23.76504319029725,1,10.105233160196896,0
2025-06-18 10:21:53,HM-A104,38.806471254050265,29.94098239495614,2.6259391050916814,0.06635148184667931,4.829429075741411,294.2560851521114,1011.919760398229,17.289877732990533,6.127582008662764,847.1930918182352,0.96946630589832,24.87245127447573,2,14.674735750661029,1
2025-06-18 10:21:54,HM-B210,38.894763490277526,39.052487495751336,6.8987906564480745,0.061787187920034556,3.513113255087308,235.3442115691392,1012.0103366606824,14.85794397468202,8.043019770850465,905.6456798984291,1.0359225081847219,11.79909699231773,0,11.710479367746228,1
2025-06-18 10:21:55,HM-D420,40.647767893254944,47.12695794708541,4.7434137374610605,0.0341928150623333,4.698104951060569,198.5660480624265,1012.6404107846149,15.910447085711795,6.909044409433253,982.2106364057984,0.9517930535361487,20.269119400981474,2,13.678314038431283,1
2025-06-18 10:21:56,HM-B210,34.921501331831365,30.829575719894223,9.813152910062044,0.05431667583528888,7.3518493572585415,255.36421221956888,1013.6746240567717,15.852876102911818,7.437567565527966,922.7611023130896,0.9981958070658327,12.478629847724841,1,11.898771114343102,1
2025-06-18 10:21:57,HM-D420,38.74396650086795,41.99848069486174,3.7847272954106477,0.05695049905919422,4.276992099476205,268.46922150538705,1014.1750300217319,15.197537303657398,6.6336034768577985,939.8630487860338,1.083392900268541,29.80493241105311,1,13.064957037380982,0
2025-06-18 10:21:58,HM-B210,36.9374782342274,36.83324906073647,4.029958810126102,0.0559300288565225,3.107959694168651,244.6580724964629,1013.1929590237738,14.584692076104018,7.186376915146854,980.803854833917,0.9851250862583959,22.50806903138314,1,11.791027441758878,0
2025-06-18 10:21:59,HM-C315,42.26419266585158,35.17709945891217,3.6541338279950404,0.017079491450343997,2.7559866422279873,211.34164616904604,1015.1244078582258,15.28300027438455,7.364304652429431,967.0256682743335,1.0616243076921914,18.73017916244853,2,12.255417731474473,1
2025-06-18 10:22:00,HM-D420,34.91408955250996,33.279386317185846,4.73575916119297,0.07282300540478955,4.896082604842145,207.53157869223975,1013.1765070966687,13.69360971465774,5.795680586777106,1135.9201641096772,0.9495107472994961,21.510942969283516,0,13.154618416140238,1
2025-06-18 10:22:01,HM-C315,39.92856586940968,34.583915648830036,7.3628268616766395,0.030723146806884476,6.9034722201009036,318.44832908151074,1010.3066767825976,12.73130478363873,6.654319964494146,1132.1418268799248,1.009224326390772,21.92748126012135,1,10.587086937850593,1
2025-06-18 10:22:02,HM-A104,37.875854448070996,40.747953448493135,6.515206005160527,0.042186736855117604,3.4180800154699513,207.68891268274908,1011.2683087680061,17.888091459038264,8.46000229783711,925.25756885851,1.0623033739433976,29.908102345675218,1,12.905563124373376,1
2025-06-18 10:22:03,HM-B210,37.74464023551505,29.30959519521744,2.743169249623101,0.03297438395237612,1.9140406353771744,201.1299733642268,1014.0500316899885,15.431247841441731,6.54609070305211,1032.5453978538442,0.9714697138367103,21.230560674531333,0,12.757900488198471,0
2025-06-18 10:22:04,HM-A104,37.13505181511872,33.62496634424274,6.8061801136957785,0.04459522256978697,6.548959095004372,240.73713766866828,1012.5119637401539,15.54644721711088,7.921913391888837,838.6687694311311,1.095862394384413,22.742371931422976,1,10.159297784117484,1
2025-06-18 10:22:05,HM-A104,40.366664557091966,41.245001039112516,6.024186929181692,0.022714712120780245,7.519505302592097,274.6554436423945,1012.4093892155287,14.566993712488479,7.4610500667664486,1025.2663890016386,0.99731191309247,19.627712083943067,2,16.497790792636167,1
2025-06-18 10:22:06,HM-A104,37.65962925268484,39.91857346763999,5.722081739977734,0.03549754146947729,5.408070888333133,299.7549202059517,1011.5533022098806,15.996395454388924,7.609049633251703,988.7091555229229,0.9418688772450268,30.437999545232827,1,11.935309509182025,0
2025-06-18 10:22:07,HM-A104,33.18896165469756,29.387070305248784,3.973638749839357,0.04365514357371653,5.016665195565889,243.601047011595,1012.3996165530698,14.640250224661472,7.70700411739877,877.8523797658283,1.0501970398491822,28.28949349985551,1,10.898618821602774,0
2025-06-18 10:22:08,HM-B210,40.04875892178061,34.08704061109477,4.085134552058877,0.06449297956504343,4.580070622986567,243.18687290999586,1012.4218834809099,11.965687582599983,7.216269116141016,1042.2659803814188,1.0792594368774209,14.175507484694954,2,14.70524340752077,1
2025-06-18 10:22:09,HM-A104,39.5905045803293,38.640039239170136,5.205600849838402,0.06207856958014048,5.317224921795152,211.4810204970668,1013.7358967851936,13.930806328980843,6.7447627968960315,867.994602703178,0.937648078428643,25.414678641424977,0,10.606207435366253,1
2025-06-18 10:22:10,HM-B210,38.46784421053212,38.31714059660548,4.170256006957585,0.06309106037558651,5.261766158541857,282.6475444877514,1012.6330497024751,16.19520899790999,6.604081946877687,939.3718963575072,1.0220725637465073,23.79217914902726,0,11.562601052651235,1
2025-06-18 10:22:11,HM-B210,34.178815925631135,39.87567260621644,6.968947976133701,0.05737304482524442,4.839584171574721,247.90835919585095,1014.9147515058015,13.812817719261792,6.93541763257839,961.6651161066994,0.9663573308044113,18.896560846448928,1,12.710573986746551,1
2025-06-18 10:22:12,HM-C315,34.5672115994467,36.92142944083649,4.106066485811512,0.07693350725089988,3.357228933389225,248.88851407582868,1012.0175754442946,11.334561163752378,8.200395785157347,814.8276933891366,0.9489261666557566,18.026852983338305,2,11.598471977062278,1
2025-06-18 10:22:13,HM-D420,32.306392786909726,37.75976573997892,2.0798534407575717,0.03419718194365544,4.833233880521692,263.0031698731123,1013.306648164807,14.41325576122097,6.115271815799968,962.7581750003192,0.9559012429968009,13.879934571013372,2,13.285458455401944,1
2025-06-18 10:22:14,HM-D420,38.15082468294953,36.71398210963579,3.047814584955679,0.03684463639420761,4.381904093436751,259.0550797148308,1010.5163449093214,11.538640638000714,6.9507767868980945,877.8596367784495,1.010508726295959,24.570892749331005,0,13.31249181063138,0
2025-06-18 10:22:15,HM-B210,33.62612787956407,42.898665387639454,3.1430549407627018,0.03602114112342397,3.5375409044899992,245.79155600845138,1013.9884789876679,14.383213197731296,5.988292264672788,916.9637764885248,1.0646737519813854,16.562337136699746,0,11.321998155499577,0
2025-06-18 10:22:16,HM-C315,32.70312276784459,32.89094410284391,4.604977889565009,0.03877738482004259,4.830431975079599,289.6293875040981,1010.8688216622767,17.370771688365863,6.734283797606973,942.2087280497564,0.9969539291754159,23.23940456180101,0,14.70025472225629,0
2025-06-18 10:22:17,HM-B210,40.18747279825011,35.240955814726085,5.324099050353986,0.0112755857696951,3.916563188727256,201.88938563268056,1013.8550381750705,12.45653962618607,7.100614754830451,814.3541227277416,1.0210001124660593,17.64628955953623,2,12.0333410756618,1
2025-06-18 10:22:18,HM-B210,38.920448911157116,29.925155838411452,5.080700655012937,0.04529521576534652,4.581282268760999,256.3388155862541,1010.2390441929691,16.295954500471574,8.315902673078131,909.3718277676579,0.9723041504922944,17.21891262621932,2,12.798901708153412,1
2025-06-18 10:22:19,HM-B210,36.16707083792268,28.93989116597794,5.691363496538031,0.04992110048903574,5.047785924583303,262.2150784430592,1011.4496960218955,18.42966033785153,8.402619791983039,936.0057825277161,0.9936823326963138,22.20101522340458,2,11.913730796935885,1
2025-06-18 10:22:20,HM-C315,36.66488354185701,36.6247835052919,4.621579963923979,0.03485186439363293,5.2177843397556805,237.62820283356916,1014.256809842368,17.54602599780141,5.762091462297155,920.6731416970619,0.9565930774982837,27.00246489806652,1,11.830904388075208,0
2025-06-18 10:22:21,HM-D420,30.981639482540146,31.37906867029074,4.6746395078890455,0.005,3.946130250478306,268.49349092417117,1015.3464865095722,14.544756430515195,5.990596384926771,873.7251222209518,0.9094713082101124,18.929896032403473,1,12.39171550932249,0
2025-06-18 10:22:22,HM-C315,39.29186229764805,34.71157198551322,7.627789961453031,0.04042861142751534,5.040470229785997,269.89266093943615,1008.9255356042706,13.169573633179203,7.067422541942183,841.6320496254558,0.9744114891411327,21.76323326830495,0,15.269374952384009,1
2025-06-18 10:22:23,HM-A104,35.26817133877829,43.088746552621046,6.808036356891315,0.014105864927716451,5.319816848276002,283.294430956905,1011.3652555535266,15.3497707364941,7.809175286043023,868.4725633598912,1.0564644855590533,22.41151938788805,0,13.128325562175357,1
2025-06-18 10:22:24,HM-C315,37.82572715783285,42.799688511864105,5.612450722856846,0.048546221735077714,5.668662063987446,246.6532096860421,1015.7443098451856,15.377450170390542,5.9177536130662,794.9923573386677,0.8752644592502895,21.684945001371,1,10.919106559440973,0
2025-06-18 10:22:25,HM-C315,30.77859434552129,46.120223893441505,6.37500571351584,0.042386232677415814,4.865832999010766,243.48553601938775,1013.2130294919516,16.84326642764284,6.9036589963582875,882.2721362382559,1.0550663415395485,23.239260604874005,1,12.618380631485943,1
2025-06-18 10:22:26,HM-C315,39.44392008040386,43.188262541995606,2.1106772517594523,0.0443474425338862,5.226418419654196,266.1758344492751,1011.4517937705955,15.102335118290211,8.028506003274513,1048.2718750248102,1.016435392096911,22.065190622178566,1,11.656857751331339,0
2025-06-18 10:22:27,HM-C315,35.11788807653569,47.01509095892745,3.766192071626839,0.018779266535356297,3.9943198762763714,244.07550299012152,1015.2155440458286,15.805386355376813,8.125629944457703,826.425504561012,0.9930710624344247,15.034506761959744,1,13.956174067543868,0
2025-06-18 10:22:28,HM-D420,33.55989434052661,37.18264833906281,4.351694728991794,0.06523167531043472,7.592303701249577,204.35968142608414,1013.8781306615107,13.182092826238334,6.956486723181699,1022.756742036161,0.9737335636879606,27.218622776698247,0,12.331710433160755,1
2025-06-18 10:22:29,HM-A104,36.150995913779084,30.48489708677708,3.7838510569714936,0.04340418391748548,4.423065964271888,275.87270116655327,1013.1650280725638,16.479337579856463,5.599032142061203,842.6095403778571,1.0239458520596179,23.57955743531481,1,10.366439936176777,0
2025-06-18 10:22:30,HM-D420,35.509011955161284,29.9980371525726,2.681394036787209,0.02171525357045739,5.845421747604362,194.97144457288357,1010.124270587184,12.447908929356108,8.039340965065493,990.2843158485324,1.0699276016770827,21.14713008179318,1,13.110175805250337,0
2025-06-18 10:22:31,HM-D420,39.68566903227467,41.9816530372076,5.630815703848685,0.05159283297717934,3.9158888641671714,262.0503078671038,1016.1439809357032,13.74496380817265,6.463505652823568,1160.4063559478566,1.0128995186779102,18.002010700319236,2,11.25513625226382,1
2025-06-18 10:22:32,HM-C315,35.949012194095936,35.2581325140521,7.07862163892693,0.04195470772187428,4.949704647843009,326.15480377185196,1013.39357144429,16.201708644712177,7.6301954345839835,997.2166327145327,0.9894789348130125,20.53949794617177,0,13.10494022626558,1
2025-06-18 10:22:33,HM-B210,40.40654256653342,35.63065757923008,4.980785415500965,0.0767383401255829,4.904909131068319,265.9964426093228,1012.5355104820181,17.581894867880656,6.480579363126848,934.6338518320639,1.1349485464910856,25.496146163999942,0,13.934818292107362,1
2025-06-18 10:22:34,HM-B210,37.82535653947268,32.25464456023093,5.9722730684509795,0.028942510836906417,5.133376661524292,229.17681756099014,1015.1926131816222,16.36770067650496,7.280691371241983,937.0497068672447,1.0043076689571624,16.676396599835705,2,12.071271685420195,1
2025-06-18 10:22:35,HM-D420,39.235919718030935,32.854130301753585,4.936199069018654,0.015049331237159454,3.482396570218108,236.45907480234635,1011.6249708707475,14.935215456008722,7.448058293375057,1021.0368886206857,0.9180824779964631,18.642767816848256,0,12.257623818408668,0
2025-06-18 10:22:36,HM-D420,36.994583866930284,36.91879644888463,4.337541785484891,0.04578693421887961,4.96733093748808,261.1187129837643,1011.3596667861045,14.953713246168572,8.22736155208793,981.4929691685674,1.0163912581345893,21.658321319300214,0,12.755912581911888,0
2025-06-18 10:22:37,HM-C315,40.180147455849706,29.723882549379816,6.378794838526584,0.06024451738273286,3.920550406899244,249.3588471920214,1011.5401718474519,13.184298471204302,6.073795307219524,971.2771713017767,0.9705800766452727,15.570764458437166,1,11.506278096871094,1
2025-06-18 10:22:38,HM-D420,34.11594002429331,36.28569232904048,2.8577135887886387,0.08645938084844601,5.483348994206925,272.6875758796387,1012.4301351515973,14.261147802882281,6.494671223120967,912.4837737645149,0.9823477425736608,18.117179399091167,1,12.63471695681512,1
2025-06-18 10:22:39,HM-C315,37.28406114373582,42.555400975675646,2.2048958810816512,0.10837224358738301,3.4461252964099147,293.5025095217358,1013.0401560991326,11.168385006836683,8.490906570060343,976.4086064656966,1.063922668100005,20.896612775206467,0,12.812738732912917,1
2025-06-18 10:22:40,HM-B210,36.008910426421465,24.331820791705894,2.836550267134368,0.008959030882203338,4.86707973813906,289.4323626988301,1013.9602117609885,18.317937068906545,7.385229985590297,806.6362890384751,1.0438899160366726,12.1944230254607,2,11.16991551804535,1
2025-06-18 10:22:41,HM-B210,40.49157119876828,27.293440609614432,6.280381967414133,0.03729524728718557,4.466030772839113,215.32555883244325,1011.1234372661678,19.43242126104264,6.5122741268196425,902.1579252602706,0.9118974486479685,21.037750687809456,2,14.29702922786262,1
2025-06-18 10:22:42,HM-A104,40.747586011648565,38.37804980751529,5.130816660329131,0.015115745132852486,6.725887022255597,250.47996310389078,1013.4549280059954,11.1143805162261,7.7783936244135985,1093.113826111246,0.9135338305601963,16.74096400952376,0,9.918420748112112,1
2025-06-18 10:22:43,HM-B210,37.001053148092794,41.819839368304315,5.56480696887018,0.035052324252390306,5.84134480180211,264.7840491076745,1012.0961597338294,12.131647062257542,6.400648088344063,1019.7588385845993,1.0070537925968757,26.732115715033512,0,13.711097793355364,0
2025-06-18 10:22:44,HM-D420,33.77122224726049,32.55053634930159,7.515384490186324,0.0895448748457503,6.146996804660944,295.50829615503716,1012.8379565957472,17.724763324397273,7.356342074069611,939.6671331155691,1.0486286508540719,19.78217861490492,0,14.569245597500528,1
2025-06-18 10:22:45,HM-B210,38.06774329197917,25.008796924777307,3.254990488173273,0.023605773441758286,3.5741338679896635,260.77523405978474,1014.8137159160976,13.430550818023839,6.65253215675733,862.6300071084904,0.8876989970826528,24.953540492734213,0,13.683440425716448,0
2025-06-18 10:22:46,HM-C315,32.83847566241558,42.15962086970376,6.806255553745801,0.039560973123283355,4.039964400801408,229.48899139639616,1013.7392864370738,17.77022400316656,8.19434673272085,1111.1317281411957,1.048981224725006,23.54351083497687,1,10.913494541738196,1
2025-06-18 10:22:47,HM-B210,41.065356996957775,30.94467424042738,4.405513378777057,0.028382773398792725,4.495118023921581,263.05128204803407,1013.8641603790999,16.507803173170302,6.514887265245868,900.1843633633117,1.1233024355407375,18.844158295368214,1,13.79759895980433,1
2025-06-18 10:22:48,HM-A104,35.817074823409904,33.19376828536194,4.177458687129892,0.01993408490210124,5.873470501663465,304.5785620280291,1012.0758317899206,14.358227124771089,5.076894890911047,873.362837056905,1.0593172602314254,23.407618311282928,0,15.65641429110061,0
2025-06-18 10:22:49,HM-B210,36.92357459145626,36.59522436159888,5.1218305658774055,0.07585580004686507,4.951291552809575,242.42795583942998,1015.8882051725307,16.889402770441677,6.841165978212864,963.9121703212058,0.9603458064044037,28.80089566315304,2,12.230085760831468,1
2025-06-18 10:22:50,HM-C315,35.29762231048311,31.667833140446213,5.356604383519793,0.00921485256375321,3.6009869105564998,228.95991242168836,1014.0081212609022,14.926750185884082,6.666251799928184,906.7685348767088,1.0321034411895262,22.19849932544404,1,12.499087454724357,0
2025-06-18 10:22:51,HM-C315,34.74554603324795,30.619351364214026,4.68418679064014,0.038349725233586186,3.651710621521143,249.02585289047397,1012.3627837454795,14.891916365439583,7.004639226646953,788.9284017969026,1.0116498509191263,20.579852377674015,0,13.656582903644082,0
2025-06-18 10:22:52,HM-D420,38.84322829136763,30.710999037179555,5.915471451592448,0.041759264150463285,5.930965851767916,230.47373905899386,1014.7116369938398,16.05724044443688,7.645572155195159,834.7145562895081,1.0890902426540245,23.522425115767756,2,11.19107764907332,1
2025-06-18 10:22:53,HM-B210,36.603458307371696,44.28964280463842,5.127864615216615,0.03933900222538791,4.99000806443917,274.809652285334,1013.8534175277244,16.584190660725216,6.254497066299001,934.1609607907596,1.0567626736922036,23.936759616340574,1,10.198972409057905,0
2025-06-18 10:22:54,HM-C315,37.10620634730794,40.79806794212641,4.70100257487131,0.03368582316538119,4.5629536259457435,230.692218936534,1011.1054842893449,17.004677847444036,6.578273323454158,859.7029532895538,0.9550511946617999,20.5216765804777,1,13.131820561787652,0
2025-06-18 10:22:55,HM-A104,34.4902723019529,37.87258670308591,4.375573796330328,0.07228685833835403,4.4635353469690475,288.7759889707837,1013.3000368489126,19.710136254674005,7.1953023382858206,825.8041031135378,1.0293567482261745,10.38259058505551,0,12.554803671592602,1
2025-06-18 10:22:56,HM-D420,39.1401480587426,24.067833871327167,5.357519698576474,0.005,5.574474792825309,264.8585888166808,1011.5477456292067,15.729261907927597,6.672443239879487,832.7667763863191,0.9589828225064223,18.435997691324275,2,10.94548868656888,1
2025-06-18 10:22:57,HM-A104,39.39447433784217,37.89095947527793,2.965013258830842,0.04872903487639315,3.234749753910803,270.9099329188736,1009.9399455021514,17.585746203861966,7.252005481922029,935.1332651516041,1.0519081296138484,16.782393198603245,0,13.077798517658291,0
2025-06-18 10:22:58,HM-B210,36.47767878280106,37.62100104204735,3.388304255030018,0.049619986649792475,4.56223328563663,270.68012970203404,1012.3509621302533,17.530125165327465,7.630187798624591,939.6834941402905,0.9873110824573509,21.906006511970713,1,11.976895225173877,0
2025-06-18 10:22:59,HM-B210,40.16980533332972,28.60933429907417,4.448824896205728,0.04573979524803002,4.633945471012149,275.5560890072449,1014.7010574164722,16.370063312005957,7.210849909754576,1017.236620815657,0.9980287837104521,26.705226325811857,2,13.063486836277095,1
2025-06-18 10:23:00,HM-B210,36.739689614438696,36.29355066736916,5.817312589534383,0.023383122866184134,3.0049078214996103,240.71881333743414,1015.2115373433428,13.944962799542001,8.080095702703185,853.8131510534141,1.008471417749183,23.95003150952176,1,12.782973216375046,0
2025-06-18 10:23:01,HM-D420,38.94938874072205,40.257462481293445,8.214275185587287,0.06410062151301821,4.251118309214564,220.65800975467792,1012.233913075526,17.193837726652802,6.441374276019935,935.2121807900515,0.9724422986070019,20.008567631193777,0,12.70145724845109,1
2025-06-18 10:23:02,HM-C315,32.94268104792476,37.84682959296887,4.761011546174595,0.06309960458395783,7.24382929189749,235.715237412842,1012.5718821367344,15.891682059074904,6.737134485751164,896.3309877370174,1.0053230776998792,23.04833783876175,0,12.478551529084957,1
2025-06-18 10:23:03,HM-D420,37.88357716621603,31.59915299149887,2.3386530629963556,0.022678224855882684,3.497990715412911,277.7906131702904,1015.0942029586679,12.422586229427882,8.394629116489572,994.1085141022077,1.0229442713712802,21.920798668598117,1,9.86979742950679,0
2025-06-18 10:23:04,HM-A104,36.32129633098266,35.066323215419864,3.814628735551551,0.01604234216177688,4.651247951682976,197.00556867542616,1014.0059747809271,17.027362112665642,6.612614165146819,951.3691281224104,0.9859431416716994,24.08212149884159,0,10.245288926020242,0
2025-06-18 10:23:05,HM-D420,37.38880606488749,38.651784656005994,5.988337774388345,0.012177947346524737,2.0074457338444778,190.01198257159442,1013.7342087440677,11.747605258260265,9.160315721074443,977.4489286021653,1.0109677154216967,24.304673019865493,0,15.19598981930936,0
2025-06-18 10:23:06,HM-A104,37.27670601413956,35.29726017108825,3.544576836576579,0.04450810323964406,4.333304988782087,256.73698825021734,1013.2092145929035,16.295166583464006,7.973046682567236,1048.5663582466286,0.9627990136711481,27.20887783474678,1,14.57648030171733,0
2025-06-18 10:23:07,HM-D420,37.31424955544246,41.27142444553448,3.0413821131823338,0.04093564078776381,3.2107505486223813,275.3272603031787,1014.0871760107623,13.895784918223093,6.542588044578547,965.8593808900642,0.938470610660412,21.44285964550788,2,12.084166424123323,1
2025-06-18 10:23:08,HM-C315,38.53925182340638,36.97840778420054,5.980503352421119,0.03277784163836338,4.077815044063051,279.399719883935,1012.9552222291434,15.326526971235841,7.668322630034403,1037.6946956346744,0.9982952877789426,14.808631945804406,1,13.143473765730638,0
2025-06-18 10:23:09,HM-A104,35.587065920985054,38.764613326439154,5.697320091339369,0.08162634600065109,5.011400136168248,221.47610011917206,1015.2942706044523,12.211754190502756,7.437145333522902,845.2063675516733,1.050871677260801,16.699701692767594,1,9.99436310434099,1
2025-06-18 10:23:10,HM-B210,38.42269814883911,39.107003234958796,2.7911888858648055,0.03077831269285213,3.149080896743956,214.6131421806242,1012.8206798506853,13.552154548664458,6.036204822792115,833.2262403882988,1.0492415125304042,22.06973436061083,2,10.26965812738304,1
2025-06-18 10:23:11,HM-B210,40.08131220779477,29.666586483470684,3.6575099818164785,0.04374999779295402,4.789241546570546,229.41638125675985,1012.7968926032523,13.95304896841241,8.435395871882058,1055.9313413684906,1.0461029356750682,20.924554761422677,0,8.078836568645823,1
2025-06-18 10:23:12,HM-D420,33.47464748754919,35.249930176783394,6.8670052652262425,0.03611388877169095,3.5642716451724104,238.21603942309616,1009.9167079673077,14.695425568934192,7.857097667221326,972.4096934931081,1.0504937662119467,24.88850849608408,2,10.881099411234981,1
2025-06-18 10:23:13,HM-B210,35.048649754426684,33.33822763240518,6.279266405141511,0.07926236070322085,2.8974559675103855,239.9409747662966,1014.5871452610181,13.810527164090047,8.381353506561824,997.6860698684254,1.009207589863987,26.149815284448366,1,11.524822861188925,1
2025-06-18 10:23:14,HM-A104,35.153661436247035,40.21922997403539,3.2039427262982336,0.005,5.6792448577146075,253.6353407683734,1011.5558956539927,15.69568445793674,8.037536218852306,1043.557803011792,0.9725868118175919,22.144644680831583,2,13.560579698646912,1
2025-06-18 10:23:15,HM-B210,34.2698855013726,37.316165233520124,2.0166659676323224,0.03380180069391198,3.346310023821829,292.16875361785435,1009.444949198267,15.953942208973027,7.479182587186775,889.4185781127406,0.9869539266559324,17.000678432595244,0,12.15024259255611,0
2025-06-18 10:23:16,HM-C315,35.813255575907355,34.058937689472046,5.402776873791307,0.052285109761881304,3.9913936730626167,248.17822283683498,1012.7316800425848,14.106940734482345,8.06389602739366,900.7343508729384,0.9939459172661262,24.247816091454535,2,12.898645973931744,1
2025-06-18 10:23:17,HM-C315,39.5827962884996,28.590742982786686,4.555898007141905,0.03555223544344217,3.8151148757491513,278.12949478591304,1012.4925964902992,15.078098686293341,6.131236329963656,1015.6771361813755,0.9671007830182283,23.116557004614815,2,11.945090766592,1
2025-06-18 10:23:18,HM-D420,40.61896731128107,27.015458339397295,5.272612845090608,0.013913347636391214,4.7602608775851,269.63982028289496,1013.6747737195784,16.063108686721574,8.78695581165399,922.3674196359179,1.0296468211325152,24.538967627394456,1,12.297665975635637,1
2025-06-18 10:23:19,HM-A104,37.265437424366255,36.551713099724765,5.951992915765907,0.043531940678114577,4.53876277297973,228.6925844600032,1013.9737069820684,10.510924330434214,7.7961389936075225,905.4870429077072,0.9693981354860219,19.10048043001792,2,11.952328064592344,1
2025-06-18 10:23:20,HM-C315,36.189409972879496,31.4139366138327,3.5655958739059668,0.007573529210692251,4.301721745018023,269.29283916565697,1011.7583860689481,15.884326146251784,5.63745174394412,848.4018450938352,0.9075135264815946,33.92310758153558,1,12.88865650210779,0
2025-06-18 10:23:21,HM-C315,39.00730992270165,38.33063234048616,4.351781710121152,0.05340469681183519,3.6495163738762857,267.23171095471855,1017.0798682140012,13.71656364638314,6.00462834597272,1021.5019987814135,1.052931119550763,15.01849558919904,0,8.393176048465204,0
2025-06-18 10:23:22,HM-A104,31.09007876436955,26.784298674618867,3.6514122144413017,0.03173474162146604,4.181636802178735,249.98349527499562,1012.697996175172,9.67244796470786,7.430157549537158,906.5039284031312,1.0255158337857215,22.373898125512802,2,12.493778570332289,1
2025-06-18 10:23:23,HM-B210,34.3620538197421,42.964755991044456,3.7051474505292643,0.02837056083404446,4.852609975420598,255.21496535254104,1010.467700707732,14.216355695238414,6.4883049514806865,1020.4463213671702,0.9137367248417998,24.858471450150528,2,12.266461097092062,1
2025-06-18 10:23:24,HM-B210,31.19592398325021,38.31932044965837,5.847138789986644,0.060923123304467544,4.641471473280517,248.26569041093822,1015.3742253737313,12.984417891824522,7.615940364657338,989.5616093511389,0.9676029830383505,25.306895783129793,1,15.000449774688729,1
2025-06-18 10:23:25,HM-D420,34.33575070661139,35.49592544988864,5.216102872016623,0.01993551597796463,5.8461228992206244,217.23915299990887,1014.0926105985651,14.061475709851084,6.411480670635672,1061.4669729012041,0.9951872508675103,22.038260552400278,1,12.841003312469175,0
2025-06-18 10:23:26,HM-B210,35.082456182745,43.41529468201366,2.655587344833895,0.009150668875664937,5.415612791901468,320.9702713381412,1013.6132930207482,15.93411113095161,6.1819048848204154,814.7651644756099,0.9998455663194906,24.48446393933911,0,14.884646047927554,0
2025-06-18 10:23:27,HM-A104,40.694204694844196,39.74208967110568,6.0876554628747686,0.021790348211350476,5.827758065238119,281.6650573669765,1012.3470439431835,16.700980903783066,6.76772869621281,720.534201343426,1.1052380449398447,25.62019715794362,1,11.319661125199802,1
2025-06-18 10:23:28,HM-C315,30.097345084610026,32.624983806914784,4.474894888132701,0.08094001313546963,6.124090214714344,265.81627497785263,1013.0687346740265,17.579225228679576,9.814962387233674,1090.324996197338,0.9520386113158161,22.431617389205755,1,11.368776260655245,1
2025-06-18 10:23:29,HM-B210,35.958243499414166,35.38788154889165,6.156748110241883,0.019926248350591348,4.724502690158508,237.84254064146788,1009.7471330020898,17.701417207175435,6.324196586322483,1030.9276778213193,0.9489457235743245,22.914447964263527,0,15.017684723037782,1
2025-06-18 10:23:30,HM-D420,38.54891618044527,25.178628500926273,3.4778929310806435,0.047310467387523564,5.52434570301665,247.2461801619106,1012.593422748127,12.92693149687166,8.205497848717824,868.0371690366131,1.06357373580429,24.564960609282757,1,12.144051643932034,0
2025-06-18 10:23:31,HM-B210,38.02682665817273,40.320951552744255,3.6114679719535543,0.056867065678294124,4.902830254192473,214.85397024339312,1016.6851756580362,17.419975740554886,6.5937700809959505,884.251893018556,0.9908372134881139,22.085591354829162,1,11.28790548617245,0
2025-06-18 10:23:32,HM-A104,40.654345333837234,33.52024161004139,5.3775684471600025,0.021205001307366,6.092115138665772,264.0981664015858,1011.5684746012677,12.553351061768785,7.128922031204733,953.7491967990989,1.0586673813080623,27.335526783596563,1,12.531954223652543,1
2025-06-18 10:23:33,HM-D420,37.40262869649147,25.11387577380509,3.3553098677454876,0.02123091002945694,2.3941718887370693,260.0855217749828,1013.2651592221051,17.11605782628871,7.299740518873085,933.831918378436,0.98670590172863,25.989955974024646,1,12.785872722669927,0
2025-06-18 10:23:34,HM-B210,37.93569545120286,29.090807152955044,4.587678243887351,0.04360317269907192,4.121326451997607,243.80329232323763,1010.472659071781,16.14210966867945,7.1503159010192725,896.8710026157448,1.0609293636302528,20.774694538231714,0,14.350924757139259,0
2025-06-18 10:23:35,HM-D420,32.403732920493624,39.35456024224705,3.1848898064610887,0.04450644434801815,4.992088557978765,250.8974627539388,1012.218948117659,15.341346596619443,7.245303968741334,882.2275149624815,0.9861235104932035,19.1265143915332,0,11.295916649980526,0
2025-06-18 10:23:36,HM-A104,34.52932785455798,43.06901357518076,4.412945400392525,0.06695234171604617,5.183952999105221,241.04431252581458,1011.1022123326451,13.227457698235492,7.470519506124731,911.6419776718404,0.9937528000748586,25.093062239669237,1,13.611550218138046,1
2025-06-18 10:23:37,HM-C315,32.543238141379945,35.102127594590435,4.952218652292653,0.024615371511692616,4.478833608226654,235.17598274633073,1013.6409802806504,17.395095806147157,6.005006415288767,989.4795646377462,0.9481419343474236,22.343933862610978,2,15.128308449517313,1
2025-06-18 10:23:38,HM-A104,38.431520269785246,30.089743290035532,5.0228869023511376,0.03245492975795142,2.504999635239299,226.70837884319747,1013.3237491664671,12.984745713518041,7.094245141200669,951.2972263279364,1.086398430510502,19.628345089325997,0,14.176371113827717,0
2025-06-18 10:23:39,HM-A104,37.87172612939312,27.89625155160449,4.452879093100477,0.09676792711328254,4.286930867680442,219.3754759806906,1011.045534435065,14.95484112887278,7.155366727110792,910.7310436033196,0.9623113020192332,20.081303625679592,2,15.212428993333933,1
2025-06-18 10:23:40,HM-A104,37.783844918208786,42.07307309070554,5.5000254504772075,0.005,5.47944568206781,228.94288625427598,1013.1324284725072,15.135889668973007,7.644058554925932,896.5772538341346,0.9361449381068272,24.592809252652145,1,12.51814332786809,0
2025-06-18 10:23:41,HM-A104,34.79641597885482,37.24733889223614,5.2216985682680574,0.005,4.12121851413255,231.24613831620513,1013.1856441358498,11.60434143875439,6.975017319395443,1121.4949482736483,1.08100625882956,20.140093220785342,1,13.406332939164328,0
2025-06-18 10:23:42,HM-C315,34.56762555170834,33.34930189677627,4.865950004394795,0.012339180487748826,4.611001941136431,282.67598281129676,1013.262384116616,15.297991783650838,7.622793773118254,903.8546900105544,1.0329433412703386,27.783399136313513,0,11.33917876867653,0
2025-06-18 10:23:43,HM-C315,37.52361733074105,32.1586410696223,4.061224200933344,0.06203211015288339,6.799859130448481,231.44074053911413,1014.2808952674602,12.809247485920796,6.677778354151034,991.6755508290081,1.0792219871700572,18.008811092541055,2,16.19360853854407,1
2025-06-18 10:23:44,HM-D420,35.326534868072166,38.359148188668144,6.6023656243677635,0.031234301353144707,4.275747184242125,188.97659718160514,1015.3475663218211,17.881661197649755,6.758235409079799,1147.0809247238453,0.9643390968188549,19.99587130563579,0,13.845874892058314,1
2025-06-18 10:23:45,HM-B210,34.44898859041941,38.2215924703568,5.579430812348892,0.031227065448108108,4.311141538945194,258.75076052170294,1012.0792323936936,20.407707056099248,7.449371528368104,1005.2861843140536,1.0302583282794582,18.278933813166354,0,12.845131299690047,0
2025-06-18 10:23:46,HM-C315,35.72902657185483,30.517077932720273,3.445836704162007,0.02069554660115815,4.733007453781298,268.70825852600166,1012.5404670191843,13.532395190313544,6.377140200377015,987.9182615253239,1.0700052214809557,17.1240689429472,0,12.41821691368986,0
2025-06-18 10:23:47,HM-C315,35.34814490991173,29.28813754549529,5.973325813535739,0.05836836609144127,4.785046636312529,279.0629680644349,1012.7401063440702,14.21401588255442,6.748213844092672,1048.8277549333807,0.94287102389365,18.815362743387038,1,9.301330854269693,0
2025-06-18 10:23:48,HM-B210,34.83319256342887,29.540486521432527,6.313240455429014,0.012648924874979608,4.6615416124064275,254.9849254866203,1011.0468411665603,15.332728869331152,6.804251252559869,1061.3215259996273,1.0163295395275516,19.965633019775016,2,9.244502382788935,1
2025-06-18 10:23:49,HM-C315,33.935580458105996,32.65887709762822,4.877652861061734,0.02836996094010906,4.9718409380856485,215.79673419429122,1011.4883094352195,10.878845025588737,6.846427629342642,947.8262073647752,0.977341561408783,20.3206971550374,1,10.860199428751,0
2025-06-18 10:23:50,HM-A104,38.121724420847265,31.55107273208622,4.977369010888091,0.02148715138608688,3.0719214660192025,226.03211123957416,1013.8448629098424,18.286888216403582,7.245829148115214,843.7238526620894,0.9803389115229899,13.340891075428551,1,11.687482602564103,0
2025-06-18 10:23:51,HM-A104,40.89012359869264,43.09046009084783,1.9116939809251807,0.005,4.3545542232630305,268.0049241537984,1015.8874336926541,14.362589511139483,6.487604168047219,937.6088437445677,0.9589453518161255,17.226075999856487,1,13.473115586561596,1
2025-06-18 10:23:52,HM-B210,36.90248949845336,32.48109688870281,3.734838385014913,0.03043522101949552,3.0259462448203704,293.7711934028685,1011.4405418958864,14.200440774769183,7.700419413009511,996.4009282617629,1.021311929961579,22.7195276780846,0,13.712606822816399,0
2025-06-18 10:23:53,HM-D420,37.55608534242482,28.75166776025135,6.26554162452898,0.038816417783791114,4.567160503317824,215.7131999667083,1016.439808644821,16.37935811502445,6.9825964348462035,922.435367075088,0.9881224488687317,19.190454568261146,1,12.49976583839171,1
2025-06-18 10:23:54,HM-D420,38.34094463150426,29.032512795502363,3.82606520269619,0.02448956301242978,5.225491025187255,256.3575338114622,1012.1504697279526,15.169943196162574,7.5230611351791365,931.4553111684734,0.9537277541085727,26.165242112604048,1,12.98497619580371,0
2025-06-18 10:23:55,HM-B210,37.9164143929828,34.08014199479202,4.760237116727938,0.03463449949587035,4.333563803876384,233.3517869587158,1014.8178511607829,15.328994852910757,6.217629901202797,1079.4745646103054,1.0709973693212815,21.03364047948086,1,12.230386173186602,0
2025-06-18 10:23:56,HM-B210,34.882719179207555,25.889379385105798,3.71206980490135,0.035147477889717685,3.3637936259348575,225.27789736165084,1013.6440555758169,16.687136144321386,4.913595552118846,1012.8502973076193,1.002572425162816,24.36957725286446,1,14.14419663780196,0
2025-06-18 10:23:57,HM-A104,41.299615527756465,34.69939643068802,5.346223377247596,0.03733948648071553,3.9828977571268496,251.04990418026068,1013.292162594689,14.74991380405469,7.95442907143991,997.2477227621737,0.9216401036914105,20.51190043807982,1,11.404735455108485,1
2025-06-18 10:23:58,HM-D420,35.106723715805096,28.31895249759218,5.590613832714338,0.018919030093663566,6.661210931544053,245.99058395193288,1012.359487818042,12.753080913892425,7.367007290693833,867.1572181288426,0.965746340957301,25.661824998307264,1,12.028754755011692,1
2025-06-18 10:23:59,HM-C315,38.620220911651025,40.7930518337085,5.630711992602774,0.01777020862295193,6.239636384656032,189.26096337610642,1013.0237670015656,17.448011245167216,7.6372683598896955,930.3553131987125,0.9259857117858831,12.665446757272585,2,12.78676759954397,1
2025-06-18 10:24:00,HM-A104,38.32547826835728,35.58281174620973,3.2909585605899485,0.04093893002098706,3.849340915857013,256.04776884342175,1011.9336228712355,13.829011073687024,8.25406888901427,980.6153075554829,0.9686847194761273,22.426544976107433,0,11.34169424614536,0
2025-06-18 10:24:01,HM-B210,32.10389614466341,45.60511800766221,5.16005316025483,0.010478247243934122,3.8433742774370225,259.8428712512559,1014.4185122719268,13.938505065902369,6.448329476571152,1002.1752075245631,1.0176023068914655,28.12166020754242,1,10.262946335859834,0
2025-06-18 10:24:02,HM-D420,36.1028839577177,33.85899710248895,7.364854641982834,0.03571749937811507,4.369462639973062,272.4196521165108,1014.6767957203501,15.461493828593603,5.753084429228848,1077.0418424223094,1.03096017240961,16.171434679231226,0,13.035425776137672,1
2025-06-18 10:24:03,HM-C315,37.141571129530426,20.0,6.122733107726992,0.07270981247234326,5.987614094976679,232.81883648043703,1012.0242507005711,12.387729076789377,7.982525091718825,1003.5489290532555,1.0422565515770001,25.00910363594477,2,15.879293471917027,1
2025-06-18 10:24:04,HM-C315,37.332878028560714,42.28840600178102,5.139996854136633,0.03922353026605087,2.398849673785193,202.3650245789841,1010.5392974934236,15.478532282325336,7.721633658610929,906.8502429814594,0.9688132230153,23.567027337414416,2,12.669015286838997,1
2025-06-18 10:24:05,HM-A104,37.75355128879192,37.50961579238534,2.1035384871934397,0.005,3.833793447473087,237.36071290801218,1012.5082265790189,16.895114324125128,8.084792317028526,1100.484141581589,0.9821945752099579,16.29005569829863,0,13.621042020475423,0
2025-06-18 10:24:06,HM-D420,38.89415718234994,38.28453939480337,4.625965282835308,0.04359636429602961,4.9935829838734,271.1777848831876,1015.9826847177592,18.159807207405017,8.526780254549989,927.7935694275013,1.0219879256478668,23.39247051912643,2,11.992140995240263,1
2025-06-18 10:24:07,HM-D420,36.98121158932305,29.987082051279756,7.469548370971415,0.05636980732461595,4.85505554036696,247.72402540045587,1013.3479336574096,16.480296267165805,6.261267025715301,1023.3096631869755,1.0431374855612148,23.363886341171277,1,13.097935431173596,1
2025-06-18 10:24:08,HM-B210,37.88654392004486,34.78575972202305,6.977910254019648,0.02409365870971275,3.9868208473491684,275.479221585473,1014.7301843084698,17.14604568965931,7.949483170801924,903.8997033347864,0.9929898853718994,21.63515138635057,2,10.378131725104726,1
2025-06-18 10:24:09,HM-D420,36.88761353306904,35.9323043756783,5.692127487179693,0.03402093444087642,4.197250188899141,210.97290321110177,1011.6082901557204,13.72093958295441,6.997120853281038,887.8331029576167,1.0321041171771985,26.565544986905607,1,10.88079295027331,0
2025-06-18 10:24:10,HM-D420,34.45666585811307,33.81089691196951,3.9210043818578177,0.022446224418283173,4.897153264542053,274.3629192919715,1012.2706918801823,16.650738577064,7.973044359512689,841.6255322590328,0.9719901054068129,26.012068491502397,0,13.415373224190937,0
2025-06-18 10:24:11,HM-A104,37.081003603424186,26.32818587373263,5.078418473668176,0.030756366868368093,4.007524439628138,257.47135889831947,1012.5339129628201,14.617767356295346,8.668800339662182,847.2870986209387,0.8925444020169261,25.259685350687075,0,12.144244433407247,0
2025-06-18 10:24:12,HM-D420,38.87272461063267,48.843460241295276,6.160221250078289,0.026689073666099586,3.223867205464426,239.3529466085022,1011.243353271727,17.318884005071986,7.221966706392966,912.0281563517561,1.0453084314951306,27.607059969080062,0,10.002420149002194,1
2025-06-18 10:24:13,HM-C315,39.77197095618841,39.17914618914113,6.410808790443896,0.04871337037282984,4.2775152288377605,282.1105911502889,1013.2502850586899,15.205110566654373,6.603518230286531,1054.6345070990617,1.0281733553001107,18.75268440361481,0,11.871317376274202,1
2025-06-18 10:24:14,HM-A104,38.34328914386051,37.102920235101976,5.468930458468744,0.07316524721217577,4.727228054176447,257.20072524656626,1011.7723679577886,17.155132767212127,6.11525833352404,971.0264548266539,0.9951329620517851,19.907365913236095,0,13.88433951366835,1
2025-06-18 10:24:15,HM-A104,40.33587581487325,41.569428105069896,6.282559524076475,0.0411443090022013,1.950666025247196,220.4737978101203,1014.423413077321,15.322597981472454,5.396869173894466,807.8360739399304,1.0087450040788186,19.364137624464234,0,11.561710429925743,1
2025-06-18 10:24:16,HM-B210,38.04716186852245,38.22096105519421,4.911961130505741,0.00916514843403168,4.970667811050188,279.4562210726104,1013.1338138486615,13.46519149937011,8.36140926267377,1016.4444335723108,1.0578255092853395,19.955895492605652,1,9.097756557106525,0
2025-06-18 10:24:17,HM-D420,39.15969955417209,31.6139855996015,4.845640005364002,0.09058866604408332,5.669010802790169,242.74857637582312,1015.221325386944,15.079156569973955,8.411682493335361,949.6452791179822,0.9995779432425183,20.032291476910256,0,15.135025484520742,1
2025-06-18 10:24:18,HM-B210,39.34347787319946,41.24891378908845,4.311627467341997,0.05165797223488812,4.071292753119265,251.1083935041778,1010.4839110923916,14.338498812943513,8.009167203686207,1071.3240529805455,0.8553633759547646,21.456828631442935,2,12.671767472612473,1
2025-06-18 10:24:19,HM-C315,36.441623647790664,39.26108003289008,5.6368052485524975,0.055729408781277925,4.093061266650097,224.10119296006988,1012.2033772969932,17.594447079989877,6.959763791187071,910.6579273162325,0.8984826042432069,20.458663595567344,1,14.943159370821812,0
2025-06-18 10:24:20,HM-A104,38.81500858141917,31.803570913429706,6.500510408350733,0.03872547699294503,3.613899299349942,248.44967026894008,1012.3888758429576,12.287821669606187,7.829979360306117,877.6072401576016,1.0669367950723911,17.649516158618276,1,13.02867456021289,1
2025-06-18 10:24:21,HM-A104,34.648387755897716,38.950073341425224,6.062665806103229,0.04465458349352106,4.317138876946656,221.618145512188,1013.6948214504743,11.645435117845093,7.444711148785698,1088.6371284659547,1.0296649074897244,25.175115007360002,1,11.525304960534761,1
2025-06-18 10:24:22,HM-A104,37.87453085637216,33.79714983911959,3.1729452779718357,0.03316348262235256,3.8301937662691152,244.8341861406209,1012.3669634089126,15.584385339517665,6.271378987937217,1030.278072543862,1.056796773292044,18.497267734429066,1,13.031945925855547,0
2025-06-18 10:24:23,HM-C315,38.44256456667113,36.04239099899306,3.2532885272406853,0.058073918178053,6.237126686476172,250.92039017546293,1015.5836208847029,14.35334799632018,8.118818908443956,813.209381343506,1.0743207923713074,28.297562876585296,0,12.97614454847019,1
2025-06-18 10:24:24,HM-C315,39.627737801748324,37.99825233456613,6.6554598252686965,0.03045193343303474,4.649527730863117,268.1732232301532,1012.7238568443689,12.708625659268165,7.607755027156964,978.8784690603369,1.0714225591162387,25.22716983646548,0,15.25143774180538,1
2025-06-18 10:24:25,HM-B210,39.05189825995326,41.8424885065248,5.264859220676664,0.04978748841114044,1.9229861135149413,207.80172993990266,1011.6418744178744,14.929664747548054,7.789133380485373,813.3976161253128,0.9295356300886525,17.287368010966908,0,14.427841150290373,0
2025-06-18 10:24:26,HM-B210,39.66028545833679,31.77002007436473,5.323472227214989,0.05938807432914121,5.1846415625601665,280.0899555072741,1012.7585975865275,15.532519924931908,7.461054422194004,1026.4365940632267,0.9899112360080267,21.92038873201141,2,13.528253912446454,1
2025-06-18 10:24:27,HM-B210,36.751549174683944,36.824810903261316,5.289671950535038,0.06491869771553853,6.562967787284521,281.029067185613,1012.5115501517283,17.457079580713803,7.306764315449481,860.9341040348838,0.955745212134349,16.336726734888693,0,13.075521828006408,1
2025-06-18 10:24:28,HM-D420,36.136517113324885,45.07863113115597,7.627459252360346,0.060638853939382245,5.110881660337214,244.33032932380854,1014.3923717152044,11.294506941539503,7.4826196562174445,849.6927130412266,1.0081655697989118,27.096729344680075,0,12.620954120477984,1
2025-06-18 10:24:29,HM-A104,36.31275310528596,34.11976251986524,4.330572772766121,0.019528024436804667,5.928019883514325,253.871651319363,1012.3822884701206,15.370903820315453,6.972127126963195,1060.9986071583385,0.9322614972112564,22.020210529428102,2,11.63032016277748,1
2025-06-18 10:24:30,HM-A104,37.66570932612158,35.98278388849791,6.674951203514214,0.07145492366605732,5.312617467273418,259.19572129963586,1010.7193942280012,18.282513786109444,7.685632549957066,983.0967961064513,1.002148045247563,21.86674208045541,0,14.114181083126226,1
2025-06-18 10:24:31,HM-B210,32.47813246089437,45.07115237238994,5.350410536480251,0.05328517915680871,5.6891806366107565,252.50108017892336,1013.2662800974288,18.18798035984413,8.761043213031234,1008.8696345808848,0.9138748022712837,22.883960311799175,0,11.865761401520722,0
2025-06-18 10:24:32,HM-A104,40.329392425986384,38.18738735974552,2.599230531102421,0.04611186567222682,5.630751874563996,268.10288163049773,1012.0237245479028,15.184769315536718,7.570365548766654,911.2758894217768,0.982643846829563,21.31015231789992,1,12.135694996952237,1
2025-06-18 10:24:33,HM-B210,37.10968339957244,27.630098604194423,3.7627215799810734,0.04841753515864297,5.644502478702961,238.38281467260865,1011.26785272524,13.818151113219772,8.093447714514596,943.5316872638182,1.0729206516984648,19.36439287544806,0,12.60293279330377,0
2025-06-18 10:24:34,HM-D420,35.9624960441622,31.022611739228175,4.089454124456083,0.03683220210979892,4.880011309975961,227.19614760347582,1013.033872737678,14.460988338282302,6.255247984294617,1075.426604509284,0.9658917094297126,21.615123280745294,2,11.561082466369927,1
2025-06-18 10:24:35,HM-D420,30.67570947348635,38.447896071827216,6.639662021699175,0.030667562730304618,2.44196060091677,262.8450410315301,1012.801824415738,13.030392223735257,7.85047080577716,975.6565505100976,0.9653680511086027,27.017184187974067,1,11.828971531129305,1
2025-06-18 10:24:36,HM-C315,36.907966234554294,37.11502453945238,6.840946710188866,0.03262989575687797,3.192852293051205,204.2247614737529,1012.6694959610965,14.117154553178313,7.607889279359173,1136.4103212154687,1.0062943322105296,19.773680160943822,2,12.503548999779737,1
2025-06-18 10:24:37,HM-D420,36.50380871231061,35.8128993336941,5.53078077616751,0.0657625457707943,3.2148521722115286,268.57133542812886,1013.390633691686,15.15656544757429,8.060415671651455,934.3364802698254,1.0091030868144164,27.575518899421496,2,12.381469581664248,1
2025-06-18 10:24:38,HM-B210,34.75738392338686,45.806120915832324,4.215840080478056,0.041621036952997965,1.4692845306622977,271.6774929457735,1012.1316696277154,15.941159933450356,6.860300562355936,1026.7701703605728,1.0156924795968032,20.111727089374384,0,14.683634638895885,0
2025-06-18 10:24:39,HM-D420,35.31738288718247,31.912564219208026,3.633528325924644,0.04563435770257349,3.9782823702072916,226.53122284963965,1013.1739074558233,16.706802257117413,7.98794651677674,1038.753078885092,0.9602476914042153,22.718970223752816,1,10.20818456311013,0
2025-06-18 10:24:40,HM-C315,36.93340838888709,34.62793088283982,6.706371527992401,0.04120283951854391,6.1985678918272935,292.66260113965893,1012.1156195323276,14.778808181273511,6.624563807721419,965.7593782398565,0.9699309878666766,29.844294629988468,0,13.343543190757833,1
2025-06-18 10:24:41,HM-A104,35.529408851030794,25.184448952808822,3.073171386625914,0.026641501392167442,2.7763486773876664,239.46523636348206,1014.2333726364304,14.630904464005125,8.110891759338228,1058.982848246081,1.0034161791930216,24.25803625166943,1,11.777278988479207,0
2025-06-18 10:24:42,HM-B210,38.42969516544589,40.803299444004864,4.844164573628576,0.005,5.373690203406317,236.88277627976393,1012.9643597196754,16.752868700311492,8.165881898219599,907.1785723363049,1.0491775424580687,23.415820514120195,1,11.978219991068965,0
2025-06-18 10:24:43,HM-A104,35.12804102838996,31.0057384946871,8.546706815480011,0.05537440228405296,5.134924754007535,230.3943625006551,1015.6246414561625,14.313771465523738,6.3154944438849165,1019.0000978385575,0.9634847077546852,24.614291454863043,1,8.93392524760834,1
2025-06-18 10:24:44,HM-C315,37.386521073801944,40.285683844004645,4.22031921794352,0.05325555300294473,4.775962508852723,263.4431270637411,1012.2576736475884,16.397404786407137,7.491288088379283,866.8506953428416,0.9901449191406227,25.995293443134234,2,11.381937626027238,1
2025-06-18 10:24:45,HM-C315,39.950113422027925,39.76015065718651,3.09245265548133,0.03977088226203431,5.919096650897541,238.2591605403027,1013.5357362482322,11.696241467472728,7.024003135066387,848.8922118664236,0.9032309896109908,18.652884919828303,0,13.278629791592806,0
2025-06-18 10:24:46,HM-C315,36.90851034359362,46.74549629393889,2.351812962052732,0.018195245817392115,4.45042307649873,206.88598230364062,1014.6945634103241,15.934162559567996,7.589697501747012,953.1485150076734,0.9781865249356718,23.993269671701647,1,11.462104852576225,0
2025-06-18 10:24:47,HM-A104,37.88994280989937,38.24637788265606,8.606006634246047,0.07641637760680198,6.325829478912098,260.2485681701166,1013.8043311875105,19.22641315857491,7.2315973183676325,939.7011320530651,1.0100787010375034,23.031889813838433,1,11.785549376938107,1
2025-06-18 10:24:48,HM-A104,37.7316284685015,33.219566878399455,5.52294064918332,0.0331769619099643,4.260610546252329,241.26124188445596,1013.2106622910154,13.147017993195313,7.020597258002493,861.4026885252745,1.043520365449132,13.334356379520557,2,12.043846590209537,1
2025-06-18 10:24:49,HM-A104,37.01999224904316,37.26811479998546,3.6963865870978316,0.044965030032051954,4.9120366815559695,282.57778329058743,1013.5040853365774,17.86620555028793,6.734567543019043,1011.2011160127894,0.960690718955635,22.99141251385682,1,12.80383346528413,0
2025-06-18 10:24:50,HM-A104,36.83248214514123,31.20373576085706,4.716295071277374,0.025937033401439307,4.330077555931755,259.2630182271721,1013.7612953854174,16.387882032781338,8.353530319384905,1074.9233251506375,1.0085847074480319,18.039479140471745,1,14.994158642598034,0
2025-06-18 10:24:51,HM-C315,35.57156444637522,36.59580088754454,4.005566273360527,0.013005627273462727,3.3914426022953803,257.984644615433,1013.4468008811655,16.749241889409078,6.606617805161097,924.0974614283498,1.01358138290263,22.450015569859474,0,12.390246904940918,0
2025-06-18 10:24:52,HM-C315,37.377530726394546,33.99548747228814,2.2046659395607895,0.0517926592093881,2.8840973964359398,280.43521086758426,1012.9779492220525,16.339131700922568,6.763710324813274,1033.2736641336992,0.9103983827975788,25.937166594694464,2,16.83564904336546,1
2025-06-18 10:24:53,HM-B210,36.29183122790133,34.648307751640644,6.1821761501806805,0.009983828723499386,5.1902902631339884,254.80046445478737,1014.1057202134389,13.729518004433094,6.195367529664879,899.2158457981423,0.9371471510248698,18.26367727664009,2,16.37841438076181,1
2025-06-18 10:24:54,HM-B210,40.86522542058677,30.508167560362182,5.050719233592212,0.0445807685606578,6.116744107442377,273.465957030939,1012.872875427439,12.393050268640051,7.884937469058418,934.0404480789457,1.0251215086869905,21.524978156971418,1,14.958544116812728,1
2025-06-18 10:24:55,HM-A104,39.02785814777478,36.502230298813885,6.057475668076909,0.0446388643319233,4.79298535371345,230.50458596972345,1011.522881546939,15.948977343030641,8.02984669223274,946.0718602602844,1.0030257128015398,20.2969095451825,1,14.026492865528226,1
2025-06-18 10:24:56,HM-D420,33.368010260279135,39.121150128430344,5.009825730238766,0.017604735906942007,5.1167421109098195,299.38116974227864,1016.0876656958384,14.75441386574585,7.514261168687502,1016.7069619965441,1.0047480435434497,26.564452720847097,2,13.019490342228899,1
2025-06-18 10:24:57,HM-D420,33.50710500445481,26.739516026641365,5.1968678536978254,0.01407165961852724,2.634813970192389,258.26294867510137,1014.3161856680971,12.215790407485771,6.583959451394134,943.4684792189149,0.953521599028134,19.800585198619906,1,14.77788392241464,0
2025-06-18 10:24:58,HM-C315,36.67385032740159,31.557036733674313,1.6477664269411325,0.024591285918857918,4.962309380224296,213.94803040779686,1011.632718402326,14.092172434161677,5.83650369136306,790.158291236949,0.9275979350628798,22.868630228104198,1,15.668282775198119,0
2025-06-18 10:24:59,HM-C315,36.011736306400635,35.840235845901354,6.361771628010992,0.02744878961324396,2.004497200342453,254.13569386809365,1012.6334221452561,12.892023996092604,7.647811491553911,1045.9706584697644,1.0239383774951278,24.52549711184952,2,12.667438177452185,1
2025-06-18 10:25:00,HM-C315,36.542015204445185,23.26341679393293,3.367535371455097,0.009405310436756725,3.0653033640384573,255.599983577358,1012.1454325240192,18.83565298260531,7.919198518987612,959.104459346451,1.0083628626000691,25.038795783533207,1,12.9005266908004,0
2025-06-18 10:25:01,HM-B210,38.62790365163078,43.701322168564595,3.751874634628299,0.017497175870568874,6.1010313773263025,253.7438670248767,1012.2528217589677,16.683606213573444,6.792101730651208,766.1983455503491,0.9029718381378251,18.124449882366644,0,13.65680254905387,1
2025-06-18 10:25:02,HM-B210,37.789339747193395,31.444445927234725,4.208191543243975,0.041518102112849724,4.516380049524076,181.00372145160378,1014.3006656030344,13.044177699220125,7.259735838819684,1063.646893576272,0.9950581576220852,20.982480917942908,1,12.348369754081839,0
2025-06-18 10:25:03,HM-C315,37.76407307614539,30.30956240620786,1.9119746413617724,0.07979246639571881,4.627003197211681,233.557496718319,1012.5025640806837,16.002938248033193,5.942771532569027,1067.917664560277,1.0890495406318432,28.405671237655394,2,14.716025348828584,1
2025-06-18 10:25:04,HM-C315,40.61548666373849,33.96328861871606,4.126165238204977,0.060152960551712265,5.164561522215857,208.5144765630415,1015.8741446393074,12.683010490382209,6.567917424821356,863.6871124073895,1.0299871797103626,21.937842893842,0,10.652474607114758,1
2025-06-18 10:25:05,HM-C315,33.5277711145673,35.68686419399112,4.0217238323949065,0.04321039527206835,5.457756253435181,208.94930628911038,1010.3499635640259,11.364034017667716,7.509381563480477,836.5593957643505,0.9552299836321275,26.12162048601958,1,13.017387057643884,0
2025-06-18 10:25:06,HM-D420,37.25984708537225,31.217635510238313,4.433249796600991,0.06256683734656236,4.175007036555708,254.9925691826048,1012.9554793635635,13.603196287456116,7.116231807269767,1041.424200969584,1.008342005642497,30.231937673947943,0,10.718604128132311,1
2025-06-18 10:25:07,HM-B210,35.552368630131866,39.90206832994463,2.448230724139431,0.06310926888065337,4.851500858186205,233.1747934511933,1011.0027606102914,14.698713549251384,7.351306159092961,1041.5576702964502,0.9897106114859373,21.729780505802125,2,12.441745035031989,1
2025-06-18 10:25:08,HM-D420,40.58858946459838,36.998532697206116,6.391563325341958,0.03390040114530569,4.416585433580522,239.0878425619018,1013.4912092783774,15.765228699677735,8.111213935541016,988.5591925926927,1.0823179865541641,25.32467651939223,0,11.395660068957408,1
2025-06-18 10:25:09,HM-D420,31.47662098544164,30.813790531973222,5.5970848672933595,0.04515791677855438,2.6616181556883958,223.15186713368902,1013.6711300123085,16.739733653714364,6.206234179423429,914.3671876089011,0.943723690416867,25.814852969998125,1,12.416286231906673,0
2025-06-18 10:25:10,HM-C315,31.586296035717496,32.38797441538814,3.703939706961446,0.05955795791432962,4.07459221437002,291.37935834339,1014.3485378419211,14.28421723489139,7.364636736300206,886.6545759961016,1.0649758054256282,16.56595121449934,1,9.98588006637669,0
2025-06-18 10:25:11,HM-C315,37.761590740870126,27.4161515180484,4.127680381569275,0.06228945061095878,4.995656826021552,251.1964329130873,1011.1594963039332,16.34743587722256,6.655813127958041,998.0032000148506,0.9403174908922323,23.60753073890115,2,13.398388800583051,1
2025-06-18 10:25:12,HM-A104,39.815741398310365,28.733295522325818,6.257222493159649,0.06248145221225122,4.038020954452933,204.30421022747214,1013.647082553385,11.804884840972228,7.059921894070048,898.7256104247638,1.0166921960768442,28.01312944871486,0,11.92280943351869,1
2025-06-18 10:25:13,HM-A104,38.93313580329262,36.93799164106181,4.613787453319671,0.01945978525791777,4.048910997393004,269.32144649264967,1011.6897977155038,17.9323269419714,7.432261838142214,899.190668990503,1.0322554444354919,15.688067831584885,0,14.093660462295823,0
2025-06-18 10:25:14,HM-D420,34.99754801670573,30.865677219650856,3.1391962561943947,0.06350103146521147,5.438638585484744,239.72431788048854,1013.1436964091155,11.874659110530951,6.187666561184641,1012.7077220933827,1.0576923114653414,21.544134486179896,2,12.41813136758633,1
2025-06-18 10:25:15,HM-B210,40.76605430500395,44.02142226524546,4.874612194872687,0.07716153819069921,4.693342666525135,285.80977184068274,1012.3370933916916,14.012273678215823,6.6777244639499775,1028.597535789538,1.0384171140821776,22.458199770042594,2,13.761510334040779,1
2025-06-18 10:25:16,HM-C315,33.92132812851448,35.354616001545715,3.3682354523126548,0.06986855499717894,4.922250182876814,249.75660489338915,1011.1031851607281,13.59117814525317,6.868903682334697,1070.067702835334,0.9237855871442636,21.602411296979458,2,11.802022397940013,1
2025-06-18 10:25:17,HM-C315,40.26871047385836,28.235882874480023,3.938190238816291,0.018289559003960867,2.5503318954580845,229.12293277256362,1014.0834360917377,12.125495385503136,7.51752600215988,804.4437575105512,1.0000577684601244,21.19634391495296,2,13.701140983649129,1
2025-06-18 10:25:18,HM-D420,34.25192937410464,29.283263569662186,4.924063851466116,0.013260473872728249,5.037984012810629,233.73860601992274,1012.6121435486862,15.662219907920049,8.08079891585211,910.0939124594063,1.0255606526986552,17.556711967301805,1,15.663396149154163,0
2025-06-18 10:25:19,HM-A104,36.12043956915694,40.26484847340714,6.582817197358489,0.04930451365387183,3.1698693414873427,237.92851459966624,1014.2863993017648,18.414170215658654,5.862767290822093,922.6607458504772,1.0543160094429886,23.541508086562548,1,11.354591102530055,1
2025-06-18 10:25:20,HM-B210,38.5981738446423,34.61743198695463,8.034987116345125,0.06949667940432819,4.470574659111944,264.69268679087736,1014.3935220872916,11.372115163166622,6.66595737779581,948.5559187024695,0.9434730455511797,19.017592418265234,2,13.716407724280279,1
2025-06-18 10:25:21,HM-A104,33.33448042275959,39.959974132788176,7.043923432073457,0.04452335969033748,3.2241560166628442,226.4469805037649,1014.9669944622739,10.415610703578043,7.082696429139418,848.2504855538186,0.9530444541768036,19.118384693204362,2,10.633972894733997,1
2025-06-18 10:25:22,HM-A104,40.672558493851916,33.16756009960967,4.892215641796404,0.03530044335689322,5.61951053693914,287.31041978046085,1012.2397960234655,13.250463570993633,7.0796125465597095,995.3765945479818,0.9268235585632765,14.451305935283772,0,12.294079085695097,1
2025-06-18 10:25:23,HM-A104,36.10514042149671,32.19883953748245,8.386024701788266,0.038196220001509684,6.695529500534736,261.05709089894475,1011.6066323953797,14.529587223092898,7.5325113998551965,1101.1464319348831,0.9999822317612482,16.3032405197798,1,9.728605782116976,1
2025-06-18 10:25:24,HM-A104,37.34319033919572,40.59723685517193,5.837404016552433,0.060409843998831654,4.322909802723367,256.7320636117883,1014.800998161215,16.53342256486526,6.207692656050533,854.6131060585458,1.013524216400173,27.911841785088182,0,13.495786579672972,1
2025-06-18 10:25:25,HM-C315,39.90550197260188,30.707113114857037,3.5304671910294014,0.03356784840574831,4.311732509568987,252.19137452458696,1013.1542288616756,14.040095294403246,7.037780285798522,965.0807330424631,1.0177264644190178,22.310492691964843,0,11.613359950196198,0
2025-06-18 10:25:26,HM-C315,35.017186637082126,37.44527066685181,5.141824778484286,0.049619093134665844,5.736899598836187,249.3969507551781,1015.0232937967054,11.31336399650304,6.870344371981821,1050.3964944310055,0.9867067673062996,24.958334038451163,1,13.620892719069978,0
2025-06-18 10:25:27,HM-A104,39.65203421563847,33.94108194799316,4.014625029686186,0.037392737973707776,5.186264440065763,211.91426814745762,1011.2258177461855,17.566219434624095,7.777451515317923,930.9870164437913,0.9943450203469814,18.45014273690526,2,12.956917856072149,1
2025-06-18 10:25:28,HM-B210,41.101333927230925,39.393617066878875,3.128141110508173,0.022233240286590898,4.4144607118230565,258.77600186696634,1014.0330149075105,13.170602788056033,7.259272321213958,891.3380973100934,0.9947348740630093,14.222747035016557,1,12.138811113990759,1
2025-06-18 10:25:29,HM-D420,35.36105250667605,44.092419937679,3.238664333812685,0.020666177686386164,4.941851862929619,307.77204730378185,1013.0646579863425,16.26114301571958,6.844560192831821,964.257832322682,0.9883701294795385,19.372586627936396,0,13.666350608674676,0
2025-06-18 10:25:30,HM-B210,40.42346918149074,33.03911158399495,4.779148732738336,0.05050618628379927,6.935776157660003,270.75464230420266,1012.937816973782,12.723603639086441,8.17435558722387,1008.7018740124673,0.9082418916152883,14.342459990580956,1,14.093159768606593,1
2025-06-18 10:25:31,HM-B210,32.598553514395995,32.26428930601772,6.1313089859201115,0.005,3.6937555145698795,263.1536763577881,1012.5175712786344,14.633247417374157,6.776091903926145,848.923064740782,0.9521704849880424,19.198178705543647,2,11.87141087174466,1
2025-06-18 10:25:32,HM-B210,37.97400098698642,38.32904194518678,6.602304883693852,0.049585254676561136,3.796936808594496,203.95101211173957,1011.3341609248309,15.711533102240267,6.560718073771024,1032.903591935953,1.026883447398089,26.602288005162006,1,14.150564201759972,1
2025-06-18 10:25:33,HM-A104,33.92850371074048,29.58998202398466,3.132923124962929,0.036587600845916175,5.453589933023027,282.5840433023797,1013.9956934480059,13.287768325180839,7.671235292627864,933.0001144314766,0.9777730887406593,21.605162182384554,2,12.160107330034306,1
2025-06-18 10:25:34,HM-C315,39.356421371340474,43.08232728925017,4.54511197636837,0.05892166259832421,7.034921261434618,274.07506373974064,1012.4119117684028,15.849732548887573,6.819590692264708,896.6265755030428,0.9749582935497296,27.795980535077888,2,8.388187108242793,1
2025-06-18 10:25:35,HM-B210,39.151140121055505,42.230112750282366,5.729886019602585,0.05202928396040287,4.7126591446660875,285.02283312594477,1013.3171952835853,14.282880796938587,7.252584738888076,827.3363317525977,1.0633150604734452,24.280812439345702,0,12.82385957942552,0
2025-06-18 10:25:36,HM-A104,42.19344998897811,30.004401804197848,5.227787893627415,0.040892418516012975,2.448526530037095,222.8842984187278,1015.8986267186136,14.08672900689827,8.585616859100341,897.756666958201,1.0537662361879647,26.26531844784085,0,11.52817110898517,1
2025-06-18 10:25:37,HM-B210,40.55320745738125,27.08437590296547,6.041819550570343,0.018652707834814458,4.968458476916803,238.00397492628318,1012.1947055811419,18.017157694484265,6.808228333737065,901.4486392902962,0.9634790957668139,21.02659032596117,2,11.925170832557948,1
2025-06-18 10:25:38,HM-B210,36.58557200599636,29.19711423571891,4.3479594428287145,0.019735286088313906,3.8700617481875605,205.42691783218245,1012.5534362806701,15.710036341789277,6.427137629228888,854.3985891089831,1.0745558211927937,16.432622520428247,2,9.473285862610663,1
2025-06-18 10:25:39,HM-A104,34.2956312817529,29.27315180020441,6.909372852657744,0.027100698942910322,5.07139425588711,202.89822723626597,1012.7555862284393,15.977326731641941,7.027965284310046,987.8919115338409,0.9902186786895579,17.936886199212285,0,12.948570630528101,1
2025-06-18 10:25:40,HM-C315,38.41421769917348,39.008802821774886,4.993636967286442,0.05737188491776031,2.868809794570161,232.69245199491777,1012.4085561649465,16.473014174466233,6.95410969276826,961.7647286642124,1.0399963669451993,26.901473246755806,2,11.465663987108266,1
2025-06-18 10:25:41,HM-C315,36.84817147403627,42.74585157889702,6.13658620358181,0.07537410246310086,2.729052260476778,264.0329612295081,1012.4550838319468,16.151735510482105,7.813249812098017,1028.4619220496638,0.9982715394303617,22.714623320732052,1,11.715465483323174,1
2025-06-18 10:25:42,HM-D420,40.87788761148926,38.95063106309412,4.428839428089346,0.046597823277693504,4.143755301710835,237.50742092405625,1014.0465621719558,15.713448560877184,6.105576736550476,1007.18473488442,0.9680092923454934,16.501547097264687,2,14.085628359152077,1
2025-06-18 10:25:43,HM-A104,31.584047891460553,33.81903891691771,5.0875864153077615,0.028215621225848964,6.48269986953795,229.92558426203777,1014.9850460890561,17.480942176382786,9.350118124036479,898.7857930385308,1.0400931031283558,24.597771329676917,2,9.339176758542644,1
2025-06-18 10:25:44,HM-D420,42.47014189822157,36.71249233455207,2.6059612228572866,0.030299517193018072,2.8540594931481493,260.1830852812259,1013.1948193126519,13.12537479619967,6.623873990621589,924.8749367898712,0.9548922924869111,15.76725840437497,0,13.057675288632245,1
2025-06-18 10:25:45,HM-D420,38.32997651902951,30.65110983597482,3.7448670949370437,0.031219825335123352,4.115585383405491,152.7353239791086,1014.1097939875617,15.296318927475596,7.620367316929687,890.365258417283,0.9921371587337164,23.84342752432483,0,13.086998500084686,0
2025-06-18 10:25:46,HM-D420,34.967469695699066,40.486040227821164,4.688804467200618,0.06080229028882528,2.7434353041052724,233.72759288169678,1012.7408273156609,14.380540534065485,7.9475340870972015,822.2796742363014,0.9998573200271353,20.965045319311457,0,12.85612306019761,1
2025-06-18 10:25:47,HM-C315,38.83497306854642,37.160144699912664,5.150092314900547,0.03082828064424288,4.847846635928557,260.1489707712946,1012.70302344589,15.282095654118512,7.353256827266633,980.6924909257676,0.9807293156795864,24.757152210536024,1,14.15866817505492,0
2025-06-18 10:25:48,HM-A104,40.24355355322426,38.865988910082315,9.021802326772356,0.039126263467798024,4.765805226252507,237.8971768070233,1012.4001900914534,13.603241104844644,7.695408058749321,963.2646360878057,0.9320147598548836,20.94370969287255,2,13.826329437688132,1
2025-06-18 10:25:49,HM-D420,37.28586722825922,31.36232149070112,4.4271500107606805,0.06689597097400081,2.791305034283879,288.97614038617826,1011.8529819919758,11.754647315211646,7.256512417390122,901.3391073129109,1.0253310030435132,24.90069114864149,2,12.69495111789767,1
2025-06-18 10:25:50,HM-A104,32.58769903963789,34.15701406565677,2.935039651998913,0.028650446170966567,6.045276319751956,230.1611890360194,1014.8545811564882,16.600228996053907,7.70577491712958,1014.4283743584378,1.0460329707477656,15.876233293148942,0,11.372171247256475,1
2025-06-18 10:25:51,HM-A104,36.265382409132236,38.62536569990601,7.5537270791823845,0.051141211440600756,2.193352459798126,232.2353772593333,1012.2471243539254,19.825443052063463,6.859941255549289,922.8269944357752,1.0082100528627647,23.336915133894408,2,11.827363577997792,1
2025-06-18 10:25:52,HM-C315,39.59848763260535,42.21756449761807,6.618256626542648,0.058009099055605765,6.391743490600986,220.41856988969005,1013.9165703092483,17.15246705907154,6.677098994460319,1048.6199906263698,0.9619641370378508,20.22407807880162,2,12.46523925830888,1
2025-06-18 10:25:53,HM-D420,38.241661835568436,31.959501202757075,3.2652316948912055,0.0412688395073264,6.149362648117324,227.26906330768722,1011.7443156393305,16.73446574649401,5.775895904711739,937.6346217210919,1.1083820414799492,23.494095079601447,1,9.000626263870833,1
2025-06-18 10:25:54,HM-D420,36.608732422911565,38.9022595358541,5.697893104818964,0.07908235601582345,4.866956302141195,258.31033608982074,1013.0688147201151,15.510167113588404,7.548182912655307,846.421080657384,0.9884457485754394,20.769566192959797,2,11.749431781092762,1
2025-06-18 10:25:55,HM-A104,40.27078957722859,31.43964101694858,6.252809634994275,0.07330906439664511,5.575333581104503,274.24318839872507,1012.9987919619996,14.690220432881702,6.925437740591245,1071.8026430673199,0.9875902302479247,18.422267064706602,1,14.293453699157284,1
2025-06-18 10:25:56,HM-B210,38.84826460208074,45.585968864133044,5.245737670249574,0.04526194166000415,4.2862683220298194,314.64753607094775,1011.7563793057403,14.808925610319646,7.499214400295738,979.2341690967871,0.8537393681205437,21.58038842302893,2,11.913208920574759,1
2025-06-18 10:25:57,HM-C315,39.04084788984586,32.925876458637354,5.488732880596763,0.02392366283087525,2.6515547748811574,267.32248274759974,1012.4798911382073,14.783795269311227,6.946143405856487,874.2660307412483,0.9379507720033784,26.95046180730689,0,13.710936543009053,0
2025-06-18 10:25:58,HM-C315,35.973413270048,38.21752587026056,4.0516157476113195,0.024868827759226206,4.783782642597632,214.66479040129124,1011.3971387105136,13.704267521594996,8.192482089381436,917.8163393036888,1.058025938479982,19.584966091463293,0,13.808858190981026,0
2025-06-18 10:25:59,HM-C315,35.73154079563476,35.828048076168166,5.755683998333611,0.04425282381695289,2.6148990709825335,287.2495332098063,1013.0251494161315,11.690358591457624,7.06853228916248,883.6371772431614,1.1646454838079705,22.799377537158257,2,14.317264098496334,1
2025-06-18 10:26:00,HM-C315,32.75010069829245,48.02651560680246,4.262968580628207,0.018199389019064212,4.4869438877924175,264.614192346398,1010.3591474270469,15.397675030100844,6.702767999668767,1029.2977746274853,1.0642915669476993,19.306111619058026,0,12.023048017060011,0
2025-06-18 10:26:01,HM-D420,36.35152061015686,36.14950804012282,1.031908781458958,0.04537883925498542,3.0157888930518184,250.8608008041174,1012.9133529359667,14.442705693432686,6.881150461701646,783.4254419065574,0.9479003402572398,14.142227598611948,1,12.120658495940221,0
2025-06-18 10:26:02,HM-D420,39.33848013449532,32.424719885049356,5.2943989580991655,0.07376191087227127,5.670496478314655,282.0192570132466,1013.9764025048795,17.278548892178957,7.601009705092585,972.2636836871001,1.0238045242684621,22.300300872256848,0,12.963691796017088,1
2025-06-18 10:26:03,HM-B210,36.489766757461034,38.197532563065316,2.4860760281785073,0.04124973537563025,4.956202599139193,321.0386217537294,1012.9805586735666,16.478905185230374,9.535471447109702,812.5623066731943,0.9805560125562134,37.565507765116415,1,11.306478476228794,0
2025-06-18 10:26:04,HM-C315,38.11384711632251,38.086204333876864,6.52024124518659,0.03962104455879423,5.31396630486559,244.3302626899307,1011.949692220791,10.936908407358263,8.297143033422845,799.1728971620992,0.9820841881906904,16.651707370400533,2,11.448544384383899,1
2025-06-18 10:26:05,HM-C315,39.777998391633204,34.21265068120529,3.3037697848471503,0.0570638613235374,4.908350891853723,225.01094597439103,1012.0260516457764,18.427534090418895,6.233774440243298,982.8439784591031,0.9349069979457293,25.834174479801217,2,14.001214426065447,1
2025-06-18 10:26:06,HM-A104,37.93208247949658,29.526170678859458,1.3204936866194483,0.05049671118953317,6.75697645233098,289.82289870247786,1014.8122303651971,13.967958355608209,7.389000691314732,853.1599971932117,1.025974263892991,12.515420370699795,0,11.457090918496338,1
2025-06-18 10:26:07,HM-D420,38.176286904402005,32.360005693048215,2.3460632587155303,0.017033784249691125,5.726879735076966,329.689367553691,1013.237299583473,14.277932816657609,6.5728064666496815,1005.7811636128451,0.9365719868498155,21.77907165826304,2,13.26578834619822,1
2025-06-18 10:26:08,HM-C315,33.60544384490611,39.407494740724594,4.937785012567122,0.030895316505047773,6.5443462044182485,254.34654002191294,1014.2668734980472,11.645535989826286,6.8848901375389895,1027.131275935787,0.8849631989110105,16.429083175410067,2,13.096029293562186,1
2025-06-18 10:26:09,HM-B210,36.19358803974506,26.262755268830183,5.2797617183601036,0.07787908647037056,3.4199395900691654,250.92736289953982,1014.4140365470357,15.533001199200623,6.955209235940442,914.2337586439362,0.979532466002519,23.73017119212087,1,12.48556747552683,1
2025-06-18 10:26:10,HM-B210,41.31656626624149,33.75977050307144,2.8810447755344013,0.04650890376552934,3.8488976312116847,255.16352040192487,1012.33140348513,15.822333976690446,7.131051111197287,989.0870478023809,0.8720363850294356,19.7909054820435,1,12.900646046564843,1
2025-06-18 10:26:11,HM-D420,37.25949295274023,39.97431960908391,3.391417617886579,0.019871333856564588,1.5920267386973266,263.4799009856963,1011.4975827140972,18.427890721061104,7.902463960882537,1067.8874074271907,0.9595984282007378,19.6464753839673,2,13.522908218336264,1
2025-06-18 10:26:12,HM-B210,41.741845454991434,34.53251890499976,4.987896668170428,0.0361630843237589,4.02913435023024,207.745835021512,1013.9691169644675,16.701957378312994,6.9906910421737765,873.3297062030791,1.029981098094792,17.46932584875588,0,14.657035194895224,1
2025-06-18 10:26:13,HM-B210,35.192210923402634,45.868550697763716,6.458341636955947,0.005,4.45734129905194,259.17693927632104,1011.7141777207797,13.992606394545906,7.334187837570781,1018.9314957369304,1.056588711120286,13.402269000747708,0,11.089843723602897,1
2025-06-18 10:26:14,HM-D420,37.58486863033635,26.276748798506738,3.184876728893168,0.005,5.021174480283138,258.20368797389335,1012.1143518559779,11.454332238058258,7.193499001994257,887.763230442582,1.031880604242738,20.823059451595427,0,11.036730029701848,0
2025-06-18 10:26:15,HM-C315,36.04330390612033,30.19316065540283,5.568762893776842,0.059645424707432323,3.8628691373067134,256.47787453056924,1013.1554592692456,13.84774043542365,6.6411346270855,950.2732756633512,0.9884619082801891,19.15791173988143,2,12.351389439570132,1
2025-06-18 10:26:16,HM-C315,38.47996171281138,23.42683098873606,2.391964056531283,0.039910566611411874,5.383681344226616,255.01014322682713,1012.6232253717337,17.087879273477007,6.767222925530024,900.1940104162038,0.9727941610048444,20.332579437337216,0,13.030629822232314,0
2025-06-18 10:26:17,HM-B210,39.2375216701503,44.968452833726495,5.4738331050568005,0.05037753767727713,5.299611581089855,252.88832123198588,1009.5289983181651,14.20507490523462,6.712621323535601,903.1526005702519,0.9536719935345046,20.63145778764905,0,12.922631060066747,0
2025-06-18 10:26:18,HM-B210,38.506165239252255,30.275064246241847,6.133688121583915,0.06315769823168348,3.9317134680729486,186.9605365301773,1011.1480988262421,12.812147280892441,7.730575955754384,921.2311552169022,1.0743199009848658,18.638301526031864,2,15.079297344101622,1
2025-06-18 10:26:19,HM-C315,39.60463035937007,25.065393441358335,5.786309916083759,0.04678947715503943,3.349881473698345,228.36867980141477,1014.5131080292834,15.338385005561848,6.902773857872053,902.0675263728664,0.9370633721390882,22.475413823485752,1,11.062031630451399,0
2025-06-18 10:26:20,HM-D420,36.96706752869418,31.940403427872827,6.491596671031545,0.05466204123554867,4.579089383052632,275.67575146726983,1012.8780873694219,14.330889960121626,8.615109239768664,939.4932836259754,1.0062120614471515,21.127038498104877,1,10.022002331913761,1
2025-06-18 10:26:21,HM-B210,36.52367908084081,28.03595445905765,6.391613600793264,0.04514618208273464,4.619186620845887,282.7134670237301,1014.0990634563447,14.087059148186471,6.5738249180615815,1043.490055394527,1.0296757424410639,25.30207138105207,2,13.27069696189097,1
2025-06-18 10:26:22,HM-A104,32.60451748181007,31.976075548472988,7.77039772392518,0.06572796171660927,3.770713497771079,237.31407318499328,1011.7825842194906,13.503369365288972,6.571914865517463,839.8085228595467,0.9007325174318874,31.5171640397626,1,12.834633235112289,1
2025-06-18 10:26:23,HM-D420,38.59612733791141,35.206146254724516,5.16292762858863,0.07546894678803737,4.188949749642283,221.30425983604164,1011.3322938714324,15.218001446324614,6.345920837651855,984.2858185067671,0.8792324555105148,22.91251846531126,0,12.295007764439537,1
2025-06-18 10:26:24,HM-B210,37.430460230600396,39.024605520235504,7.7748370785455645,0.0439914137903618,2.7985689705561025,271.5089643169417,1014.0830860840531,17.051383081615867,7.114345770974437,863.7285427244136,1.029563439416189,26.427668074005958,2,13.711158326217914,1
2025-06-18 10:26:25,HM-B210,36.83021315609367,34.12665529944531,3.5838513648701262,0.04315271930545971,5.3142606647153325,258.18506682532217,1014.9447046205154,16.02841252601718,6.768686046844738,868.6168222774651,0.9272450039309345,22.50174526270538,2,10.049633910225467,1
2025-06-18 10:26:26,HM-A104,36.52295648636414,35.12645349667338,4.691987384417788,0.04640320023459961,5.33367942587129,246.33791402547212,1011.6909559516379,11.145379202398807,6.9181075912585825,801.5836576394217,1.0154773956608119,23.861543599361642,1,9.902500859941085,0
2025-06-18 10:26:27,HM-A104,36.907801096640526,32.09202388464935,4.827495240439899,0.03788949343869342,4.558784644223931,275.8556158031266,1014.5266516625586,18.102194060565317,8.019594340440808,1036.1188920726945,0.9562194947836642,20.696000922926316,2,9.49780036004525,1
2025-06-18 10:26:28,HM-C315,36.409409671255204,27.441508863751704,3.435823311214757,0.031994390419806215,5.418602413053637,214.6382609040781,1011.5353871879076,16.50284589981329,7.066592230197332,930.6946520815486,1.0133805765076809,21.589986609521258,2,11.435714592792051,1
2025-06-18 10:26:29,HM-D420,35.679915403591735,25.767298785170496,1.459011699178821,0.06096672188561477,4.657387817134385,284.82878844214696,1010.5445627176891,15.607747922139442,6.899900390233893,878.0783453332272,1.02015904274171,18.819366192079485,0,14.332558409711389,1
2025-06-18 10:26:30,HM-D420,37.59897220181042,33.1775710983182,6.303947542717476,0.03202140610000647,6.4395192842269235,204.9390577081033,1013.8787699456732,15.848936021359897,7.428654107479068,960.3815275370115,1.0502484528793192,27.670690881463464,2,10.275266305032304,1
2025-06-18 10:26:31,HM-C315,38.210397797332384,35.423198892716066,3.6050987691460126,0.030867904448784626,2.9443100350915534,225.24306445565364,1011.5675847803657,16.169205010785618,7.349542253967553,922.0817401949353,1.0221524724674904,25.871803546349476,2,12.558097254622014,1
2025-06-18 10:26:32,HM-D420,35.07358021403455,32.80692739386875,4.3987564890755815,0.057967405083812415,4.742148517902228,218.7731155683386,1011.1846918964704,15.778368078828116,7.803160609846979,1038.1069629288438,1.0112258117624713,23.020574395657885,2,12.957403553527065,1
2025-06-18 10:26:33,HM-D420,35.998161077031526,25.953365035693288,7.376877897156042,0.05950219181034748,5.584018498388788,232.52630365999224,1011.217216399471,13.077390997712204,7.86915576895612,868.573393779233,1.0869752881361716,17.898952617984794,2,14.820609847187535,1
2025-06-18 10:26:34,HM-D420,36.488445621837826,36.00700046634086,5.858127613209217,0.08666943071793848,6.290520030995205,259.18238909592543,1012.4782513097922,16.015059594093056,7.562206464949051,938.6899209897911,0.951144460975821,21.29403543312547,1,11.206929854673767,1
2025-06-18 10:26:35,HM-D420,37.01203326844196,43.14652441452157,7.610317182102541,0.0643932770188484,5.451090111296156,270.35271643408885,1010.4490581980384,15.325973642024138,7.9501418118967955,1018.0350330275945,1.0026186243284583,25.86981715374863,2,11.14687133894061,1
2025-06-18 10:26:36,HM-D420,36.67953632603558,34.42676743244426,5.180796551144409,0.05654055201661612,3.2544235131148924,247.55367638815713,1013.8912926181938,15.835870701167691,6.6566699491548045,864.7656597543518,1.0455217588162604,31.783753521557756,0,14.052560083316754,0
2025-06-18 10:26:37,HM-A104,38.649302999140986,32.10234711211959,5.833239090946563,0.05942688457472778,2.5139415178865723,211.67163945888527,1013.7223003092715,13.728403929039217,7.104437547952139,913.0983623685446,0.8670098919795926,22.30877335298255,1,10.891572998363708,0
2025-06-18 10:26:38,HM-D420,32.86908246074048,34.697529798782405,4.638992663749625,0.037042327879526986,4.296147529178186,189.98527412274325,1013.7209903960078,17.183382402833235,7.298650816661105,847.7915380393459,1.0762460909405795,26.90176969578376,2,14.314198430405444,1
2025-06-18 10:26:39,HM-A104,33.312407004149705,29.478100777184405,3.7269555518352173,0.05124430073796786,4.934061972003276,275.3911644169836,1014.8115419945881,13.878311265769572,7.270099860644609,880.5313621372226,0.9916898768027451,22.693548857927006,1,13.035354798741242,0
2025-06-18 10:26:40,HM-D420,37.48392349813395,29.155504353519255,5.827689431202968,0.05219283865000874,5.6336820640139535,271.67754433099617,1014.4562294111257,14.903536402663313,9.664198519256555,825.6596236605748,1.0214489723027003,27.10313243928675,2,9.851625495141713,1
2025-06-18 10:26:41,HM-C315,35.49328538043053,37.257070440473186,4.346148185254265,0.029158559469207937,3.1854360539335724,282.1262131757279,1011.6385318553153,13.984338839050539,8.078219770112707,865.148991007481,0.9753406482049035,13.637993190891358,2,13.479784469740967,1
2025-06-18 10:26:42,HM-B210,39.210605764434526,39.95160764516166,5.966782949365586,0.03902111194113495,5.232885670817491,246.0265243843044,1014.0111968452361,13.004865198987915,8.048336555083054,845.2298021157412,1.0220108432346822,18.556009725548666,1,13.17753925565161,0
2025-06-18 10:26:43,HM-A104,39.92450238147138,34.2645082390279,4.144296473017672,0.05904784812730943,1.2868460832471,270.0446535943122,1014.6668433720088,16.431327326507695,6.9701059558225085,896.5700392969852,1.0132707210039111,23.253388509973604,1,12.13687971936693,0
2025-06-18 10:26:44,HM-D420,37.58436794105727,25.131174761921166,4.7369251209717245,0.039629814409715296,3.6126074963733767,230.81362718958445,1014.2212553979559,13.998005586349766,7.146646777915399,1027.7672450315677,0.9437886292615109,17.13293351715407,1,11.56089920220126,0
2025-06-18 10:26:45,HM-C315,34.320062709314556,36.76674463267875,4.8570762420491365,0.05223143100599515,5.532332909550405,264.4177831717845,1014.333611586005,15.29261002998622,7.81223593915062,972.3973709700011,0.9780085857556148,23.697819951230834,1,14.923257880650521,0
2025-06-18 10:26:46,HM-B210,39.636483790567645,45.33691085168724,6.615447537568489,0.05793594965210601,3.070547250335376,235.60966176510757,1012.7741166578926,12.220370300286254,8.402362299193523,1053.7709802569184,1.0251427037593939,22.157920445229667,0,8.826962955395029,1
2025-06-18 10:26:47,HM-A104,37.49725665537582,33.78050918275858,4.3634770381613945,0.057002867983164146,3.1757002673937507,225.57242631758294,1012.0277556990667,11.364273872506613,6.516756481013127,919.016047215865,1.073533408475234,15.577805916511553,1,10.230955326043315,0
2025-06-18 10:26:48,HM-B210,33.282660068682205,34.11077112298288,6.7804851793889265,0.07461300603363963,3.869492372216639,256.9599167771196,1012.6481554442255,18.46084164672452,6.821778583582582,878.2362291429414,0.9812014777385942,14.831918047339052,0,11.707205896325876,1
2025-06-18 10:26:49,HM-C315,33.50370087983704,30.636832349430307,3.6427223893990988,0.02837436995747189,4.712390653106677,255.39310580800867,1011.9522190493796,18.1728873611426,7.041134452200128,939.8201538794979,0.935443451820354,23.33189555052118,2,13.225284025057073,1
2025-06-18 10:26:50,HM-A104,40.792366974271616,37.40676998946705,5.40478638750441,0.0728503721297287,3.1616940890992424,277.3483438900832,1014.5050474408758,13.791190642447265,7.407677942457268,901.3980234318732,1.0176588582044532,17.411693412207672,2,12.49629680005112,1
2025-06-18 10:26:51,HM-B210,40.37783978315307,31.645082677526936,3.9685990586168165,0.04948552572205583,4.4612595632358545,211.46304298086832,1013.2799997108897,15.91112653087,7.8181889711590316,982.8538933900477,0.9849520941664107,20.17110034774989,1,11.440176814293178,1
2025-06-18 10:26:52,HM-D420,30.707142144759388,40.10750948834297,6.6736187333595645,0.05668096096950198,3.981385788605204,277.8134517551741,1014.2355925711435,14.108229033947861,7.773389402603966,829.6386331489977,1.0401271775271945,24.523781658986252,2,13.294918844709116,1
2025-06-18 10:26:53,HM-A104,33.60552276185531,31.712097267574222,3.7720047566967194,0.05393903439643931,5.889518399522063,253.89676510879264,1010.8268340169246,16.334991776344584,7.56327016669099,944.2122881401177,0.9627114295791662,21.672447840249593,0,9.893677399352555,0
2025-06-18 10:26:54,HM-B210,39.85213873905414,36.70895734059482,3.9249008842667488,0.05292707370320397,3.919463091396537,282.03877680208024,1012.3302970790858,12.836464636390003,6.591889628718423,1070.3004350494211,0.9319581677222859,20.308054835620634,0,13.045229507384565,0
2025-06-18 10:26:55,HM-C315,36.95376852901738,34.7682787697022,3.11554634975714,0.0272525796405767,4.534007381864258,281.72905959974804,1011.4621369585213,12.645089146689998,7.063096056161889,876.3069619556284,1.0784670285268356,15.93272635565113,1,12.049992551038613,0
2025-06-18 10:26:56,HM-C315,38.754623213730234,42.775558096546504,5.154560921729032,0.05594571318320837,4.699604540208413,176.9938218064023,1010.5614235961054,15.043281407391387,6.130150674283589,914.7112278457406,0.9763310918875685,27.9992522423804,1,13.506574501353747,0
2025-06-18 10:26:57,HM-A104,36.845118134754756,37.047396930990246,5.886573057274025,0.011223371632643895,3.996315250371267,281.45899451227416,1013.4498566886355,15.764614683969242,7.98298906215172,811.8248717540175,0.9547164520759647,25.221295321137596,1,13.24042523837258,0
2025-06-18 10:26:58,HM-B210,38.63623122517801,41.9350365956246,5.7246937755361955,0.08190532112875196,5.423641577194968,282.7920777975039,1011.403231450378,13.603559235906847,7.227194077062011,1038.7513984719285,0.9658024118340379,19.422871415637893,0,13.642711726340245,1
2025-06-18 10:26:59,HM-A104,37.014583866663585,35.54311750388583,4.783643060094418,0.04763639099889176,5.673136292739029,212.25057895059584,1012.4404917349217,12.39096047981733,6.268678037310168,942.1425901267808,1.070516777512947,18.38760737134746,1,11.583964106712603,0
2025-06-18 10:27:00,HM-A104,35.90597935810759,34.14629849742859,4.009188302694023,0.06319941333282962,3.9132413281703196,203.1436169163292,1011.5427502347919,17.516813235185513,9.082594438885629,908.3952230086248,1.1146636145635855,19.75246056988897,0,11.394862465423158,1
2025-06-18 10:27:01,HM-B210,39.64685957478702,34.80904615232387,4.581980123438155,0.05363634716594348,4.851744366833083,273.24171834926784,1012.3887951859206,14.071319255342006,5.161832511595853,953.7938080956678,0.960516323874007,18.083319390485002,0,12.791667828512182,0
2025-06-18 10:27:02,HM-B210,37.505136540064115,31.142953993114038,4.639205715597195,0.040731700179326855,3.3869652709767983,253.40833713174843,1013.883259244663,14.091686346006451,7.1498318066036814,944.317988000612,0.9902612940233484,20.81326959711688,2,10.313277257437008,1
2025-06-18 10:27:03,HM-D420,38.63097179060892,37.65834391851936,5.378915641133,0.029185008701235943,5.176562039401462,230.72743142857843,1011.5649412865059,17.46525894040588,8.251570847197954,893.9360618888777,1.016090736853953,26.464798696717395,2,15.822899378149609,1
2025-06-18 10:27:04,HM-B210,37.393619812401916,31.548208295982565,5.275779215709837,0.02539325531976224,4.7793876745560935,293.1634896922975,1012.3194302152356,19.483151078485832,6.81183315483818,837.6320895137815,0.9068437746181741,26.04647038212287,1,14.911689189864198,0
2025-06-18 10:27:05,HM-C315,35.784107766125466,35.56231520758925,7.609578611876523,0.055587330287556205,4.063271227983133,259.07621452164,1013.7925985237841,15.655151324264928,7.332367025098911,962.3128687857612,0.9744597328943447,26.033085264386486,1,10.165407725331129,1
2025-06-18 10:27:06,HM-A104,41.02097327839298,39.27600983231956,5.059454097622225,0.05453984230097593,4.8959188846200865,187.42237876396558,1014.0224462393636,16.7592065061265,7.582973862493354,951.1864803878742,1.0945034574058505,16.809970893517033,1,12.842159217432993,1
2025-06-18 10:27:07,HM-A104,37.88742063689416,42.91774454888469,5.541201452697815,0.05116896967745923,5.211426798124413,219.472426566124,1012.4090430224729,12.723650751697463,5.370154431114413,918.9812568987053,0.9837349731626545,17.857035779694392,1,14.273347539833878,0
2025-06-18 10:27:08,HM-C315,36.11237838906962,35.81430041932495,5.1071837096078925,0.03764467600307453,5.976465375722437,281.2701320470792,1013.4429505261023,16.461707655133807,6.32814405266855,925.5557337896561,1.0631885800970777,25.849615091942443,0,11.91125355023583,0
2025-06-18 10:27:09,HM-B210,40.19582367579679,39.306035280330164,4.509899660052006,0.048264718302111424,4.976978611074821,251.07399753368915,1014.2261028079735,16.708842108352304,7.151662894516751,1036.4499322490763,0.9966121936886241,23.803259924096594,1,11.37509539612612,1
2025-06-18 10:27:10,HM-C315,33.69794056530261,38.709438751904074,5.5311117515209185,0.031542932033185624,5.566092438820491,228.40799401023583,1011.414841298288,13.085203378172325,7.1343909472097,973.2566983577733,0.8936059704250204,20.261633161598546,2,14.270976535225426,1
2025-06-18 10:27:11,HM-C315,42.590709126989964,33.088114545895124,4.369009109077373,0.026383546452560847,6.785826434714136,263.5745566678589,1011.9294598067622,13.930628985290488,6.122880247874701,843.9219420578115,1.04960259398024,24.84607894701445,1,14.52936569823771,1
2025-06-18 10:27:12,HM-D420,36.552125605841425,45.53901727212089,4.912674123068974,0.03445350468716141,3.2592411120340192,231.76894244097298,1012.4392283072627,17.446418456442256,7.184052711928466,1053.1496705686438,0.9825856885559747,24.019139281667968,0,10.081923447977658,0
2025-06-18 10:27:13,HM-C315,33.82996448154156,32.118788985605285,6.738902807716555,0.035333393454885745,5.905586955869422,212.58705900008945,1013.6702409355497,14.44768423558563,7.628224304635532,1004.4598674197559,1.071588619451795,15.869391193974705,2,12.676081838979638,1
2025-06-18 10:27:14,HM-A104,41.764853371143914,35.454973130747824,4.271960857561282,0.06928405262364956,3.4450216748762985,280.5013366751801,1013.2802919345007,17.84797927753519,8.23194858645656,998.7391529727893,1.0101056389379992,12.968018880548863,2,12.318913330059628,1
2025-06-18 10:27:15,HM-C315,35.84208096731802,42.27059876699214,5.581015903629601,0.012699399041923756,3.643859389423189,285.02593645544437,1013.0969166160849,15.038732022792235,7.366618490924407,886.5404276689866,1.0003177253735074,21.948033393536466,1,9.862288903919232,0
2025-06-18 10:27:16,HM-A104,37.60811142463907,42.147291213994116,1.2779763462706044,0.03933938182026523,4.485840392908014,264.4340515950642,1011.4579662071147,14.941624849246413,6.473061149018196,1018.3047197562311,1.0235524090975607,13.362356010179951,2,10.090123143049965,1
2025-06-18 10:27:17,HM-A104,38.79422685359866,35.07160199017831,4.721984134014677,0.052646927654842066,3.7247630006126347,203.96191501447345,1014.3063453708755,16.952591553051747,7.657630757648244,964.4426520649281,1.0189956516942855,26.382335236836177,2,11.118674485176307,1
2025-06-18 10:27:18,HM-A104,39.960431319150366,39.95208373920314,4.261821905462725,0.07971069015668761,3.524121552455904,305.50526916834144,1012.2516086746126,19.105308672835452,7.751275882026254,857.0692243353168,0.9132905046941668,24.042058373315125,1,12.523631366182764,1
2025-06-18 10:27:19,HM-B210,37.74943640930391,33.880138317782226,5.1803906514534654,0.027851315478429103,4.427514314906668,304.4811359908897,1012.6001753674926,16.31950789606291,7.0692005407070475,973.0249707268983,1.0530430778558089,20.528343274121458,1,14.437318156150754,0
2025-06-18 10:27:20,HM-D420,35.38171147917491,32.556605548504706,4.645644835502081,0.017681645855075208,4.1001012212147065,288.19137952953207,1013.2929601097775,15.34960300545901,6.898937300995662,1026.1496787885235,0.9983513610097136,17.070285639207547,0,8.327636499607827,0
2025-06-18 10:27:21,HM-A104,37.54748130833498,28.9360546344078,5.212276662611571,0.05445997316076849,3.70163673308465,259.1125693044217,1015.9594867762675,17.533008028619243,6.833441411323683,995.4533698005574,1.0013565988873403,18.253025348481888,2,12.677971111110274,1
2025-06-18 10:27:22,HM-A104,35.951711136670696,38.6194068273964,4.432000570958073,0.043297160209452616,3.3568607407018423,252.73223151604682,1012.0383248766365,17.67146001877009,7.701484349083754,806.0055912504746,1.0209077531725872,9.890792390100135,1,11.071270779663143,0
2025-06-18 10:27:23,HM-B210,37.62252919091131,39.14610465634228,5.579502048673768,0.03558403833733443,6.210179150970539,263.11856468724534,1011.9634740827868,16.069265815090457,7.0867461609939335,981.9618758872633,1.045205766805947,27.577281403314448,2,13.296857985507904,1
2025-06-18 10:27:24,HM-A104,41.070373864392145,32.16055352222169,2.4280369977696656,0.048752557875962624,3.059759646602929,215.7521107936881,1012.438154846944,15.756758517490502,7.4671662062917195,920.8958386367492,1.052754762535837,22.775797374601574,1,14.027231230359128,1
2025-06-18 10:27:25,HM-C315,38.889812979109486,36.34050016992617,5.167118444120644,0.05723688414119997,4.298784520271273,233.6504123011765,1014.741428153726,16.40252112672184,6.603415461372203,799.2003587207207,1.0332924068860507,21.278957143471906,0,14.072061608393355,0
2025-06-18 10:27:26,HM-C315,37.516616095245844,48.25494213935967,3.5943811252751376,0.05474079939277533,5.841507218012059,232.4123469169401,1013.2238713385049,12.13981976806933,7.2586863817601035,1001.9464819082765,0.9126981862824111,29.340346906081614,1,12.353642968899047,0
2025-06-18 10:27:27,HM-D420,38.84622708151585,40.73341150058682,6.7517998149111005,0.04603453328441252,5.4714567594906764,268.2150690458517,1013.5638367564231,12.906058729399735,6.318837327148484,1004.641529854646,0.9964520799854664,18.2074026970483,1,11.996294279893185,1
2025-06-18 10:27:28,HM-A104,39.025201629772965,30.492580287105692,3.570179021180057,0.06633610944568392,4.780457936753655,257.4119816337231,1014.2102877464096,15.481551121989938,6.732493090824224,947.4994026467073,0.9531988382671975,21.192908697522665,0,14.499345937099301,1
2025-06-18 10:27:29,HM-B210,34.30531474257819,40.00781139881694,6.492831026030068,0.04394790470528555,3.751629671866351,221.25138390966418,1014.691207136014,13.459428637044034,7.237373569649926,868.4191556160637,1.0089616483202009,19.218751956044464,1,12.003278644150939,1
2025-06-18 10:27:30,HM-C315,37.104306778039245,30.515691093746597,4.982701038207902,0.04086241769941298,4.477495120529095,202.22201819067794,1011.9953378364972,15.072714102956574,6.605365240261544,1061.4962332173984,0.9900654170209666,30.32305882160109,0,12.584073721406057,0
2025-06-18 10:27:31,HM-B210,43.40631914833129,20.523908440726576,2.2568557652670593,0.054277834041862566,3.1511155612236603,260.66865564581343,1013.7841896999311,15.407045610843463,6.882627357702429,993.8113293470097,1.1018001746256165,20.843455841830444,2,11.806736363832604,1
2025-06-18 10:27:32,HM-B210,40.032052462579664,34.89793928366936,3.6855989762283143,0.014789407541121364,4.157838461598674,218.10355453704395,1014.7290097741887,13.036078832221053,7.807461752305572,998.3318405865875,0.9318387501324521,22.74043846734136,2,13.002741028555729,1
2025-06-18 10:27:33,HM-C315,35.741411102097004,42.81600729796492,6.271701536193978,0.05231510579290233,4.139678627007235,212.3430338962674,1013.3087981503825,16.192688001587484,6.9621571247164855,1023.7206110884927,1.0005057024243664,28.48326522979557,2,10.449946630038852,1
2025-06-18 10:27:34,HM-B210,35.49198025970595,41.9872398021847,6.186513237274383,0.033935621364508825,4.255556300793115,312.8942861663671,1011.7716256614099,11.193817920213842,6.908382506580817,1046.993906650637,1.0056569526904606,26.337192935833524,1,12.059687081182732,1
2025-06-18 10:27:35,HM-C315,35.40868569206099,36.88617584546327,3.050973840904377,0.013400292181239705,3.554388158403097,319.2905096819269,1011.4778852116161,14.356635262967044,6.48913043491039,975.8296014442587,0.9766788319942812,15.498991666824116,0,12.638321772424177,0
2025-06-18 10:27:36,HM-B210,39.16579987565514,32.29135293375053,7.3442835884638775,0.04850368959923232,2.4649426851067315,236.52874175442594,1013.677668634932,11.934429963267531,6.7829345211564185,858.927878503898,0.9988484931551581,20.740138526277068,1,14.05082659936445,1
2025-06-18 10:27:37,HM-C315,41.01910230279054,37.43224841956323,4.963153689485174,0.03083454985412419,6.002223905738931,195.2974171733251,1011.270562509167,14.35553395185214,7.194914690429335,895.118549929731,1.1070783498349939,21.71921173059925,1,12.242309788917039,1
2025-06-18 10:27:38,HM-A104,38.45541761120015,33.65419914844545,6.327268481301442,0.0077103142274010175,5.735723516825062,286.32574328392116,1011.7803839930418,16.91249108192048,7.706401537242775,908.435393347079,1.0181237850432385,22.641852715174775,1,8.819071682677428,1
2025-06-18 10:27:39,HM-D420,37.392905874672046,32.43172154015345,3.1822379756852746,0.022577201018345063,5.549585166221479,260.083048075326,1012.2652309942503,13.516219559441515,5.9716898254414215,1047.262715028669,1.0755860341986927,23.26032479037486,0,11.614338544601583,0
2025-06-18 10:27:40,HM-C315,35.88961160591807,40.310011011527855,4.316076475740404,0.07379302634407425,4.9541031101859225,273.1005113258586,1013.4206481650922,10.95282022976087,7.842943904154635,967.1959679322922,0.9765019363195697,18.375682064405535,1,14.688467725681473,1
2025-06-18 10:27:41,HM-C315,37.823432863958814,32.36982110144704,5.623856405386782,0.028866090622514502,4.7044350811051014,230.95739525914715,1013.8752810978082,14.531658554440003,6.894539464511076,895.2551337333077,1.0386156216661253,28.112144899965806,1,12.735637398159927,0
2025-06-18 10:27:42,HM-D420,34.949695699759474,40.63618278238038,4.5302548205065545,0.046459367701437285,3.6675775329639126,218.85106024389293,1011.9349744503487,13.339096165423248,7.124557742836967,934.0678855480307,0.9594600656563486,23.78305235500136,0,11.413744893934261,0
2025-06-18 10:27:43,HM-C315,32.160586131971904,32.03907019018094,1.0,0.018317428647124046,3.79580843575165,242.81709277114834,1011.0549371447208,15.00324572976253,7.763670615955278,1055.8210581571905,0.9563987107862483,24.601540178777256,0,10.986591410148796,0
2025-06-18 10:27:44,HM-C315,41.09206422528112,45.29245977411445,4.713826494510717,0.0820185719450354,6.246426564394554,255.22865842335509,1014.2243942022087,14.528878378091898,8.979972162529435,999.154699691582,0.9109258257588301,27.491095254442605,2,13.060328902084054,1
2025-06-18 10:27:45,HM-B210,34.485468324094725,26.796827798574405,2.052952783361688,0.04138673616944976,6.519488813717299,228.05652797056914,1014.0134281139118,15.351010378558792,7.635718289124667,1033.4181569128318,0.9466993883703753,23.106552877650536,0,11.469241601325079,1
2025-06-18 10:27:46,HM-D420,36.187919065826705,30.21615334147716,3.393961187614212,0.02631892437797638,4.278295918827078,288.8995028636515,1013.7040847493292,17.34537449566902,6.806965218424628,860.7493383915835,1.0027987680011472,21.164067189678747,2,12.541013995468937,1
2025-06-18 10:27:47,HM-A104,38.64089362657323,34.22316132904839,2.8956983108817322,0.05770188639756722,4.504517010400007,197.8777677823531,1013.5629133822831,14.245886295214325,7.348069011517124,933.248571569534,1.0773015946949318,20.548112787397177,2,11.350511107220745,1
2025-06-18 10:27:48,HM-C315,40.58616717336513,25.079780484059683,6.6988331856248085,0.0810039878410003,5.378785866291272,262.2777506013246,1012.4040789481231,15.173052182684687,7.536908689477212,898.7188034444773,0.9941777134980122,21.0998755078426,1,11.161573813469435,1
2025-06-18 10:27:49,HM-D420,37.64282663104655,22.14506928622417,7.169532657415733,0.03183481298533373,4.612159874448295,253.7878819446118,1012.7335848186265,14.353838483469751,6.077867222742091,1070.1484640953556,1.011608045509357,21.354026274440507,1,11.921600158664367,1
2025-06-18 10:27:50,HM-B210,34.01572253084793,25.122961915446957,5.512345897626214,0.025919104729790456,4.702841465837917,286.564625568218,1013.1137681000546,17.020103667756334,6.332932113027793,938.9770417061733,1.0572831701515075,14.35282243901139,1,12.315596716937138,0
2025-06-18 10:27:51,HM-A104,36.246633875771124,33.53955394844496,4.654896947041709,0.08590321344107033,4.428240885566153,221.22179432170913,1011.7356222268785,15.313792885923984,7.5221681612251174,904.0891286984859,0.9838182315184386,19.515919733594618,1,12.416392757169634,1
2025-06-18 10:27:52,HM-D420,35.3037864874373,33.666449950579434,5.042508169225393,0.03754643912480772,3.3745969145382473,271.1748705497428,1013.5751797694525,16.039049313335934,7.6232455031183415,789.5027680315736,0.9511941735886172,17.626831569228074,1,12.082473143477566,0
2025-06-18 10:27:53,HM-A104,36.9044724313217,36.66499740616433,6.697782252524141,0.03526795192433938,4.052385143421991,264.31317485755454,1013.1788189614621,16.520046109751924,7.502557512305336,1062.8552344911736,0.9568934757883018,13.884906077373115,1,14.14614983114631,1
2025-06-18 10:27:54,HM-A104,40.07996117817409,34.014992591118286,2.0248575600309406,0.005,4.339600506693577,257.32419312598535,1012.7969219146471,11.111271315272585,7.721138814272277,1066.7426436329758,1.0560635795091455,22.6275905434372,1,11.887310934431785,1
2025-06-18 10:27:55,HM-A104,30.65652850982529,36.497582322554244,3.3873471642827693,0.03932672511715081,1.47587918241716,223.40299799476247,1014.3687619368187,16.57383153099191,6.90398060788266,785.7949911437289,1.0072265597985575,23.773952636577622,2,14.659592954176835,1
2025-06-18 10:27:56,HM-C315,35.97152542493127,32.74891792780799,6.506063604187943,0.012881083242417494,4.605015912730987,226.8065758934921,1012.8484299184507,15.76097845581163,8.06442085034707,967.0022412024625,1.0072306492613432,18.55474769682874,2,12.257304367195037,1
2025-06-18 10:27:57,HM-C315,35.78987590903245,38.5740787873584,6.8184064671469,0.02879813765703649,7.287079055313633,241.1106398043558,1013.9894398522449,13.65106312128318,8.657271790844753,1025.7250421864037,0.9554323484235185,20.879418574999843,1,11.507327208929835,1
2025-06-18 10:27:58,HM-B210,33.8580966377609,37.97155001586761,5.884581950020038,0.005,3.9847571062938925,234.9202305791747,1011.2169740723292,17.576794713531168,6.684280985508672,988.1651643558972,1.0671655708770553,24.26272843013627,1,12.944972065295769,0
2025-06-18 10:27:59,HM-B210,38.46372685937404,33.366536900712404,3.432542651222307,0.06470296990741457,4.5397514216548664,287.80337640258364,1014.2603146710699,16.974137650238145,6.192635415901366,915.1170534823812,1.0923664939909654,20.793978655101228,2,13.622321554556226,1
2025-06-18 10:28:00,HM-D420,33.462560320309876,37.66505717336195,6.484323471610156,0.010667784949153068,3.491416834258568,254.06673307119783,1013.9062662232975,14.620178683962441,7.141326413400989,874.3066344914224,1.0086603110414751,21.454473072715857,2,11.273652961302503,1
2025-06-18 10:28:01,HM-B210,33.75026430175919,34.046770320256655,7.042149036918277,0.005,3.187320851895832,273.8428017545096,1016.2427269117067,10.860303553295779,7.902708501548262,1043.4516613319522,1.0459084968188832,21.02113582023906,0,10.348472144957213,1
2025-06-18 10:28:02,HM-A104,39.12767303505154,27.388370423034473,6.077375401256287,0.021835656089646764,4.127889940217718,206.46499581102404,1015.4013555387503,14.88523958116795,7.7288976434145145,1011.6549240009822,0.9677566714758625,24.406738210040487,0,13.99482876166918,1
2025-06-18 10:28:03,HM-A104,40.75142842240667,39.52248320691311,1.2589855352290447,0.06494672932805268,5.255751857504128,194.74085630052969,1014.4045312286763,13.002740368005586,7.31452845854303,1001.0315488136094,1.063720415863024,21.93287851596123,1,14.509546295692893,1
2025-06-18 10:28:04,HM-C315,36.809758078470104,30.465919767007854,5.186892213373965,0.031100138009315756,4.219495895985447,244.66561645307948,1012.1918401042764,10.60947283194,5.35110181180646,1043.7113095875202,1.028778753838309,20.698631152435535,1,13.306562261890578,0
2025-06-18 10:28:05,HM-A104,33.95650970252684,39.46911977570883,5.877860096437724,0.03377482370088856,4.051107289923499,211.65273092262436,1011.6721140686589,16.16319629041138,6.645457445389487,1124.8946834637438,0.9384816663997926,20.100854474253484,1,11.38193507266224,0
2025-06-18 10:28:06,HM-D420,35.23611477055437,36.62013386058512,4.226574004516603,0.04956897720858591,5.094714857877231,251.19637796940356,1011.9124932862858,18.053928361828245,8.083788372844026,923.9339174019374,1.02260479391513,18.649913668873218,2,12.272534362087145,1
2025-06-18 10:28:07,HM-A104,39.520004868112615,34.577388454914384,5.280015386146385,0.036966836767685925,4.740116542108888,224.7068469780386,1013.7642249412403,14.812004297273907,5.80344103030083,924.0907028936529,1.0223525407700291,24.388371606866738,1,10.702007331983355,0
2025-06-18 10:28:08,HM-A104,37.29109560165848,25.61503302274457,4.229811257965742,0.06475917642416334,4.835128609085436,259.18556896316403,1014.9413560962927,15.518453762080792,7.216527269085921,917.6437887760933,1.0090826600074505,24.26443545607412,1,14.045010279967665,1
2025-06-18 10:28:09,HM-D420,36.747403057795196,42.698727787072215,3.7076099061698806,0.035207396647387854,5.928353329351289,226.51486812461894,1011.1836392737699,17.68551647056062,6.741280107542289,876.184847489605,1.0254249463764706,21.97565621797923,1,12.828187578428121,0
2025-06-18 10:28:10,HM-B210,37.78262427478287,33.18443069322956,7.265886225880157,0.03553503510203257,5.777561075006644,266.8315901055586,1011.7348770506175,15.355728528042976,7.7230066443543555,1045.5521942721675,0.9976591835532631,25.751636458901242,0,13.173620884661936,1
2025-06-18 10:28:11,HM-B210,36.9058501411864,38.172817935777914,5.322603005378399,0.08528386567661797,6.2948880330323265,223.5700056000734,1013.0501117305624,13.781764099284825,5.866060532087556,1057.5405149852506,0.9908324655085509,22.043182096638805,0,12.69448716319684,1
2025-06-18 10:28:12,HM-D420,40.86428074414804,34.430129383146095,3.341030530749955,0.041103307984079074,3.0446020668492495,194.07091051114094,1011.2966897401853,10.542427162713553,6.959130253168363,1035.2345362245053,1.0124870253792313,23.298264854261046,1,12.505590980346014,1
2025-06-18 10:28:13,HM-C315,35.127141838266,33.64282332218806,2.9350999526917767,0.04461141283532959,5.528706519172235,275.58109039383487,1012.3657817970593,16.630036441341115,7.325371890283414,1083.3526710562849,0.9825141632970321,19.72159440981219,2,12.813371345790456,1
2025-06-18 10:28:14,HM-A104,34.84010220791197,35.964039191984945,3.708526841987207,0.035791485448815365,6.474987519862102,226.9381488246903,1014.8671437820047,15.835814535751211,6.918678424169253,958.1102927242184,0.9676090282933983,26.796247970278102,0,12.499262080381286,1
2025-06-18 10:28:15,HM-D420,33.54136620482836,35.132861417209234,3.716639937863544,0.005,2.5408127921435657,291.17510006539254,1014.0821869441803,16.855021359152094,7.68212440079899,980.0457749119226,1.0555190580095397,22.648376161598055,1,14.250998040886126,0
2025-06-18 10:28:16,HM-A104,35.65003091068577,33.66503604912106,5.219795417032006,0.057457406898779824,4.475886723985277,230.75486750574402,1014.2442978446747,10.104527012379252,5.9671842848091865,1002.1949018043382,0.9713274879158587,23.546473922781587,0,10.396031862390181,0
2025-06-18 10:28:17,HM-C315,34.270061313334615,34.723427206939235,5.7283350832832385,0.07321065074815722,3.8480791882087795,225.32023177686625,1011.5232537289354,19.153325570308184,6.302394617325337,916.4040206431911,0.9919586400038547,22.267016223719935,2,11.199745960533253,1
2025-06-18 10:28:18,HM-A104,37.54518877163181,37.13532328135855,5.726730274750926,0.06511430633881635,4.470797680486584,241.47922568436587,1010.3811251644245,13.41873755122451,6.938855787915717,864.3973110009239,0.9760138962738023,22.337101883334707,2,11.955903136081657,1
2025-06-18 10:28:19,HM-D420,37.05236841381286,37.48909588379147,3.8748320192678127,0.02883836791372265,5.876373938969198,233.1884303586986,1012.3564616720596,17.185143777289024,7.4694595388162845,961.6065084271512,0.9564821008694222,23.044095372489913,2,12.222066715736595,1
2025-06-18 10:28:20,HM-A104,34.30231124983006,35.216786063719645,6.3809460718752735,0.03653585552357875,2.8251173927174285,253.78504403281008,1009.5085900894862,11.200464213286057,7.610187058503611,912.6741533864617,1.0770901563485054,13.785603061331171,2,14.002793386393181,1
2025-06-18 10:28:21,HM-B210,38.47284839756993,38.104684949072194,6.8417664727046805,0.04698374455709435,4.793985258207012,262.07776004124486,1013.6788941887382,13.45044567206518,7.338291787663456,1123.5241218052224,0.9279502194153999,23.695528676890362,1,10.45546660792036,1
2025-06-18 10:28:22,HM-C315,40.792032167824686,32.879650977784564,4.610054949470984,0.046278706899307034,3.822461453404805,266.62838926116217,1014.1210566096152,13.911758552673373,6.464099507381469,830.842153798307,1.0198638365516013,19.153279346482652,2,13.3137075923514,1
2025-06-18 10:28:23,HM-C315,37.89459587167756,46.12443190498227,3.4518938043169642,0.053619395138910474,5.913169941822261,247.42818976390666,1011.821508210357,12.956316969268208,6.722358628154845,945.2797987941275,0.9934602499590666,21.074199640310795,1,12.291420674138616,0
2025-06-18 10:28:24,HM-C315,30.641254542611314,42.427943040038905,5.150423771812617,0.04406122709792696,5.005121306549145,204.97715542697486,1013.8731476078193,13.35461398893462,8.084554987471774,973.1478137910169,1.0239358245779995,19.376482922367824,2,13.779612869116685,1
2025-06-18 10:28:25,HM-D420,41.967827426675264,38.81221497415805,8.240114372094752,0.03277344293272474,4.310704070369502,301.7031844232527,1013.8650413258488,18.240310563866913,8.81685036604223,883.6045567818624,0.9914789634276651,25.323334663081592,1,13.09122759292595,1
2025-06-18 10:28:26,HM-C315,38.86730867267765,25.292097530814747,3.4125536481866705,0.04273891217275539,3.638259637087889,238.92036752897857,1011.3182452764198,14.320972280596786,7.687198521719938,913.2692222152687,1.0246234185884795,18.831084499074766,2,12.308794889213162,1
2025-06-18 10:28:27,HM-B210,41.89104563297113,38.03009569427491,4.210755045549755,0.059975704965828366,7.689506271822157,237.35551120928238,1012.4002300339614,19.25805328049459,7.475444029979609,954.8357417926081,1.0141534539033248,20.821738145197784,1,11.009127589339403,1
2025-06-18 10:28:28,HM-D420,39.72680896537459,33.31681458568973,5.086151090446452,0.09832556928294359,4.835866272412385,247.33362508845332,1012.2982103387096,17.111096126548027,6.276950204380882,857.2120953461886,1.0294313457817723,19.40288884145779,0,13.013707078053724,1
2025-06-18 10:28:29,HM-B210,40.226288547176395,30.106596342953235,5.812496036773907,0.030021175370176477,2.7960546335867313,242.1606680572573,1014.3992183553897,10.990698671929483,7.357598982741638,982.6442680239368,1.0871804813089527,19.03237319577273,1,11.906046702948194,1
2025-06-18 10:28:30,HM-A104,37.51316723400271,33.1895197484759,2.0216300097191082,0.044524091246481406,3.5271094917020465,197.5284141020465,1014.0985479602065,14.31553366489064,5.851546109803101,1076.2109499007731,0.9066567711723473,19.078208644714973,1,12.339031833989317,0
2025-06-18 10:28:31,HM-A104,36.34425996952542,30.6608263303529,6.958831541450261,0.03273437543443079,4.995138347699026,267.24895585504873,1013.8584432130552,14.227606808241154,8.251024645161241,919.6920991887149,1.0040631119917893,17.02931230447457,2,13.673947662566775,1
2025-06-18 10:28:32,HM-A104,37.933702969330405,37.53401546879753,6.93843792302213,0.04615103220730134,3.6239684701837134,225.3873554592725,1012.1581672597559,13.106699037682452,7.648030314284945,1011.4449898647027,0.9503118513504883,19.747045575982355,2,14.713502035599632,1
2025-06-18 10:28:33,HM-A104,35.22803729938365,43.07997031281614,4.362809538813908,0.05951305277576212,3.77159028034637,240.28545962425378,1015.0485653913311,17.439589989583727,7.153913254929175,1086.6300491925654,0.9637696073196339,22.770715529388102,0,10.053880638181514,0
2025-06-18 10:28:34,HM-B210,38.08470212725058,39.13014395853391,9.059927439998393,0.035837525285794154,5.683110980505345,302.7801860518549,1013.2718107592079,16.72393418221467,6.273558272826701,1030.5388407765242,0.952394217941552,18.354447677753114,2,13.680086486343123,1
2025-06-18 10:28:35,HM-D420,30.433034356623224,48.81262620394793,6.841558074388689,0.005,5.576891562769731,278.3346274554209,1013.7433557845621,19.3141636044107,7.345297077291153,891.8365139753085,0.9853926968529199,22.50276784063602,1,14.447739889975484,1
2025-06-18 10:28:36,HM-D420,37.107330613036034,27.231937852122975,6.761674899482311,0.0605714744670173,3.814551522677793,298.3659495222483,1015.5959405591676,14.083045788290557,5.99815305224605,826.9882051799268,1.0561083455902438,24.119342519439748,2,12.25315781271414,1
2025-06-18 10:28:37,HM-C315,40.36169030025533,32.469826477654465,6.781329784671518,0.04260838215018624,5.905026236979382,229.68961844087696,1013.993551330456,15.87660848482854,6.948445038225603,925.1144341021349,0.9811043835673038,21.448197434439724,2,10.770406844554202,1
2025-06-18 10:28:38,HM-B210,37.23577144732241,30.28487403828845,6.73807408806206,0.0331593594506932,3.6472613767029243,271.9010804046027,1012.8203407723983,14.295290536700643,7.532005998238572,954.7239303249961,1.0172953457031522,17.23797936500937,1,13.039210736252748,1
2025-06-18 10:28:39,HM-A104,41.31870684507747,41.14684157179929,4.967135767576581,0.028694249487720265,6.532249382682663,262.0978750801204,1012.2529209202572,14.203434650095092,6.629771222858913,784.4259793772064,1.0448387340201593,14.963352874283844,0,12.225745358855017,1
2025-06-18 10:28:40,HM-B210,36.34063653037849,33.89724821510731,4.81856000730072,0.04622409624889733,5.145054963067884,248.3612999882538,1010.399174348608,16.62235728931652,7.167938550828606,952.2404474738146,0.957418733234654,25.23761945403781,2,17.768293845453364,1
2025-06-18 10:28:41,HM-C315,39.506627282469566,35.94758098238627,3.5846448984197576,0.026082538588345906,4.848218061490415,227.48209413211723,1010.6504034704535,19.402460936137825,9.064252297892693,883.8798415571532,0.9601181361066266,28.172674189408944,2,13.00119020062404,1
2025-06-18 10:28:42,HM-C315,34.804324815816585,38.168427659865294,4.133942344655468,0.02841985920276157,4.0382359992596175,282.53813084369904,1014.28369116813,16.96931628614711,5.769344819286755,940.4803782464578,1.0000159131456936,27.63970802664952,1,11.773225386361855,0
2025-06-18 10:28:43,HM-B210,39.40489154888844,27.72605574731629,4.533653476571721,0.01502762726791649,3.76961795499128,234.57660930569116,1010.036182100183,16.755265984464035,6.582280750975473,925.064815335395,0.909910573532342,23.205297570887673,0,10.295644686763259,0
2025-06-18 10:28:44,HM-B210,37.58148727056954,31.893255183975015,5.09819007528465,0.026352737596174958,1.7082019577087992,254.08848928161814,1014.516938157062,14.882297121091689,6.993167827142984,933.459018453414,1.1004613234069522,23.2405082250932,0,11.041775639864417,0
2025-06-18 10:28:45,HM-B210,36.45062376039318,39.98632976848957,7.397444071255256,0.05261727517675043,4.147025158084677,277.3934040636381,1014.2050903408056,16.695322974241563,6.775484961783121,1010.133323470939,1.0002822895804468,21.12666785775509,2,13.828505069219462,1
2025-06-18 10:28:46,HM-D420,30.56529471233895,32.2595604974604,1.8462577678607826,0.012376598820791243,4.487405404682385,220.69818172056637,1011.70252821514,17.355785094969647,7.562356323773064,870.054502665205,1.0279792754604042,21.057114363167475,1,9.89977733576178,0
2025-06-18 10:28:47,HM-A104,36.36405806048612,26.431785154656538,7.01740141411642,0.06304134686664048,2.3086781757399386,217.34095582451116,1013.2723671339907,13.282513425880905,7.632252616549244,803.6331240910527,0.99022965696565,19.088681434077948,2,9.9505431633676,1
2025-06-18 10:28:48,HM-B210,37.53363254819953,30.48868556157876,3.482186032210721,0.016420934943199135,5.488060714909054,325.48316311618447,1013.8642924977818,15.083125656432092,7.236005089726565,1016.3743888265321,1.0318041373538391,18.614883074009725,1,13.99446039472237,0
2025-06-18 10:28:49,HM-B210,39.071773588049794,33.568659731973675,4.8432202348343205,0.04299871627618017,4.307554216344765,224.19816256426463,1013.1379421633878,14.35169132548785,7.308964930520869,1001.7532088781321,0.9912849350867304,14.51125770453562,1,11.936875466082393,0
2025-06-18 10:28:50,HM-B210,40.90237449774767,35.83380259944714,3.9134032153075977,0.0496989761520288,5.957654510712747,298.5020609944957,1014.8468352844709,13.735004907749719,5.762296261111935,993.0469253460553,1.0279156426691043,24.79969544315292,2,12.101093876583683,1
2025-06-18 10:28:51,HM-C315,42.087581753414774,34.645933450247405,7.7814153641984944,0.05649283907199425,3.679607497292249,248.40989968891398,1010.9118561775613,16.966392742509004,7.578112253276091,879.1651768040067,1.0648364379048638,24.202950648431592,1,13.367923665159216,1
2025-06-18 10:28:52,HM-C315,40.11566835780746,31.92891079028513,4.250063343551143,0.056497838569656705,5.983704938167503,237.22373879704693,1013.7562488661077,14.529098651841046,7.354656088170256,998.8712333726512,0.8898930879018832,20.483696752023906,2,12.140904967826764,1
2025-06-18 10:28:53,HM-D420,35.594774186739514,39.69656719424235,5.782171889943816,0.03831946286048625,3.961162916569291,240.20055522574796,1012.0866274130783,15.948236394954586,6.645500246134832,847.5842201659666,1.0333143194315548,27.02583741674969,0,10.107499923872053,0
2025-06-18 10:28:54,HM-A104,36.23798977620565,34.354695317190455,5.859900017414352,0.03656896721903431,4.439657797611009,248.133492935932,1010.392816105736,15.96495015315053,8.494994044990603,925.8921757290497,0.9735314972063217,30.936294722614953,0,11.509963673783918,0
2025-06-18 10:28:55,HM-D420,38.84728867760921,36.04700680998962,3.2599898748191607,0.05193068662983469,4.758738289922512,290.1373927772917,1011.2596602128318,14.460642911562898,7.140828254062614,1071.3765087897827,0.9447645582765899,16.044648566084057,2,13.203517984841671,1
2025-06-18 10:28:56,HM-A104,38.2990361496195,32.19522011305784,4.854844471792339,0.0455605460667886,4.450005878223994,272.68302211561985,1012.2132718473051,12.089209590608242,7.380267123087836,997.8098515525636,0.9278231555319482,24.267980427791578,0,12.600178217537191,0
2025-06-18 10:28:57,HM-C315,41.070864898478405,42.54470132120106,6.806489394660575,0.03308357153857911,4.86522811558175,243.6515736514817,1013.0348819002663,14.298681226245453,7.167276133800961,944.1648887056449,1.0048813082938794,21.91456880159372,0,14.74877011174648,1
2025-06-18 10:28:58,HM-C315,43.19847354677478,33.041844473965696,3.690147783735526,0.047419451169372316,2.1905418710807036,194.0251336274763,1011.6483705072213,16.056548781991186,5.879515766943732,938.4790274562645,1.01409915683456,28.440738631879654,0,13.117672905009893,1
2025-06-18 10:28:59,HM-C315,42.66795048774556,35.3734643329663,6.243448414221902,0.03665744296868006,4.332734704460093,250.6185395551723,1012.2408560337041,15.604894208294795,6.390061754116793,861.8672423993405,0.9687129243480748,19.920915810548916,0,11.208281841309809,1
2025-06-18 10:29:00,HM-D420,40.73484549949586,40.1749972106344,4.503380043048608,0.027989291826778104,4.40349372196461,253.98507828626478,1012.406046570187,11.09811730914126,6.978697725266623,1079.6148601550606,0.9370836779310652,26.248248070899756,1,14.609504993077511,1
2025-06-18 10:29:01,HM-B210,38.31975662235725,36.4002113052998,6.745481034554905,0.03243318959096007,2.1162229596278843,287.7555060252885,1011.6806747055443,16.622712983652022,7.985695460352307,1030.864674061507,1.0057337113985338,24.755215218300147,2,14.710151247911424,1
2025-06-18 10:29:02,HM-B210,40.37331265736461,36.27544848218741,7.621245412833785,0.04972837663698562,5.270964451335919,205.89621271444037,1012.1501649665657,13.892985844262432,6.833741570243234,1013.8442863561785,1.003470356706544,26.6114118899992,2,11.443815257275785,1
2025-06-18 10:29:03,HM-C315,41.15360253432099,25.131722453016934,1.988240150503326,0.021438247698774508,3.406375918236208,235.1945911287112,1013.8594324284696,16.14536011880139,7.364753934632304,942.5759037840037,1.030065463202695,19.10228262363822,0,13.344168475460554,1
2025-06-18 10:29:04,HM-B210,36.63174900686246,38.403175008469425,2.992797364836529,0.06212671386961995,5.630795068375178,234.247920330576,1015.4734414066276,16.629821078732316,7.563787646030707,920.8554002304222,1.034369761146279,20.457457717374073,2,13.499453034646827,1
2025-06-18 10:29:05,HM-B210,35.6683475687281,35.27793470106745,4.342235579405357,0.0288545282727226,4.603141992753674,248.3236373653185,1013.3125001664982,15.940571406946212,6.560396493836388,889.247711104747,1.058228911734347,24.109834404433585,2,13.009662286211805,1
2025-06-18 10:29:06,HM-D420,35.08144749982081,37.70782551586275,7.198136631266422,0.005,3.81086174747967,252.73131912095806,1013.1974476165237,18.764357101213093,6.451268846282759,1064.4946192460784,1.0336998383687288,26.52593242412506,2,10.434041441140526,1
2025-06-18 10:29:07,HM-A104,34.80903816638674,35.91606524184418,5.798699082001915,0.05105084634129432,5.705630470235542,263.15228156617786,1012.879433862121,16.998750949497936,6.6562885152202345,804.9590733968387,0.9183909671966685,22.887351644465177,1,16.982500263196222,0
2025-06-18 10:29:08,HM-C315,33.545011693517026,32.20421221438564,3.1328726015432804,0.005,6.494240464331163,193.15422242485718,1012.4136482196732,14.09305536736407,6.605756602761858,995.3284165983738,0.9995358244997541,14.405460808172649,0,11.85840460419185,1
2025-06-18 10:29:09,HM-C315,37.62475427279432,39.471535832747975,6.018380488163745,0.019761618724453076,4.546208081135635,255.1893344055973,1013.8636570760222,14.297026393249695,6.330046418533807,823.9196778465066,1.0500004550038666,26.744443470887642,2,13.040076153422039,1
2025-06-18 10:29:10,HM-D420,34.50061799727967,35.99063305639958,3.6293979010973185,0.0884491284584248,6.149863309372679,257.36950381343,1014.4747521373545,14.849446496447696,7.889791950060751,933.7805620603876,1.0424029568899529,27.183243285693976,1,13.87835327244645,1
2025-06-18 10:29:11,HM-D420,35.04119453966155,28.55306754478545,6.305797901323034,0.06119986238807966,4.288648075875501,252.25453678624058,1011.2575460616043,14.29702400707908,7.6683456462106845,948.0055331137513,1.1214868579392556,19.80330024345172,0,11.880040583696875,1
2025-06-18 10:29:12,HM-B210,38.75313889794182,41.542585781730814,5.808447496030986,0.059547515171088264,5.6547862290385025,244.67151376679945,1014.5574252430783,15.739050688914974,6.3336564558066755,847.6116602268106,1.0444578487185485,25.403216765486324,1,14.359952159929406,0
2025-06-18 10:29:13,HM-C315,37.45402266563377,27.84760217806264,3.6228322783627513,0.01762361431981672,4.0590273573580165,150.0,1015.4381807626584,12.732303934724357,7.334026468590801,881.6308616898452,0.9326632205686612,23.96838617839102,1,12.498766830081689,0
2025-06-18 10:29:14,HM-A104,38.07406235158419,39.50464617125271,4.901068349717158,0.03626739007873721,6.691070134995423,267.04433718020397,1011.4885752551745,17.76444689871567,6.9423401877882425,1008.3056919928471,0.92099042010966,18.434520635350104,1,11.547111496360865,1
2025-06-18 10:29:15,HM-D420,40.4128719047302,42.43465885965104,6.837025642383883,0.06482859903754465,5.792768747550034,220.80384682658217,1014.381028957833,15.082944272416468,7.104213854257536,1068.2873693533716,1.0027975786009293,25.553288158335228,2,10.35880741947582,1
2025-06-18 10:29:16,HM-A104,39.161324771351985,29.468522820183686,2.161944039255121,0.05279275148230678,5.064413689990599,268.4113147877383,1015.4530690001639,17.706316609808677,7.226786483009983,974.9991687496763,1.007545115461008,21.827710790648954,0,11.933800420101985,0
2025-06-18 10:29:17,HM-A104,40.797216453631655,34.38619106631056,5.451663210678073,0.06271713889958215,1.4593545597542334,287.50434450340356,1014.073795402656,12.632835273163957,6.0165552431461915,895.0114538291456,0.9725803126999683,16.56761390083816,0,13.044517538949897,1
2025-06-18 10:29:18,HM-C315,37.19994123694518,33.920258769329116,3.3396510171745364,0.0756307026243529,5.03857996968063,199.71690538262274,1012.7360559311452,12.639975329206981,5.606413170072106,872.5746956151148,1.0384064188005349,25.59372324898042,2,12.027079948738969,1
2025-06-18 10:29:19,HM-C315,41.02947647828099,34.14514422409556,4.975718586126787,0.053202197513998045,3.018080441248472,267.4977778289959,1014.1682388416598,17.158705920141482,7.216001855039317,890.7570067541168,0.8742871313977343,30.459205843719488,0,13.481915814973082,1
2025-06-18 10:29:20,HM-D420,37.89934191089365,44.15119177616532,5.68664335528592,0.01538632235799213,4.9239036090572155,212.93289960072224,1011.7812214731592,13.705335781321262,6.889361471006093,948.2285581856703,0.9768022145119867,12.786990759715543,0,14.98311935803408,0
2025-06-18 10:29:21,HM-C315,37.42176565273801,29.526405635414406,8.019753460892511,0.05196763755160236,6.032999026366637,248.7280777510092,1012.5311837662115,13.006328774739854,7.021908562175126,970.6333352374982,0.8858542174572566,23.22326860129524,1,12.044727965447636,1
2025-06-18 10:29:22,HM-C315,40.65381551569126,33.467164775605006,4.96055332874297,0.03528938334278251,5.326796360416736,246.22164502350208,1011.9010311630911,17.32814125265339,6.6804035418466725,1048.229141435353,0.9623998180427114,23.065408863478705,2,14.216405348524779,1
2025-06-18 10:29:23,HM-C315,34.81961580201676,42.516612494108756,7.198288488832889,0.014182803348063149,5.530454886978377,272.6925415201121,1010.9791992577188,13.375775019354267,7.190308679030721,944.1466490007166,0.9826386686064984,17.383373855155526,1,12.768515431714675,1
2025-06-18 10:29:24,HM-A104,42.05900141885619,33.38525585830426,3.7392527198764913,0.05789115535153015,4.052371860587794,268.23763453289934,1013.0622667289623,14.962476362903303,5.858379278114069,896.9879257807695,1.0525622100769199,26.105389562101045,0,12.96069150703382,1
2025-06-18 10:29:25,HM-D420,36.29474994990679,30.321101420667517,4.257469905524784,0.0640414568994733,2.670479146535631,257.8634886630952,1013.4560686781817,13.917032172177255,7.22080429565255,859.8106581067639,0.9389099756077822,17.632685190608772,0,12.5170956933332,1
2025-06-18 10:29:26,HM-B210,33.9547300711267,36.31507340884874,5.880587893773025,0.03812200892849591,3.5742634096942103,200.69926537505842,1013.9935242521632,16.515400736898815,5.1534328426156835,933.2838624795878,0.9931671064840909,22.33777761005109,2,13.091246956314265,1
2025-06-18 10:29:27,HM-A104,38.633754880139655,39.028202708535076,5.302641572610442,0.04640952304520934,4.104316259892846,174.55564111533292,1008.0,15.453251182518217,6.609017100263724,818.1147823752531,0.9738018445328622,19.00583331023283,1,11.272091184101422,0
2025-06-18 10:29:28,HM-C315,36.056696224704346,33.03579514925851,4.507371677259047,0.005,4.483127255759155,277.3684694518811,1013.2740444784472,16.82254941065654,6.811322958803457,901.6483028022615,0.9939063747949762,17.89676239289099,1,11.406423886933288,0
2025-06-18 10:29:29,HM-A104,42.064517729778125,37.771841954037725,4.466728331468472,0.06247546216697207,6.022953556175053,272.39404881658345,1013.1182820616606,12.602189923928218,5.725213793500469,849.2063567298406,0.9805956660012232,23.484979932120858,1,11.599183292809084,1
2025-06-18 10:29:30,HM-C315,35.91774795303713,28.116924529627184,6.999941833877751,0.055865226794559276,5.376693443330581,220.07558967282927,1011.3638985601087,15.482149139973709,8.210607727020575,929.2489105038118,0.9873289640465682,19.15317287795157,2,9.87561822461926,1
2025-06-18 10:29:31,HM-C315,37.786122293379904,28.394864582907026,4.56733674345864,0.045004478282400125,7.1636702659505875,260.4203716785893,1012.3333602200996,15.183092147990806,7.121359903987025,986.4780938417201,0.9674146279885679,27.121922797148557,1,10.683280451717044,1
2025-06-18 10:29:32,HM-A104,33.436016711304745,32.79956859873686,3.4687260189258544,0.014951008476326192,3.2984552068679998,243.72184492405833,1014.1314345055989,13.50209393738495,6.593188313929485,980.4225443842004,1.0184890159885114,22.087409484810763,1,12.36261932798487,0
2025-06-18 10:29:33,HM-D420,39.032285612243676,37.95008709995864,3.717686563613418,0.0071125111752572134,5.896761388178285,282.5947503303903,1013.146098419091,12.928581151697514,8.704999246911132,1004.7180674657416,1.0551184230796484,25.440994154579492,0,11.637688350973006,0
2025-06-18 10:29:34,HM-C315,35.05652481035274,38.80748990492543,6.004851703522425,0.08053150827222536,5.55042729281496,252.5075486865038,1012.9733700222073,14.825650866792746,7.376054275895131,876.0214810194453,1.0020932739296526,25.19322772796997,0,12.431198143094472,1
2025-06-18 10:29:35,HM-D420,38.733311725831506,29.089919762709684,8.38478367681868,0.020008589754265765,4.360125413760914,277.0117069977762,1014.3393844644374,14.418047985975038,7.478972234532622,1063.4163697280942,1.1004156158288636,26.755704966149978,1,13.438677798142939,1
2025-06-18 10:29:36,HM-B210,35.929136900735344,38.6221035236629,4.2140259750530245,0.04268368284580213,3.346840754014708,231.59303164156378,1016.4722584131865,17.359790142957785,7.0067332350834555,1003.2867353344392,1.0039272671108093,20.83727916126313,1,12.87273268505595,0
2025-06-18 10:29:37,HM-C315,31.882663283193,35.8325352021739,8.222938288035145,0.020626153245209406,3.7614249955133907,258.5507055594903,1012.6361402745513,16.65156395859734,6.753653558459707,1000.3563271636932,1.0403027368361142,21.512939133758433,0,12.335506794417219,1
2025-06-18 10:29:38,HM-D420,37.32797522585971,30.603976527743413,4.983738848660264,0.005,3.7037325554791054,237.6196653364944,1013.3701573571877,13.627618583819558,7.350746569109156,1040.0825168117294,0.9620126726880154,18.448688770367593,2,9.729552593751794,1
2025-06-18 10:29:39,HM-D420,37.216071292696085,28.329058239885008,4.580281655030547,0.048960139993080055,6.552801289824933,231.44627419444865,1011.6626171997141,14.486097176299024,4.915207818620509,964.122540864703,0.9942450279967376,22.558553102914843,0,12.574467217735279,1
2025-06-18 10:29:40,HM-B210,39.202678934056536,36.149115774521626,3.634584392552372,0.052077211976675315,5.493900549994896,180.10390170815486,1016.2171694526248,16.093989867031276,5.686448703467896,940.7448554183944,0.9844800342117657,18.802705031488077,1,11.485397460613125,0
2025-06-18 10:29:41,HM-D420,40.89000142959801,41.44781612082723,4.702979299626275,0.006624059552651766,5.538787538838634,277.70441070197114,1012.1902786848037,16.31391600846441,5.980480976007735,1057.8728326501002,0.9388672834542272,26.5432194698112,2,13.538841644649711,1
2025-06-18 10:29:42,HM-D420,41.781023524792,35.17761215388978,3.865789039771942,0.06216570440888938,4.605208379160768,302.4908084013189,1010.2881628812283,17.37723437801139,5.269373303102283,883.1441994060659,0.9615782345494593,18.334177629313455,1,11.304206630524458,1
2025-06-18 10:29:43,HM-B210,39.160385533677214,30.325395752968817,3.7454287639839743,0.029467965434230782,4.225444777778494,208.3601517886777,1013.9326737948605,14.872326706741436,7.556456795129933,933.0744319899326,1.0178677819574735,20.25763526249452,1,10.782897577210878,0
2025-06-18 10:29:44,HM-C315,37.696547980164794,25.659888564602866,2.5219245985915064,0.01834819184671901,4.904802958626336,270.80786224389874,1010.5847424364094,15.318394733986255,6.567357626888443,1042.5712991951987,1.0641955158843717,24.179831591559417,1,14.630291136945896,0
2025-06-18 10:29:45,HM-D420,33.43166602621134,42.647454234443046,7.64917502697442,0.017036373393036902,4.622958431511667,269.55757285822494,1014.9425434748214,11.439773598157064,8.10930422430051,933.3025593540003,1.028075496695993,24.018506582384145,2,9.795164939543858,1
2025-06-18 10:29:46,HM-D420,37.50505234247502,40.20925305159881,6.596578912300968,0.0574245239619422,4.384764364082801,234.56204371205263,1013.8839404301871,12.779603752065105,6.9666186610816805,903.002371922659,1.0168111226223704,17.420069652121878,1,15.034554840875927,1
2025-06-18 10:29:47,HM-D420,37.53735042484733,36.510384243858006,5.407400551433742,0.005,4.9400266507859705,227.8754466971549,1011.4581286732622,16.822255692365985,6.4324650556021545,874.4483903549578,0.9571089861621953,19.598306443146903,2,12.658945164451021,1
2025-06-18 10:29:48,HM-A104,36.50339935085993,42.3899698363273,4.783976057473878,0.015156559452150633,3.220939990605097,285.4151372636583,1014.0058679522216,12.816290248423673,7.013491810986487,969.0521515085843,1.0242757433544425,20.768054881993695,0,11.995246320255236,0
2025-06-18 10:29:49,HM-B210,38.582419126502025,36.11959549876797,4.991629553349804,0.04863199282296306,4.820411430816502,282.25332473766315,1012.4992883151191,11.648788817686519,7.956183688660196,915.6949649276728,0.9683740371328243,21.327297413049493,2,11.851183691517106,1
2025-06-18 10:29:50,HM-A104,39.804764277455334,32.34481524691159,3.834636606661442,0.04597355083048825,4.367040057335866,263.54469739937366,1013.6401738772527,16.537480248729043,6.866995764636829,989.1201841988656,0.9413835821481629,22.788261906888295,1,13.820012732939164,0
2025-06-18 10:29:51,HM-B210,34.95399017367829,37.77566122525105,3.299222750023152,0.019560366853047136,3.6424604893170076,234.4009152541148,1011.0779734066897,14.21059956734587,8.064789591843049,1081.3430427864478,0.955041352292669,25.019115048326874,1,12.826155011130632,0
2025-06-18 10:29:52,HM-C315,34.91503911450133,30.85137161866104,6.076121169846362,0.06572681429278819,5.268752720981071,282.68366236812346,1010.9857368613236,13.41022499766416,7.944256105417263,1035.8240545843037,0.9939972740542742,21.437496123716134,0,12.760905132114935,1
2025-06-18 10:29:53,HM-C315,36.651769970558426,30.021760910734095,4.606665957361611,0.017738670179145002,6.654219226969154,224.90245018386562,1013.4768044677639,12.042018521705991,6.60804966832646,764.0871898694286,0.9730019477217998,22.374120527685072,0,12.401491437409684,1
2025-06-18 10:29:54,HM-D420,35.46192702323019,38.85803554803634,5.488603569543336,0.035829052586848216,6.03368365399007,292.6191138333965,1015.8258242366331,12.056340882989735,6.67489703031919,1007.3746612031209,1.0143790952772809,18.859340879228416,0,11.808720925131325,1
2025-06-18 10:29:55,HM-B210,32.89686699410034,39.27879383782041,2.5063415545652195,0.03318142229129688,4.160862076304317,298.96621667377684,1012.0322979579711,14.106821483715198,6.630651396288923,1012.9957220281535,0.9811108196608951,28.005638483777823,2,14.37512743745703,1
2025-06-18 10:29:56,HM-C315,34.50851815919262,28.631308597562953,4.526856797037995,0.03325870348640848,5.29727697646868,285.44440196751964,1011.9188249038067,14.717484874371399,6.102373639755414,926.147993207825,1.0138924329599217,23.647008158809225,2,11.787665738418239,1
2025-06-18 10:29:57,HM-B210,33.919197132406396,28.81601158779072,3.2699602933438294,0.03609338584272041,5.512064175827341,260.2842451705986,1012.4919227253391,17.487607407006347,5.87550539815721,1049.5332641818686,0.9844465984427221,20.859851679801267,2,10.575526945229644,1
2025-06-18 10:29:58,HM-C315,40.021126270045386,32.774751531834944,5.726083628517404,0.03549602990259163,4.643006115522134,173.57822989877621,1011.014933175063,14.733880570027129,6.66663735130915,973.5891100907296,0.9975770282814478,26.916904430735848,2,12.958577676477404,1
2025-06-18 10:29:59,HM-A104,41.257067515023195,31.443475834101687,6.492916778865778,0.03524971664421768,4.471206235975072,244.45657702943558,1013.8292087049292,14.358403662884811,5.1153049833560384,794.5136956555169,0.950953585280864,23.481844244803078,0,10.353322208104741,1
2025-06-18 10:30:00,HM-C315,34.26141635676353,37.382443815826846,7.1895490838207285,0.036361456848892415,4.912511313414073,302.94640096511984,1014.3530437345138,14.421249989076228,6.154254374658331,961.3374982689854,1.0717614154265755,22.879789767519664,1,14.710995972555049,1
2025-06-18 10:30:01,HM-A104,38.36518378284278,35.240249188827946,4.056530400581212,0.0617071424862376,7.515094600878166,278.1116940278383,1013.7233207185135,10.49476566848,7.442135350052604,928.279067596317,0.918470549751796,22.019138879647084,1,13.116817946163211,1
2025-06-18 10:30:02,HM-C315,39.183791061174375,40.824531288183024,3.308151361951446,0.03535172775765809,4.808780749639877,263.0594212054016,1012.7453579133255,14.019933968987303,5.941005257392044,899.7038910021105,1.124472785484366,26.064004090255704,2,9.325197453188927,1
2025-06-18 10:30:03,HM-D420,33.26932803335034,36.58628862616992,4.3721095880415985,0.05383892055688453,2.9790949293061724,229.57465130922168,1011.4627633587045,16.26923348506795,8.077694425449659,979.0263113399991,1.023691245919591,28.452460767726414,0,13.071287831440342,0
2025-06-18 10:30:04,HM-A104,37.4024473679475,31.77711585164161,3.9510306169794314,0.042974451815080764,3.2444483267769195,280.73217697805177,1016.0949472708161,15.173974302479353,7.524667001313776,1002.0539167946404,0.9218654736341504,25.996345798300784,0,11.940202400785795,0
2025-06-18 10:30:05,HM-C315,43.333790413366316,25.54435569056777,5.646850064219656,0.04732460975249997,4.29457009872968,202.81097245283675,1011.7138379249002,16.551544443058148,8.528140789840602,1003.5381783847773,1.0049482419522338,22.129835874794654,0,14.411578866487007,1
2025-06-18 10:30:06,HM-D420,38.69286716589408,35.89727992138589,2.895826561811147,0.055558224708252446,3.003739352353244,244.8749216697916,1011.6782705194563,17.163907881533657,8.697181030058763,1005.9652442939014,1.0111187158205763,27.357725185965684,1,12.289268466937294,0
2025-06-18 10:30:07,HM-A104,36.38674864666867,26.448359448818614,2.36840740657889,0.017194560196033323,4.340978731222675,302.1963866399035,1010.3122233493334,11.709651798251958,7.638035892682944,857.5490415223178,1.0746311688439476,20.957319466556747,1,12.322985861112244,0
2025-06-18 10:30:08,HM-D420,35.59953368695448,31.71522381539582,4.480327553963939,0.0525479985393815,7.1702527972642915,225.86889205570276,1010.8673527454133,13.699226340212352,6.571271403121999,865.0811534237137,0.9325565039923494,18.471923072433523,2,11.899635500033877,1
2025-06-18 10:30:09,HM-B210,31.943846038197762,31.39136610951662,6.089759096599136,0.03575691841565643,3.8862809150248667,268.2756799400463,1013.5244245420179,17.008129662998265,5.716460393352396,971.5587834816992,0.932616126388128,25.239449807998593,1,12.056551461881911,1
2025-06-18 10:30:10,HM-B210,38.17618414029183,32.45786442558284,3.4588149633640706,0.020779880017515556,3.1952599797667784,197.28627939503664,1012.3598311548631,15.209772727727675,5.86336230091499,1036.2474650649433,1.017240968069615,27.762032809265577,0,9.375226862920114,0
2025-06-18 10:30:11,HM-A104,41.86954196813579,28.419828700365713,6.2736699434096135,0.0555156005904465,4.250905946244385,230.43392490724025,1011.7041722831668,14.701023195971603,8.612522055112844,978.2829317799985,1.00966484627246,21.99879670872552,1,11.64621552082205,1
2025-06-18 10:30:12,HM-C315,34.9661406140052,31.373616959450253,5.5480066010404006,0.03149208038883714,4.375261480724571,255.38388455901844,1011.8032979532671,17.06730597014362,5.846780803365995,781.5312122293129,1.073362252810238,28.593458954680145,1,10.994071587219041,0
2025-06-18 10:30:13,HM-A104,32.16103830120735,40.729522892259,7.32019338010906,0.04754989530129827,3.313407117351903,260.60860106408626,1012.2293645736662,13.41659336864908,6.868450243290289,993.7677318641411,0.950091940897505,16.198277617835103,1,11.870601352914619,1
2025-06-18 10:30:14,HM-D420,35.33943954661694,40.71574243787467,3.796618000344366,0.005,3.0139617226474558,312.02334651503924,1012.003421699502,13.536944270908755,8.003834396794034,825.3997765388021,0.9459905674235622,21.630573554269514,2,14.13855087815581,1
2025-06-18 10:30:15,HM-C315,39.203999364945524,42.66249887732985,2.5902921998047064,0.05452165464513918,6.1275012560383,234.8784753305668,1015.1040006439331,13.405668986561535,6.340985843445812,1004.8461547474597,1.093508702944207,18.587023085367264,1,14.928137839482257,1
2025-06-18 10:30:16,HM-B210,35.928749987944784,35.05073262871887,5.8978126403226625,0.09180184355508537,5.100916842357799,267.83309027268524,1012.4420603397234,12.340966441508321,8.096126060710745,905.3851464771573,0.9977216517132348,18.509182236906103,2,12.813666968663277,1
2025-06-18 10:30:17,HM-C315,34.94882976771728,36.35609564449123,5.41981180676714,0.039846703738850645,3.9207118477495704,266.99147944129004,1013.2186818727816,14.556670187415408,6.990171228230676,974.1994168960279,0.9627271529633137,21.87335315624779,1,11.596020194628522,0
2025-06-18 10:30:18,HM-B210,37.04788728764465,40.80305708846829,5.303747010791779,0.03472890020915553,3.113514395058824,232.33452038547728,1013.0888102611397,15.360772134257566,7.216111586963556,1118.291778969809,1.0352869499723167,28.891017897988036,2,10.376867275820985,1
2025-06-18 10:30:19,HM-C315,37.574251867919635,27.646695215314413,3.428258443618576,0.030774179559205802,3.8790700086941716,278.6784062528308,1013.139739071366,12.91191802300348,6.811328317502515,921.751447315647,0.8974585423598741,27.27001084739449,0,11.763160894832975,0
2025-06-18 10:30:20,HM-C315,33.52902464807077,39.028142533518505,6.162725910988495,0.0511119242314334,3.0287568951751513,270.0451686453692,1012.4440706034474,14.785662455334219,6.306410612169681,889.6268755034293,1.0189143065045345,27.581266533140518,0,10.627834758623194,1
2025-06-18 10:30:21,HM-C315,36.45679075765794,41.51172361697827,4.049861289387393,0.033917882703533735,3.804621231003393,241.7957401591556,1012.2886062356167,13.804185712587087,7.597053438525781,915.2671191287482,0.9684027796061986,23.77869504828315,0,12.163618004844325,0
2025-06-18 10:30:22,HM-D420,35.756830965194155,30.55519836981188,5.303090718014948,0.05295116828787242,6.980289608526535,255.8410729761987,1013.9646669478702,14.846446482486753,7.498157215644727,829.7947679155731,0.9748943350737943,20.850585651944588,2,12.411446746496782,1
2025-06-18 10:30:23,HM-D420,35.39773912687979,41.913195728018295,4.310647832373587,0.07444896133751225,4.786625455783817,221.21283437948594,1013.3295083691725,17.888888100374274,7.632530164375413,869.6759797902153,1.0647684444595504,23.340900042153137,0,12.780353089310156,1
2025-06-18 10:30:24,HM-A104,34.45740832652138,45.288580401507915,5.531572385426503,0.05682077921096555,3.758380616317651,223.4323818627014,1011.8621961777186,15.172163338172007,7.853220896279275,1035.2286497342388,1.021459025621683,16.336315821113708,2,12.651338205082759,1
2025-06-18 10:30:25,HM-A104,39.353144636987,38.88923335255414,3.2073043230275156,0.036506674226429045,5.315442714232504,249.35328898798613,1008.7102225067092,15.211980395243621,6.700801958451014,792.1491321624264,0.9436124311247809,28.180236871744135,2,9.610339472380073,1
2025-06-18 10:30:26,HM-B210,35.38903267800493,37.97252184330062,5.74951746086899,0.01769048995177867,3.3839481251093892,272.4242263609642,1012.0895645479773,19.075842487336494,7.49775603383675,899.7976093450422,1.002573323379212,14.864768815275054,2,11.060093927438517,1
2025-06-18 10:30:27,HM-D420,32.01263678546679,29.401119754353708,5.986383889285914,0.031835623092861684,4.013250237986297,239.99470512374864,1010.95950316912,13.985254900246023,7.766520433883164,969.1701117132496,1.0058500401565662,21.488141150631225,0,11.088257684628674,0
2025-06-18 10:30:28,HM-B210,37.66074455493858,40.34601964520462,5.173967237424046,0.03678626868639468,2.274994264945016,231.50627625606265,1011.6150903255256,16.225538409277743,7.375402464326788,917.2348665714655,0.9868935080903956,21.997803129683923,2,11.829781317657284,1
2025-06-18 10:30:29,HM-A104,38.81299868168296,29.872046736814433,7.46584508780254,0.013628012790762627,6.028882858039261,243.07835376180347,1011.0168076459245,13.937576073210119,6.7185566690026945,1057.976998482518,0.9519864587693871,25.387862241361,1,12.65281663435048,1
2025-06-18 10:30:30,HM-B210,35.009959836960306,36.84870401320182,5.310740481218571,0.06173870435665368,4.257924722446346,274.85850696718757,1014.7393408251604,16.571504901852876,7.334046462196562,936.6560795856333,1.011339765998839,23.757363312320216,0,11.345778883332011,1
2025-06-18 10:30:31,HM-A104,35.600843275540086,37.35547553665512,6.378130640055003,0.05138172578979834,3.5174826102654935,209.44494606878868,1014.7287336746751,13.190430749438677,5.451767221710265,922.8865094258988,1.0350401265323113,24.022310084594874,1,17.24105317015431,1
2025-06-18 10:30:32,HM-D420,35.37736569892907,20.0,5.138625196698571,0.01902817411447421,5.279388907226757,275.8404706637487,1014.1370476805382,14.330299476417848,7.350857653427706,961.9380054982764,1.0226863614415482,12.599840595682277,0,14.342265557554729,0
2025-06-18 10:30:33,HM-C315,36.13336659642472,37.02901691767875,6.244098296007083,0.005,3.2427340195959973,265.3592551107019,1012.4992095111219,13.877713667562283,6.159214036122728,971.7376632774175,0.9643583667797465,21.329791362264736,2,10.94475983550529,1
2025-06-18 10:30:34,HM-D420,39.767125455474556,48.10737393239244,2.700043526507863,0.054357038212707265,3.315678463667104,209.3027436358212,1012.0011480197361,12.912866520433422,7.064498651314221,950.0033612723402,0.9921118673399453,19.465392051736053,2,14.491920920990975,1
2025-06-18 10:30:35,HM-B210,36.71485206906911,24.54071788864764,5.04941719606263,0.007133141807206755,4.045142422710845,242.94186475695616,1010.7582988327587,10.747338916481562,6.714605174713818,944.2707272779461,0.8895942556024079,22.596950918547435,2,14.997196539676867,1
2025-06-18 10:30:36,HM-B210,39.09898386416801,34.730540029934325,3.3095969558024576,0.041678649941081655,3.062978563062979,269.08214993569413,1014.3715927932841,15.814894886056527,7.088408598803149,793.6837012275264,1.079917275355498,21.47206873066243,0,10.624012100218133,0
2025-06-18 10:30:37,HM-D420,34.57792092113312,25.264423116326903,5.210640793417677,0.03180961062445061,3.7158615913798068,192.6865004805485,1014.3029338227308,13.726312872131775,5.807579568937206,859.589422727708,0.9699186993401606,22.88558762800591,0,10.72290885615995,0
2025-06-18 10:30:38,HM-D420,36.04077395104754,30.529292805974116,5.576289065015109,0.05599954935828127,4.262210905629443,218.94034444899913,1013.7391633315513,14.456743233641962,7.613819506736128,996.1664524294997,0.973991152644838,17.229405765583607,2,12.687235380690206,1
2025-06-18 10:30:39,HM-A104,39.38503453961827,25.35111572589848,6.2112464195687815,0.05623130439415047,4.3705503415086175,204.31263584568114,1011.3371199942376,14.74098555712075,7.778198052677146,1030.6264723419838,0.9342746406697533,22.406837825571998,0,14.090426982853888,1
2025-06-18 10:30:40,HM-B210,34.98598650393435,35.797711634986086,5.734864889608372,0.02357448359923361,2.9104385826295225,232.66057141587282,1012.4944199188616,12.06826371078692,6.26738668060209,1052.1891452442942,1.0430455741506433,28.998698809430977,1,12.990336351462716,0
2025-06-18 10:30:41,HM-B210,39.530341152271326,38.968024016297974,4.4947205528342895,0.05775932903263907,4.206804187185013,281.13195698021684,1012.8207797886639,14.213971133722826,5.959883710247318,834.5079592598378,1.0514037857777043,30.51594613932286,2,9.9160124452194,1
2025-06-18 10:30:42,HM-D420,35.429039772512155,37.048693163845456,3.8696067674587846,0.03421068157352994,5.196800784413087,273.9479348389272,1010.3496171707386,11.42664942931924,6.321265219150047,883.0069503301454,0.9715145614227487,27.401354078122147,1,11.309184656189695,0
2025-06-18 10:30:43,HM-C315,36.19584371235395,30.34908765271214,1.4862147503875063,0.04037927876331715,5.396923608647729,234.8377778147566,1015.1432399037038,14.080805963181996,7.643297527399126,1069.7056196953686,0.9431085496500603,14.681197116623597,1,11.617470486179046,0
2025-06-18 10:30:44,HM-B210,41.175406468372316,31.953026217020362,5.1032788667758275,0.040789193525107306,3.9029678620485257,280.86822872584276,1010.972422974387,17.996396436724147,6.9964840091857905,919.5251117068145,1.001023122354222,20.84130367162642,0,13.760576930323305,1
2025-06-18 10:30:45,HM-C315,35.91045255708442,36.3613634304282,6.70679257146355,0.08496333922011681,4.273392856084891,269.9020440599965,1011.8305756531371,13.924175049006545,6.885906848132612,999.4169433201521,0.9835325314247032,20.00297172579463,1,10.36967098695392,1
2025-06-18 10:30:46,HM-D420,37.363364506876586,30.505380049305398,5.162590199972292,0.037612058279239774,4.202616239379899,288.2538759384154,1010.3422121891588,12.704905430224057,6.929457073678668,1200.0,1.0372156822046519,22.612873957658785,2,10.60978693936956,1
2025-06-18 10:30:47,HM-D420,38.54109105630434,28.35602445742179,4.872872463157683,0.006561941309826354,2.8299652636423023,247.3436228697057,1012.6946578596901,14.019674510353425,6.512807173672794,1033.9846753119837,0.9934355741966928,27.306016493001003,1,12.589231847451373,0
2025-06-18 10:30:48,HM-A104,37.566271624180025,33.80436469949019,5.214585932824116,0.02570572997717275,3.8518097123853545,266.1723129239878,1012.6271967902666,18.13678341200672,7.315577614525913,932.6927915265576,0.9898739206486897,21.815529577019444,0,12.494346402565796,0
2025-06-18 10:30:49,HM-B210,37.63763337222394,30.276458953637963,4.418435900085355,0.054760890587831436,5.455473956532112,351.15462443250306,1014.4702311786178,14.10163422505044,8.261847166549229,938.7329790874978,1.033522200637878,18.323060498101,0,13.853470015651617,0
2025-06-18 10:30:50,HM-C315,36.85865064004567,37.057789586268214,5.292451828760832,0.03431864079672011,5.4745377506193345,240.71279721498223,1011.578650358035,11.90023829779153,6.333894261126153,992.1288716577861,0.9212004036892243,26.645948033413212,2,11.566148200823084,1
2025-06-18 10:30:51,HM-A104,33.74440197745919,41.49348700158458,4.392554508031113,0.04029912281664041,4.99427049266098,248.0505386455864,1011.3720182086195,11.348698409607966,7.548899561929565,796.3508805422152,0.9844365568447474,23.486669178498897,2,14.120065569247647,1
2025-06-18 10:30:52,HM-B210,37.870723325249394,47.987917013528815,3.6516779014676284,0.031360963401681305,1.3065411222735444,245.23293671163978,1013.1202550166036,14.189607367099004,7.006235922260573,985.2901592245661,1.0096087005702938,25.087442452573747,2,13.869555519030909,1
2025-06-18 10:30:53,HM-A104,35.168828857470864,36.69033456069825,4.8870521080371265,0.005,3.5621847798436805,247.28489354327692,1009.8868239920423,16.626400433774336,6.999703299438791,927.8622596788524,0.9786104663744264,26.04179057083008,2,12.34512434388231,1
2025-06-18 10:30:54,HM-D420,38.93941804350794,38.229860814097684,4.854345589077998,0.024439861825203083,5.061113320817136,266.74308439423197,1014.9972297847236,15.882045633643049,8.151746582313283,943.8053454455644,1.0140363081087356,20.643745326033216,2,11.691672894097122,1
2025-06-18 10:30:55,HM-B210,40.43015355987421,32.00341328352936,7.812755130689431,0.03845415581838307,6.554871142018124,251.74325985246955,1011.0175406435214,17.19563096616338,7.841683013195297,958.463400510547,1.0110801915668877,17.27511813034539,1,15.030293370223559,1
2025-06-18 10:30:56,HM-A104,32.48610684645746,32.313116128892275,3.791465010496833,0.005,4.482527899656988,209.0545132225642,1015.7254960215412,16.25573822530484,7.05642498661325,1075.257177152338,1.0439550002752356,22.868346245973314,1,13.201055398117155,0
2025-06-18 10:30:57,HM-A104,40.43451956856776,41.420281232704696,4.760837443972996,0.01642314621504911,4.615047488232634,250.54146613736677,1011.811932468133,15.022445527346584,7.792653647470701,970.5170569285578,0.9862823536512585,20.625228535006624,0,12.067579617286157,1
2025-06-18 10:30:58,HM-C315,35.97235552033239,33.61836099926611,4.615002010457719,0.033199946484757624,4.364217918826761,234.2107142875906,1010.859678997512,9.718754829754582,5.675196240080519,968.7760119063134,0.8983642813685944,22.293641318718294,1,11.044659815757589,0
2025-06-18 10:30:59,HM-A104,36.67262694453882,35.36473689302891,4.328475751129338,0.033373696427401456,2.9321689298765827,198.14443522121934,1013.8746215252776,17.769697562697218,5.292772352448094,1007.2051151294901,0.9226202395328914,27.667837562575297,2,14.45349994653851,1
2025-06-18 10:31:00,HM-B210,34.71903136871902,41.114878350641675,5.769657858659977,0.047888437578897894,4.922311691946812,284.3509669583537,1013.7882630811017,12.086434592501785,6.487206578679072,955.8260977143259,1.023178415495906,22.798267740282036,2,11.531183792157766,1
2025-06-18 10:31:01,HM-B210,37.471169322665695,33.65686414056705,8.356944526736328,0.034462858156070024,2.6743828232506925,234.04405929931312,1013.8246251428343,19.62121236895129,6.245131303706493,1002.9329485893676,1.0090713184925768,29.359780463923244,0,11.692965541048048,1
2025-06-18 10:31:02,HM-C315,37.167037207943515,42.502102188440745,4.518759204994086,0.04715267547118072,4.397710252989985,261.5009940864616,1013.150883241113,13.466339779010056,6.856321968943246,940.9371531993729,0.9887065717920959,23.178347795083184,2,11.366006564990878,1
2025-06-18 10:31:03,HM-B210,39.69230706323213,37.86514668025703,5.773841737429308,0.02599918209867117,4.606859738284749,155.38029833704888,1016.3595828949985,13.5491703909823,7.962708997113102,1043.0666893685438,0.9923353566715668,20.85589829796166,0,11.935203005768528,0
2025-06-18 10:31:04,HM-D420,35.14651680842436,37.276990854891075,2.131442013579183,0.04423135799873347,4.559157930791289,264.9676604560044,1010.9757354869699,13.93436059391707,6.882568843138172,1052.2714523269176,0.9675981567535821,16.95806779201491,1,13.100309180131722,0
2025-06-18 10:31:05,HM-B210,41.15200600484477,31.75905426466328,4.409705705023953,0.06942230296056894,2.9419114093274006,240.59758746468623,1015.0423870854905,15.027415238549818,7.801659866060512,1003.8058065065691,0.9677712923447161,22.89630007738267,1,11.730361317224059,1
2025-06-18 10:31:06,HM-B210,38.66178521577223,37.54562997525053,7.3328617094182995,0.04577933401933804,3.649168016588632,203.35455607149026,1010.5866426995831,12.258429500014229,7.783799287281457,766.5694587744168,0.972647677904094,18.335217860611746,1,12.352733368660715,1
2025-06-18 10:31:07,HM-A104,37.22742244193852,32.854770260668765,4.917529409828028,0.03529968341255089,5.326483207721504,233.44242161402101,1015.4778431907212,13.230354517317386,5.649324091857884,964.0215651426637,0.9860379262279149,24.13481906086093,0,11.441825998027563,0
2025-06-18 10:31:08,HM-A104,36.54803909026127,37.34704428097852,5.753510022513938,0.021145277556270995,4.587429384182341,229.41021404729418,1013.5289095760187,16.868989588109347,7.6254381513051746,796.0692138728052,1.006101230219573,21.54687314430899,2,13.232154871053938,1
2025-06-18 10:31:09,HM-B210,36.233576382165374,34.49087467119786,4.065873295806217,0.04173950819843552,3.6570312503395055,272.5202618388295,1015.3390481487163,17.682072817468672,7.999456041670327,980.5207812081261,0.9961696918835802,21.416024249411468,0,12.348855019857186,0
2025-06-18 10:31:10,HM-C315,36.39664056398374,39.8340478549206,5.386335787784698,0.03564010818138549,3.2146403233997596,252.7128053204126,1014.3381925479492,12.789552881312488,8.055113427985768,1078.2666134955648,0.9836248211991464,22.340607703690967,1,10.652788286768837,0
2025-06-18 10:31:11,HM-A104,37.421004892338686,34.841144136016226,7.449164370179123,0.05123997304103589,5.463372300027358,204.3253229526531,1009.7380780883624,15.667080611827327,6.9877633850266125,1041.3982338404885,1.0347853063585901,22.932428739226957,0,12.312316581585035,1
2025-06-18 10:31:12,HM-C315,36.47750009826567,45.189287751183485,3.259875556596347,0.005,4.541235589526004,263.15511608445524,1012.4930019475293,13.953158275513701,7.1394898544385645,928.5024752395638,1.043453725343645,21.86319053814313,2,12.849602164631802,1
2025-06-18 10:31:13,HM-B210,35.39867635873128,33.62226510802137,8.279813757763684,0.036237859365561474,3.143089972627185,187.87772905813227,1011.1201751400347,16.004222271867057,7.191807856127596,937.1883701688856,1.0669357050059936,30.546591609557495,0,11.880934983237204,1
2025-06-18 10:31:14,HM-B210,37.43614823709176,32.32712618988245,2.6810837271589367,0.048385617558203434,4.273618774891379,216.24779334276286,1015.240648724542,13.205111425922844,7.018194465220105,802.9037681630749,0.9905746260370494,18.911807872146916,1,9.382400736657392,0
2025-06-18 10:31:15,HM-D420,34.909279703186535,36.73056893400627,4.271747234771738,0.042587648660161806,3.532670791893168,250.43956141373178,1014.2008952945591,16.462248323196047,6.256203961150361,951.0692498821003,0.973974902113223,26.096797581022322,2,14.377894438701695,1
2025-06-18 10:31:16,HM-A104,37.806167252504366,40.38935527913737,3.7461242228306224,0.03334960790334373,4.861655609895804,231.27105790763858,1013.2271238618068,14.733458037098034,6.438329356080733,933.6224236618639,0.9968177599259384,27.022594290909595,1,10.990493294253422,0
2025-06-18 10:31:17,HM-B210,36.442332411298146,40.35049242413637,4.591308527349135,0.03307293952680327,6.004342526680551,285.75134607918847,1012.3812746049484,14.015409199036638,7.579198381388292,849.5075387752546,0.972571320653737,17.57031516723355,2,13.424202446443303,1
2025-06-18 10:31:18,HM-D420,38.74182727307961,35.833907222012485,3.726645687013888,0.01802306348043319,3.20299257551525,255.07967784583184,1013.6352917690931,14.925406108792831,6.973567611990822,871.5025921109271,0.9992069396291569,22.225805828748957,2,11.930747865505964,1
2025-06-18 10:31:19,HM-A104,39.472685526738694,36.695445804023926,3.6129205047605772,0.047577437713785496,4.688609030932898,268.77876814744707,1011.5627834686068,17.888809347568102,7.175852920463717,854.1458228739132,1.0203509677390887,23.424991947157107,1,12.356349873260834,0
2025-06-18 10:31:20,HM-B210,39.471701400861846,36.702690286862115,3.219880091732569,0.048497706067869496,4.666781410249386,270.0021830449274,1013.4219903199225,14.811019606848781,7.969043384219658,1121.8233929799158,1.005324884511887,22.68536901497777,1,12.202255108493157,0
2025-06-18 10:31:21,HM-B210,37.79526264013157,29.610635931859374,5.966080442834331,0.011737896204079452,1.9265723699875852,236.70600818192506,1012.815099625729,15.569964184599494,7.156297032483391,959.5511939321898,0.9919254865767231,22.528832192624936,1,14.004513528232792,0
2025-06-18 10:31:22,HM-A104,38.08707805191711,40.12036720883049,4.64306300608913,0.05529275023242035,5.4991397001377695,218.03738424146405,1011.7748380396818,15.179777114985507,6.181489404212409,1010.3213297511786,1.0319327310297781,24.501176696909102,0,12.849768420913685,0
2025-06-18 10:31:23,HM-A104,36.19312243470391,28.710717839396665,4.250734370450738,0.026907825269331713,7.018737086771013,248.50161335962562,1014.043190875219,15.188421591000168,8.860802321742895,1023.2768247235517,1.0838227414299642,13.613891342543933,1,12.717171251717295,1
2025-06-18 10:31:24,HM-A104,38.69409922120837,29.62000662107604,5.423385365873242,0.03248013236799157,4.665643626238726,276.0166952707978,1015.8287163383733,17.43600368738206,6.857160493883805,1078.9633627370563,0.9646163181840252,21.605919432351303,2,10.672986572626238,1
2025-06-18 10:31:25,HM-B210,38.97625340165431,35.27513542260733,2.7580467333641607,0.07707792891390329,6.131544007179791,243.016981357227,1010.8574888636757,16.664668934816703,6.810893596340516,1076.4369724077533,1.0167152775894301,20.318927704372065,0,14.746661609630891,1
2025-06-18 10:31:26,HM-B210,33.08167711618868,33.400701329272295,5.459558815949519,0.0720383973857566,2.9945267545033953,267.72861481164665,1014.4170476955766,12.279793523756975,7.324084839752316,1025.5277858497525,0.9904680628815706,19.12272034007242,0,10.22005390166282,1
2025-06-18 10:31:27,HM-D420,37.94586798901816,38.98078699687725,4.859345898468131,0.011068050968605542,3.637482925255237,249.18267863970885,1011.788941484042,16.097305778497102,6.983224830806367,828.2826540277035,0.9578043322816995,25.51656597302639,0,14.45117451676055,0
2025-06-18 10:31:28,HM-C315,40.42032451927217,37.2367633633509,4.905443254956158,0.014420061283404485,4.585491881287497,203.40538000951273,1013.8760255126882,18.224390940815034,7.0465928294828455,1026.2311289021818,0.9640201612193467,26.128549882941655,0,9.760661498729368,1
2025-06-18 10:31:29,HM-A104,36.10927426348804,35.691006935353464,5.778750126360418,0.018980192538059285,3.4755839281340424,205.95743741289877,1012.0742494490934,14.534462613979793,6.641018303639569,918.0332803612118,0.9796777729870488,26.54717784337806,0,15.218311147929544,0
2025-06-18 10:31:30,HM-B210,35.5636325596653,29.37233002013975,7.465286013190238,0.07172449064420168,4.545717487254841,296.8742048620252,1012.5504323680644,16.709400869772537,7.873177876065626,848.9463722420091,1.0786626040056684,25.405351106839685,0,13.118603503173041,1
2025-06-18 10:31:31,HM-B210,35.9503413472842,35.13280052431701,5.484462112932288,0.02785582260814272,5.70404964630751,214.97424613282575,1012.6987917574351,9.46972285390246,7.990281866495858,920.2303184372529,1.0476574340931604,17.21152621657452,1,11.726734260029229,0
2025-06-18 10:31:32,HM-A104,33.23781001792718,34.737442654392915,4.700188238292826,0.01051678104420168,3.440322269090681,230.8722288667712,1015.0420149834154,13.06772958244299,8.55169287483517,962.2530065891423,0.9553370451847353,22.582548369346963,2,10.425081024658567,1
2025-06-18 10:31:33,HM-C315,37.314959886122274,36.11093368451085,3.2260334186360984,0.06464893097938335,5.7570232718549645,277.527611438258,1012.8619337787549,19.789845264902926,8.669681773348312,744.7889976766504,1.0272289140042792,26.438189177475877,1,12.476020681027936,1
2025-06-18 10:31:34,HM-A104,37.07491360024313,32.84980997286181,1.413773111549335,0.05187881350510786,2.192047534664671,214.22366458739202,1012.4912340375764,16.526520318263294,5.515951398461738,982.0469451928603,0.9514601239863941,11.924215322817767,2,13.188125097197132,1
2025-06-18 10:31:35,HM-C315,37.492567082193254,37.61408768996772,5.191826250744294,0.08501876617061724,3.8174817774397,229.49461869983446,1012.8756662122665,15.436485289721318,7.585146661592583,1040.945827117164,0.9686844709865667,28.502875533887355,0,12.586068770232137,1
2025-06-18 10:31:36,HM-B210,38.03994155304451,33.267194811465664,3.1105499897286992,0.051838628087964356,4.263681387267174,243.6505950774397,1015.8441248653277,18.68125766085431,6.1501478206544915,956.9390527914389,1.0656495860486994,16.983083965458572,1,11.889164034476764,0
2025-06-18 10:31:37,HM-C315,35.00501649454631,37.14556732564556,1.1896048186217811,0.03936234212481245,3.387650441207853,239.7310321322456,1013.8401302789065,12.77852749797,8.126910003417112,863.4213624611612,1.0991712579716482,18.44105400580615,1,11.409294944291082,0
2025-06-18 10:31:38,HM-D420,37.68299799755511,38.98023787042875,4.473694365351114,0.04505402017899616,3.834223858083354,220.88428895841054,1012.0843306968262,17.538418170058648,7.355811264003023,998.7953149293122,0.9053217651488722,25.064464018448316,1,14.271964486170907,0
2025-06-18 10:31:39,HM-B210,38.10799664978932,32.32702250673813,5.3592226036428166,0.030940106814494196,6.175373794880344,244.19446872434872,1015.2472278378366,13.285000668676748,6.513556645372255,947.8416144729646,1.0015382224268004,29.79661402371638,2,12.020532378677052,1
2025-06-18 10:31:40,HM-D420,35.77902067295742,31.139207649092576,6.116455724803911,0.06610991732750605,5.987918285798755,270.37255074371944,1013.270845811282,15.189290812860813,6.1886659158461645,1089.3195265102129,1.0203815852925395,18.26369817765987,0,13.055312372304641,1
2025-06-18 10:31:41,HM-A104,38.05029499562993,37.3818307823467,6.591876070406784,0.06716551470392379,5.364041113801404,246.31292636855795,1011.7056781715756,11.75029807955082,6.573833579064156,766.1614183288692,0.9862726160770446,18.85798684074612,0,13.319737362686633,1
2025-06-18 10:31:42,HM-A104,37.20176656596686,28.39450159642785,6.313568245392573,0.008341585201576816,5.749454839960227,230.24595633043708,1013.590558620047,14.232770061192877,6.453853308099988,743.9467952782398,1.007030600114881,27.020566634467272,0,10.637629514722711,1
2025-06-18 10:31:43,HM-A104,35.42202557639155,40.55832377446031,6.3538625444061,0.05885054254915284,3.7555554956776698,278.3829294663526,1012.774748746227,17.647308204355152,8.161586320627734,942.0734256514517,0.9797195632899225,22.65773052632107,2,12.347965325022793,1
2025-06-18 10:31:44,HM-C315,37.706971741209195,35.054813085584875,2.7978949811170204,0.018578625245182973,3.0325914894835844,301.1937577839245,1008.0,13.978816083084839,7.154696153132991,913.1272100574678,1.031370019675092,21.007459790537208,1,14.469837019641693,0
2025-06-18 10:31:45,HM-B210,36.27322314161695,34.426207990508175,4.775606543889863,0.08827472270928485,3.5308789824329656,278.6542266090272,1013.4961209878004,15.986151999344612,6.3012658470754594,971.5519526940901,0.982912943162401,22.83921369315423,2,12.93592579243366,1
2025-06-18 10:31:46,HM-A104,38.742663185035966,37.73007959175613,5.869753349891919,0.07034086171909591,3.7091786452352395,216.3019494274242,1011.3869460776032,14.026502270223771,7.437171057677509,983.3574518381254,1.027964820406951,30.737996264709054,0,13.168552602437146,1
2025-06-18 10:31:47,HM-A104,36.40208404982741,37.419772602110484,5.06956192271795,0.017239458646231158,3.7685820396871024,217.09819449744433,1011.0910077473229,15.861321593201694,7.422795999786856,1071.5647472381863,1.0492703439217228,25.079660217609412,2,11.863983964160408,1
2025-06-18 10:31:48,HM-B210,33.77558604558735,35.03259037489454,4.767276085126249,0.04477997496964172,5.133766549952026,263.10989434720557,1010.085359965804,16.489589026540738,6.995978784979461,930.7188230042859,1.04224409368818,23.421173178984063,2,14.131616091677966,1
2025-06-18 10:31:49,HM-A104,37.66746746381913,39.39308205300957,5.042135029868463,0.05986172765465359,4.887813455419447,255.13137789787118,1013.192285747272,13.643828906041936,8.10128062970857,985.9897260751193,0.9908003928404525,24.319245988663653,2,15.42794257877264,1
2025-06-18 10:31:50,HM-D420,37.573508119578584,31.63805847324874,5.3683009973137255,0.02752614773679802,4.289205681612328,213.25671013015028,1012.7787039251949,13.269215476542492,7.5766108692739085,844.7656152387945,0.8871552293674883,23.662610997408514,0,11.336176743225124,0
2025-06-18 10:31:51,HM-B210,34.29715721800585,38.561782466468124,4.884659441846509,0.012673140803215164,4.363106827907582,258.5930181497827,1014.4236239356213,14.195543625980468,7.512847974016973,1147.2070734742133,1.0244935039784815,25.653340694880722,1,13.678335473524104,0
2025-06-18 10:31:52,HM-B210,38.87634028858827,29.60688264165462,3.7305809638864,0.042035726564052994,5.81390673816288,252.966068530039,1011.803771192403,14.151928689375039,5.645978933947831,1038.480735502533,0.9277165305787441,19.44700562370199,0,10.435544464428652,0
2025-06-18 10:31:53,HM-B210,38.7455520903387,37.55324495532567,2.445763839293564,0.0368127182680945,2.949812449079473,294.337553475593,1012.2780457211244,10.951964234478728,6.853104591470332,1020.6037007016477,1.0231171132404482,21.727682139829376,2,13.412701721680019,1
2025-06-18 10:31:54,HM-D420,34.825049518812726,33.360633517665214,4.693959257793137,0.021714388319858596,5.447607680418848,236.93509938723327,1015.9693509519866,15.669866227445388,7.654312902021316,885.4326973778308,1.019134669184277,21.920471257600344,1,13.160610443836154,0
2025-06-18 10:31:55,HM-B210,35.350934247350224,28.444569688154047,5.086224131457912,0.06472184022435734,1.9664469597538505,291.59807367407507,1010.0376164336726,15.76327007683109,7.426853077942055,1058.9910015009993,0.9896357009824097,18.294065732547818,1,10.783791673226212,1
2025-06-18 10:31:56,HM-D420,36.644980967426186,36.283214085721866,5.069869372213913,0.014220909150254632,3.820925204777289,292.9125249520675,1014.8238458913115,11.40664674376206,7.199237492869391,1031.0630766030436,1.0033411023787635,17.606964920393256,0,13.888328001850024,0
2025-06-18 10:31:57,HM-B210,35.10286967240591,34.82786753424635,6.429381595373317,0.03784270003014108,6.3127041297690685,229.80994238650095,1011.8303145698887,16.67792051104976,7.684614541945449,1001.1617311299455,1.0727397503471692,27.585748106084232,0,11.005855291397625,1
2025-06-18 10:31:58,HM-C315,38.60099296227919,27.286372452589358,6.695909451534389,0.04363652575160516,4.861010270779368,260.62106881631166,1017.6721235041666,14.200454438946508,7.494874245779295,941.8201348019277,1.0647713896109934,24.835046943088354,1,15.399212215266232,1
2025-06-18 10:31:59,HM-A104,37.372429873318026,24.431672287201348,4.843965794346135,0.04617944799029662,3.940029953826523,243.6562987193425,1014.0832321495653,15.656561652909746,7.778982519821395,865.8831060392131,0.9824298628591142,29.0749917724724,2,12.715417041904082,1
2025-06-18 10:32:00,HM-C315,34.26610713527941,34.23868083291253,4.854702745254786,0.06261346421327779,5.598384428128028,242.42754864432743,1012.0580318583218,14.503600902543251,7.450042431061682,945.4777591642613,0.9055179176336746,24.018709442722276,0,12.268769824181353,1
2025-06-18 10:32:01,HM-A104,34.94382271787678,43.09112980350913,5.859692899355975,0.03519927367998687,5.214124892104023,257.3872591500976,1010.9093660646146,15.652104746305922,7.744126248639763,887.0162595965362,1.0785472652358938,23.27899254084629,1,11.499000696695468,0
2025-06-18 10:32:02,HM-D420,39.969297942916,36.60507504102955,5.639822569276963,0.005,5.165537802543536,226.30200778412868,1013.6138741790804,15.234337757294421,7.70388746487836,980.6649761629031,0.9210998119864564,21.185061447006856,1,13.411848073490601,0
2025-06-18 10:32:03,HM-C315,40.838905944788536,31.65848381642778,4.336162697297999,0.032264455542607734,4.258368993481483,202.14121358135407,1010.1352869544576,16.755733107087394,7.132976657500025,861.9328148606062,1.0045602497095716,26.033030845299276,2,13.01172785829541,1
2025-06-18 10:32:04,HM-B210,38.34682244013127,40.40934757843928,5.988520754208164,0.054513265333112924,5.65193405966717,234.04150072982523,1014.0327746542658,15.00380879928225,7.175120702969744,892.5851490347311,0.9963300000579163,16.90847265731097,1,12.713586355511293,0
2025-06-18 10:32:05,HM-A104,36.47181186212421,39.53611808937279,4.780438386575777,0.03711698815958202,3.7273180254328806,285.4264172454364,1010.9094052657049,16.507983460142214,7.262022239239082,783.3265091096157,1.0217675764370777,23.218409561171494,0,11.374534921771968,0
2025-06-18 10:32:06,HM-A104,35.90009271898356,41.35789538994693,4.812333891949659,0.037265019123254445,3.670579115177345,243.90063215004818,1011.545213205897,17.84957065797726,6.204555795893129,992.5540760173203,1.0649653409341158,25.698438836537434,1,12.098250792505892,0
2025-06-18 10:32:07,HM-C315,38.37424854577751,38.419488821713536,5.65042069263296,0.05052426643151971,6.749135584365902,249.30268044894584,1008.7960838143572,14.835972716644767,5.964138258654903,984.6235364387036,1.0030302212153632,21.662305021916566,2,11.393394408263685,1
2025-06-18 10:32:08,HM-D420,37.18980133564872,39.42951161555604,4.548250070385115,0.05316086721460809,3.900100374596618,273.77948409244016,1013.1952053765496,14.473175934150838,7.602934283324452,909.5030875711003,0.9747636059131898,23.764434061132338,2,9.92773421384487,1
2025-06-18 10:32:09,HM-C315,32.97482138146406,38.65554265506282,5.142008761235005,0.005,2.061786484342368,202.0850891665536,1013.4190878830708,16.125235265387,7.645837496817052,754.8127280913741,1.0142321555289955,28.33771569054855,2,12.29033332045437,1
2025-06-18 10:32:10,HM-D420,39.57966995633708,32.61247526291786,5.446316459662324,0.03962631738250656,5.774994316256221,263.17322511471997,1013.0425527483378,10.878604037070913,7.1795192022378265,814.985620646074,0.9318489465242101,21.080760982203635,0,10.829480933910599,0
2025-06-18 10:32:11,HM-D420,40.36450816840717,26.813596302982024,6.225767839199316,0.03609571557676353,6.133562629429186,300.09560495824576,1010.4165498505595,13.251793063693452,7.484438880348642,958.0434439916114,0.9657977535871024,23.679108919939527,0,15.527762394931866,1
2025-06-18 10:32:12,HM-A104,38.84313133235799,32.394323021034744,6.122210870412913,0.04150238752123507,4.217099636342098,252.74593049659933,1015.1519656354511,13.181758438907094,7.725082599995871,1030.0448156927753,0.989420909946203,26.093198773446538,0,15.315598935413178,1
2025-06-18 10:32:13,HM-C315,34.27097201342948,40.52468488500677,5.400566715152495,0.005,1.9867199715519526,192.31063221983857,1012.7569282681981,16.10432082976171,7.548514570527265,870.7290605364481,1.0271539761367703,20.72584443305631,1,13.02951072545036,0
2025-06-18 10:32:14,HM-C315,35.407933875691654,33.09494581952714,1.0868468983397164,0.06646170505621712,4.433738508392555,247.70826586906873,1012.2173019728804,15.300222319496037,7.648400015285048,1046.773211345484,1.0693188626976682,17.684307306452364,2,9.754652043948635,1
2025-06-18 10:32:15,HM-D420,32.35570034660572,34.27270474446322,5.3650262295818045,0.040134476642656985,6.986761345712103,268.3065144663393,1014.2048383407868,17.53623040887261,6.163130251521278,1084.3625748373292,1.0540638950823216,24.918361567120236,2,13.186662756693034,1
2025-06-18 10:32:16,HM-C315,40.99012122848889,29.171075334267776,5.596828893418866,0.04849984680092879,4.743070940351881,253.36223594973518,1012.3395213948578,17.416289858652387,8.516658278914706,986.3713762758007,1.0460317734967248,22.462800788996148,2,12.17272806058126,1
2025-06-18 10:32:17,HM-B210,36.10815359185243,32.24455213920388,5.901393270695567,0.07531968428015673,5.423229649857172,258.17357340572784,1013.6618240073968,11.077790127955074,7.458680895463221,1033.4490989838248,1.054605100653375,21.893789288636775,0,14.171863160451322,1
2025-06-18 10:32:18,HM-B210,42.83322330412446,34.95455416608287,3.565962555901928,0.04869305594801001,5.4921744483682975,261.7782888432344,1011.8295978710581,11.626863587074434,7.948513033012365,859.9143149459894,1.0294566675810009,22.679551056529085,2,14.028363412971107,1
2025-06-18 10:32:19,HM-C315,41.88807507726945,37.46281088929376,1.8168859213701616,0.009201861940690816,5.665552175283252,222.03270782521534,1014.2242368407897,15.077297692852662,7.667659359363903,807.5188865934346,1.0038759879360755,17.27258601803077,1,11.364843380851628,1
2025-06-18 10:32:20,HM-C315,34.74143395907764,32.70669516412167,6.2092550161755,0.03827112658097075,6.735035942250326,225.7823918313172,1014.1857254427226,11.906121247186196,6.375336737372921,1098.8819797201736,0.9499952657242353,21.00044772026027,1,11.952174355151351,1
2025-06-18 10:32:21,HM-D420,35.22933065149247,32.3573128719115,3.1632101098055645,0.05349776185829657,5.796145204566966,238.91069048964619,1012.3202268674836,11.055518628208038,6.650924967403615,870.7837393579251,1.0015903064149605,24.858145230409995,0,11.842321394671854,0
2025-06-18 10:32:22,HM-B210,38.1654758558678,39.21087782574434,6.833254316476723,0.041132574277131476,4.403139597384868,261.78019940433927,1013.2283885341367,13.524101426515617,6.780087444100744,1042.1412066910216,0.9178757025027526,21.989341708653093,0,11.874189824547383,1
2025-06-18 10:32:23,HM-B210,32.61364474033432,36.62633263219112,4.132022171286755,0.07413642940708981,3.1609509179409283,214.32750224606542,1012.9627899387084,10.82993483691197,8.11910450821243,983.5574932974617,0.9738968789612881,19.935849581627966,0,10.124055303176197,1
2025-06-18 10:32:24,HM-A104,35.9043522065536,37.243362325960746,3.4592405624721456,0.02288075682548538,5.015657134695087,311.69012033295667,1012.8123578235133,12.944682604710689,6.429979454312887,1090.8256848865522,1.003243531949742,19.04242601249907,2,13.073578700571856,1
2025-06-18 10:32:25,HM-D420,35.65460249698318,42.641602930341854,5.524432958803979,0.06490245043975312,4.267857531298769,177.2977127672956,1011.2180503889566,16.4227992990375,6.197602360366697,1012.0572078604943,1.0029835781055891,23.087331137392916,2,12.622035438743143,1
2025-06-18 10:32:26,HM-A104,41.62791485486677,32.474628057948216,5.92426412750658,0.05678134977919712,5.360143648877334,198.79825636637727,1011.4290022973821,14.02796784920713,7.543399579640854,856.1829111197466,0.9685374040698012,25.365419939303838,2,12.010215941396437,1
2025-06-18 10:32:27,HM-B210,37.40254471376114,34.75490414759182,5.834867033113367,0.0417753337170891,3.4645556285448667,266.6101690171502,1012.4220841999411,17.995457666648782,8.602207164966641,922.3016072275861,0.9138110575889069,26.1039841182029,1,12.911785136359153,0
2025-06-18 10:32:28,HM-D420,36.28808255615701,37.75579887211573,5.752415608903866,0.046626585041216154,4.139265436109629,264.0264571741926,1013.1032397053181,13.863683532122671,6.526679738628286,1006.09547508626,0.9719549195530376,19.775837563997626,1,12.989582993032661,0
2025-06-18 10:32:29,HM-C315,35.42128816828675,30.642463191709933,3.938314539120051,0.020446229238948094,4.513391628878506,247.82884187882948,1011.674634171091,16.106222286977516,8.346827672926633,906.0873940046594,0.9872443112050205,28.499715305622402,2,14.24858027977326,1
2025-06-18 10:32:30,HM-D420,39.23512399331199,36.1452486912606,2.7096353055692077,0.03385486929862212,3.3729507055556653,270.28597891541136,1013.0216686530599,13.94111342316157,7.797092303235853,1033.6964474083247,1.00946134434556,22.45539129873527,1,13.843692416267158,0
2025-06-18 10:32:31,HM-C315,35.75822294017398,35.110982486295505,4.4155034070513235,0.051542350112762855,4.547832482092028,267.0310582170576,1009.565967317693,14.567849422428123,6.862756787171994,957.6912349511838,1.0346086193302941,15.440991058206661,1,14.047811323606792,0
2025-06-18 10:32:32,HM-C315,36.87429256409375,48.88649705784562,3.281438317976767,0.03701765713569774,5.44422696297924,250.00240689357986,1013.0043509373212,14.215462475381432,6.141881940667368,1035.2883733231167,0.9846094637342004,22.47543452767778,0,11.153161572719476,0
2025-06-18 10:32:33,HM-D420,35.40219119382009,35.499347508325364,5.648823027349155,0.04120477418557468,6.792166084677005,258.04710085751276,1013.1156704043514,16.11232887310164,6.930169339308106,1040.319135769888,0.9807607146311889,17.98734233176468,2,10.818449983078711,1
2025-06-18 10:32:34,HM-C315,33.206157169961514,40.78469882782166,6.3113717162256195,0.059848865933165726,3.6176282241778974,155.7767932003993,1014.2280932540293,16.44893315673184,6.567159871330617,974.83638758796,0.9680094666692685,23.63720392268616,1,13.926968131080178,1
2025-06-18 10:32:35,HM-A104,34.50991218074334,39.149716069234216,5.259044975178203,0.005,5.5869911793804485,246.00499137662973,1015.1340062483781,19.122977016594312,8.160255676532527,939.2386698955254,0.9964842024322653,23.112482756196105,1,15.062225870065156,0
2025-06-18 10:32:36,HM-B210,35.745070731588264,29.217191984295063,4.998582778340877,0.047387695880666665,2.1263802347478853,248.56920426624887,1014.0265902753154,15.029748594497224,7.173238042038711,907.1660718663703,1.0467182977417635,15.907543688243639,2,13.772625924575957,1
2025-06-18 10:32:37,HM-C315,36.34186292434093,27.2558808101965,4.534351132232402,0.07553077028866856,4.4909525498560114,307.38488728345055,1015.6961269399071,16.095690297285245,7.585019482712483,858.3502774255722,0.9476414598750544,27.751016142551165,2,12.994787705732264,1
2025-06-18 10:32:38,HM-A104,36.45144018519123,36.23507302683147,6.470523904308193,0.032462667010805024,4.584779289672673,225.22970835492447,1012.956076615778,12.946435074803343,7.590177025397478,1087.5809311682087,0.9018980990597794,19.419656186770553,0,12.51033973506871,1
2025-06-18 10:32:39,HM-C315,36.7777007487031,41.28667331073477,2.254296892033499,0.015114419534705919,5.477027369342383,248.92403659396481,1013.0694438092903,16.375356718952563,6.688096996281862,956.3883271769834,1.0104601869964105,14.725675830280814,0,16.791012894436093,0
2025-06-18 10:32:40,HM-B210,35.77828092462248,36.43957409781587,3.1907734400047634,0.032218132940794925,3.87638387076096,292.7090306889752,1014.2100213563499,15.050467129043506,7.257787312708519,930.1985358645992,1.0587862962736883,27.123110833513763,2,13.749383890426133,1
2025-06-18 10:32:41,HM-A104,40.372815870421014,35.39425902008587,7.740099954100378,0.009658346512681121,4.793709363072116,266.803382321325,1012.8397037527882,9.67545276635401,8.000962631802675,931.3401549125165,1.0153069570616562,24.442407440205745,1,12.200150795908284,1
2025-06-18 10:32:42,HM-B210,39.36996029964246,33.57956673525375,3.1175609437944996,0.044513701454799416,5.830100538553097,250.75494749077683,1012.5036173746281,13.262432104638835,7.139213390779383,945.7852059899644,0.9504286274911229,20.975914124115516,0,15.47574588390821,0
2025-06-18 10:32:43,HM-B210,36.6622268320229,28.38019376701798,5.796555248705117,0.03852611936089626,3.1473260410018513,278.8696257539515,1015.0613244640119,10.852636568640246,6.987408728759306,910.8080557919616,0.9947374730804847,22.193648455233355,2,15.083215739911662,1
2025-06-18 10:32:44,HM-A104,37.63564569935249,30.19739641205494,6.105185162475381,0.04637463704205927,2.149774395381486,226.21831307460883,1014.0855530508546,13.523225908470272,7.7522564369181,904.2768751100413,1.0027770734063377,21.533781094283192,0,10.350528653919435,1
2025-06-18 10:32:45,HM-A104,36.069779396367615,26.88843155580151,2.1106233932275043,0.03737528781306913,5.79542153045803,301.7592579948031,1013.9896127645571,15.613164633448788,6.159850387944071,840.8588740344737,1.0357872399982229,15.654661966304623,1,10.65872676239163,0
2025-06-18 10:32:46,HM-A104,30.0,29.484767004433742,2.398553185795003,0.043917902356873366,3.3029863513482773,269.2748637693878,1011.7035924921485,14.402498331636329,5.437269160554551,953.6942979210187,0.9566066794016759,16.406987502976683,1,12.190730593597143,0
2025-06-18 10:32:47,HM-D420,37.05123253231506,32.36995881285325,6.8970715108953495,0.049009678495030407,5.04834111151383,201.22108709011275,1014.4155766088162,16.232142238252866,7.430420778055602,1054.4868203065655,1.0786787294348814,25.809202469049623,2,14.413680971030983,1
2025-06-18 10:32:48,HM-A104,37.76403590312804,38.88008010758493,3.5405845021178894,0.016047049636331343,6.840105401403744,231.84369455607276,1013.1234355097557,10.30505209512112,8.019497452548478,892.1960455933566,0.9793544848328192,23.650749110810512,0,11.630428627223818,1
2025-06-18 10:32:49,HM-A104,32.96834560489943,32.77466369602201,3.581552570352769,0.04692170037429104,5.5036581073975706,185.27401409593847,1011.5155186778601,16.916620833051347,8.641438080666674,994.1606722402283,0.9670333022146469,25.661771346849818,1,10.970220402635906,0
2025-06-18 10:32:50,HM-A104,38.248527672986505,36.27812892774859,4.218685777476324,0.06896414144391014,3.3343946613454607,273.87314177100853,1014.0453911966292,15.491164580971564,7.3570264382894,996.0004064150122,1.01440909465401,26.8306401937563,1,13.721078980069061,1
2025-06-18 10:32:51,HM-A104,36.29855830513797,35.67614605588341,3.5442769352310237,0.02076555444217738,2.7453091691510125,266.9052798756583,1011.2014082258246,12.470013484331943,7.859377580335869,982.1399623044455,0.9303102832291795,8.76415498769078,0,9.60547756510024,0
2025-06-18 10:32:52,HM-C315,37.84483430158666,37.49524417741487,5.789401518016744,0.04616652965479124,3.565834903591517,236.19173075055107,1009.3885177349799,14.950127766211411,8.254487416272191,1099.9547565719854,1.1028651625593426,20.369199298270424,2,11.973098443707597,1
2025-06-18 10:32:53,HM-D420,36.37400338157479,29.825925342413704,3.22694366141474,0.06589397695275906,4.707395401083656,286.01071276263013,1010.2923550246147,19.382051879582306,7.225124612320633,998.1424884193736,1.0232977035456459,17.37965875280748,0,10.889267945494646,1
2025-06-18 10:32:54,HM-B210,40.127386185567126,40.29596857561774,2.051359207838791,0.016899094289894605,4.200100337900868,247.49414902026842,1012.627300685389,17.93045933989001,6.686997233263171,955.376125356036,0.9860857077477401,21.488062235475432,0,12.487651642853063,1
2025-06-18 10:32:55,HM-A104,37.565572051460215,27.964115075232037,6.734534775786177,0.0559570926908406,6.134229720539208,328.70156037384794,1015.3116426340656,18.35513157048657,6.6046861563747,976.8309011453399,0.9507310715218125,14.58934691198246,0,11.078453036707296,1
2025-06-18 10:32:56,HM-C315,39.50604114668002,32.76093398806697,3.300633850710544,0.03555951718096318,5.300552836401623,214.01693958874608,1013.4692070499825,14.574201842104234,6.964273838431815,1017.6878095916175,0.9905569391848393,24.38954279373722,0,12.272394807755749,0
2025-06-18 10:32:57,HM-C315,39.711815355437366,34.89547296111711,3.871971849999605,0.06022675910963364,3.623236513868792,269.2506991790753,1012.8462752962713,17.272932857178905,8.359512053939223,1089.199263588993,1.048600727352058,24.64134383705405,0,13.132262036115995,1
2025-06-18 10:32:58,HM-C315,34.201110684778975,38.800724240748735,6.244786901933681,0.023510855958176376,5.515281254073923,238.07794547189442,1014.978705298163,17.62045212898955,7.9458009275179755,930.855316432827,0.9808736632160024,31.09504217004161,1,12.694650139149537,1
2025-06-18 10:32:59,HM-B210,35.15245782494713,41.89654667775377,5.10536583263242,0.0398188958523548,6.30770187014437,229.68876948026045,1013.7653779293141,12.912223119899956,7.0251205540028625,964.361789931156,0.9622497605334093,21.59929198265744,2,11.694114425373495,1
2025-06-18 10:33:00,HM-A104,38.12902670681564,38.84015760064195,6.6685118879155,0.009630219057436856,4.121899286757229,244.80808500495687,1014.5360123826089,17.581321047971237,8.196467994084605,1194.8801053870895,1.035215185039354,24.709105730135526,2,11.987182640118212,1
2025-06-18 10:33:01,HM-D420,36.08615679060457,42.079581787279295,6.2677131574801,0.048745778223415324,5.075498213385755,261.01006549739395,1014.4584522729042,17.12832130741261,7.562221253501244,946.076763077159,0.9475286790412041,25.88124603415795,1,15.881827190260513,1
2025-06-18 10:33:02,HM-D420,36.40348307685926,30.854120352463475,4.319854031512315,0.048974734564521706,3.45051423997009,251.7489795294817,1012.5294062327689,13.65431219376947,7.026309458101549,942.7366736678656,1.011700153201133,28.875521759671585,2,13.824252883772935,1
2025-06-18 10:33:03,HM-C315,40.216412055426524,40.951852400356046,6.532879823729026,0.050816048407973956,4.329903603831263,270.3304833525745,1012.6525212677939,15.186936583812791,7.341631202595146,882.836568379424,1.0205965509339736,17.474628870347132,2,12.152161189735468,1
2025-06-18 10:33:04,HM-B210,36.22408405451982,40.0932836495665,5.251659721689584,0.049831993005170376,3.4295933155528227,268.2092827714201,1011.7498121145679,17.716389645774324,7.522060314756242,956.7009063659955,1.0191975615136173,25.5809643091905,0,12.76748492449411,0
2025-06-18 10:33:05,HM-B210,34.577676629378544,23.018624714871684,4.1024181369644825,0.03817849298979205,5.987148256474057,293.54272972777096,1014.2461262166993,14.88406761013046,7.309391502475613,944.0658064816732,1.0215705846754812,23.590154234545007,2,13.177259557419227,1
2025-06-18 10:33:06,HM-B210,34.91549999591101,33.897678780528615,5.435602434452772,0.010447406820351623,3.8978690995096494,213.96353067582731,1011.158569141732,16.766812367953147,8.592818935116972,981.4608333674845,0.9524727021957166,15.531755385668468,0,11.3571185272098,0
2025-06-18 10:33:07,HM-D420,42.45589125298175,38.01018711690891,3.0358062202362595,0.059841555773252786,5.028043548597826,203.28010011274876,1011.6710400519524,14.057123600469705,7.080186247116571,971.6579303232882,0.990612302240593,23.869631560858185,2,12.503237352895043,1
2025-06-18 10:33:08,HM-C315,36.554451299036906,32.42293067277281,6.250771553713086,0.03923131480522399,5.262296290066095,247.96701963513107,1012.8949783417896,12.810090013449935,6.094076527180261,792.1135269093131,0.9874211173704927,24.96632177527908,1,10.889967978491262,1
2025-06-18 10:33:09,HM-A104,33.58938061195522,29.570874138518818,6.056178182521709,0.047869680184021324,8.2308930682681,226.1918730032983,1013.164889419867,12.601841625739182,7.450043956771985,845.4452816193481,1.0068755942792629,15.253083597339455,2,11.009433974984578,1
2025-06-18 10:33:10,HM-D420,32.57635351170851,45.57087608970937,5.180537662225754,0.036295685845735316,4.18111864315049,276.21826841415873,1013.8799966141381,14.437476751326566,6.966833441954047,937.0883737628961,0.9100384379573421,21.69516145675962,1,13.81315707409011,0
2025-06-18 10:33:11,HM-C315,35.43840839331472,35.55520075485453,2.1225904626440277,0.07917520745920521,3.5674259697871618,217.96518783166255,1012.9375436759453,15.87661923118386,6.1258871351786315,915.983125227103,0.930044040901106,22.3139965596046,0,14.008373086543864,1
2025-06-18 10:33:12,HM-C315,36.508694701431544,35.6920271707703,6.731607180677673,0.028647027145701026,4.413336194443486,233.51119439541986,1012.454451513826,11.485540034223243,7.731507883479824,867.2448914238903,1.1080216525067514,22.191049532394224,0,14.230033512997156,1
2025-06-18 10:33:13,HM-A104,39.37293426606918,28.45502942562467,5.655639026386187,0.027877786679805863,3.4793817167417234,240.02962222185107,1014.0845656600901,18.852489667247657,4.313867631720629,802.7849032371364,1.036274265854433,24.499740195410478,0,12.39266619178317,0
2025-06-18 10:33:14,HM-A104,39.13086291615442,31.938195021018803,4.9655624796831725,0.008767122789922532,3.915037997380126,302.96590236132016,1014.3714579719667,17.135553185074993,7.430790925121543,1079.9744289108303,0.9893584777623396,19.601505521441958,0,11.759955421760049,0
2025-06-18 10:33:15,HM-A104,36.984133947317915,30.510796853140484,4.729000281231439,0.04225827199478652,5.372890753517584,313.22893986107823,1010.4503076008647,16.027603884234193,5.304590583198122,1078.5739910129869,1.0037992468039363,17.621238655684504,1,12.515945335767766,0
2025-06-18 10:33:16,HM-B210,35.86457853460103,40.39487615069652,4.194921159041595,0.0771681412907736,3.693974562505906,215.75792945612432,1014.6043154367542,16.63156883898381,7.204125481646287,1010.5691877964429,1.1009007526036148,23.94991251331157,2,9.814244002689726,1
2025-06-18 10:33:17,HM-A104,37.84900463355422,37.52316810463026,4.4832938562198175,0.042500753470573756,5.1743650891669235,184.12846580175437,1012.5097724855902,13.704632314278326,7.642791224620487,903.1472815495134,0.9062979966074738,28.288032323882465,0,14.581828763445982,0
2025-06-18 10:33:18,HM-C315,32.62813480965903,32.147181535967356,6.153825039342709,0.04454230768555687,5.215737825617149,232.7806061967021,1015.3971098690607,12.048286696612301,7.785695525307113,1067.5469715649476,1.0057009748264374,27.99339548873381,0,8.436452665655427,1
2025-06-18 10:33:19,HM-A104,41.95270223482304,37.802501193331075,4.224910935666469,0.059464282122681726,4.799247815615934,248.8920625682487,1012.0247282721105,15.81968743576705,7.846778647217567,892.479353580558,0.9829234257581126,31.561076466573553,0,13.959597315703693,1
2025-06-18 10:33:20,HM-C315,38.63526398964153,33.73239927129461,4.588546785805381,0.04324193110554517,5.303410522807606,248.75437830125128,1011.5082374739741,17.08830264789663,6.356273028879251,984.8181933801608,1.0621304715511153,20.518083792928994,1,11.015807690919154,0
2025-06-18 10:33:21,HM-D420,39.16747554932068,36.17245358989271,4.808610085539743,0.06398579206133723,4.146718480221407,247.47384974672286,1013.9720415662958,14.01240393945543,7.351803702860115,886.7903375448161,1.0286909479451019,21.328548718495377,1,12.487859569323032,1
2025-06-18 10:33:22,HM-B210,34.314616545308475,36.14881943592853,4.849704108169909,0.06695484900174081,2.096711837862491,274.4771945460816,1016.196218587426,13.11164758050868,6.6391507603985325,951.9364559015531,1.1082067123238633,13.391403570577404,1,11.223317506922925,1
2025-06-18 10:33:23,HM-D420,40.20662160324149,37.101336052398,4.073282125660468,0.02814016011905348,4.571115794748124,237.91584836409325,1010.5658712269538,13.916003255822014,6.593003460914332,988.9367077949273,1.040713651815064,19.537523893386222,2,11.24620686548181,1
2025-06-18 10:33:24,HM-D420,35.84995709743426,36.49825961698373,4.744700834182404,0.011391396556144243,4.593950917808125,256.400497825394,1014.2575894579736,15.962293218203232,7.111845167086017,830.225017254236,0.9778819854804577,15.678497558104624,2,8.839316393047028,1
2025-06-18 10:33:25,HM-C315,34.61860469295359,37.10524825582454,5.5149709188517315,0.053791793719526214,4.055812502077017,269.3404367585486,1013.8404858264926,16.203888855613325,6.8632827325534596,916.2085916263501,0.9882309680075676,20.61899221519644,0,10.59528845110598,0
2025-06-18 10:33:26,HM-D420,36.90206907348445,41.27904155242787,3.6427931002982046,0.04645262799251187,5.27745387806372,256.5825399963074,1012.9510724214078,18.62002345909916,6.371005792240124,970.0749729093142,1.0342422239873181,27.447536370927157,1,13.865613146186249,0
2025-06-18 10:33:27,HM-C315,36.84361228502907,38.20281376536762,4.751644074077057,0.019082795752396436,5.417167094823478,270.27122555525443,1016.109995901308,15.892686824937526,7.457538814577084,849.6586285518412,1.072641235577166,26.259322811088964,2,10.662815202060031,1
2025-06-18 10:33:28,HM-A104,34.303657318720006,33.3154911863702,7.896476310681651,0.02643924010412361,4.761788723210431,198.76218914562133,1010.1300814862618,13.333882363370398,7.638819248757401,874.5706956803016,0.9645778227873018,20.68173714711785,2,10.599119313491562,1
2025-06-18 10:33:29,HM-A104,34.762656616146586,34.510236270074124,4.905283489692885,0.026377135759067534,4.618366327083586,253.4345847522172,1014.6686675865138,14.405233200303229,6.511063415860183,970.0939920267665,1.012799554265267,19.700035259576165,1,12.337912424053544,0
2025-06-18 10:33:30,HM-C315,34.56692056167987,41.150852939985334,3.6043654327070316,0.04294916599157324,5.962535889142916,256.89381824663667,1014.4592947366322,12.90557602488179,7.052495720864894,907.2278668806613,0.9020305663029157,18.750379782971947,2,9.007428763733413,1
2025-06-18 10:33:31,HM-A104,34.59071233035794,35.562112274741075,3.4288822740607268,0.05994770094287846,3.211190136641877,245.03237495571892,1014.7961354930336,17.213715300568722,7.0662152448515965,851.6325122643339,0.9853456674293282,25.450752561261126,1,11.973826056263654,0
2025-06-18 10:33:32,HM-B210,36.029755232251,33.1299079132145,3.1022073919509623,0.06106746278201142,4.102348690619758,232.0703311320773,1014.6060834229385,12.769623021167195,7.079143012452645,952.3707600292735,1.0862799678802049,20.745435275290987,1,12.887710138783595,1
2025-06-18 10:33:33,HM-D420,33.52753715956886,31.84430828934982,7.440674842508384,0.05581646242508813,5.697383057291725,263.8355357783243,1013.3530419440782,13.868958169439454,7.15462845391059,984.8026223040999,1.0759403609954277,23.055761788740696,1,13.056477009739204,1
2025-06-18 10:33:34,HM-B210,35.27156375646516,36.365190540831236,6.512033584574518,0.03415825091718666,5.142930046772449,253.68829094161705,1012.5423879607022,15.962856806592994,7.430869751447619,1129.5474714825943,1.0374657342574116,24.67697119157068,0,10.943888812071068,1
2025-06-18 10:33:35,HM-D420,39.61283637096067,30.725715987272118,3.065562398863679,0.08440224970137979,4.217964595703501,248.4222132701547,1012.0844389347734,18.190590814157027,8.134272282421797,956.7396878943339,1.0889568497484041,24.966967440262362,2,14.311871100362517,1
2025-06-18 10:33:36,HM-A104,39.05827363026046,41.42397711917153,5.32055944150736,0.04066440931646461,4.968687766575908,240.14827487418478,1013.881577093232,20.71238037499206,7.3041307403879605,950.8845241760654,0.9869197340150219,10.85955095584629,0,14.031875965088563,0
2025-06-18 10:33:37,HM-B210,34.37530189776811,29.8109082312146,6.837254088054363,0.03222381318166201,3.842150235677663,241.32276364377347,1012.9906391858416,12.319254918089818,6.791962297808057,927.2367637823271,0.9967299711841667,24.243196791882475,1,9.908559271109606,1
2025-06-18 10:33:38,HM-A104,39.39551229323558,42.39033862759711,4.939297832888795,0.012678670003269193,4.693536543975529,227.0384842263756,1012.6838690145885,16.275199261641987,7.190371124723242,1041.9300713175974,0.9860166349664832,22.397269350122244,2,13.571623618858588,1
2025-06-18 10:33:39,HM-D420,32.08390182715988,33.57384842063775,4.262578995908097,0.033049205456952314,5.325666986612722,235.73191744502188,1012.1694478775563,14.953983029947816,6.3495607644388485,976.073180720342,1.032727967033373,14.788207116006284,2,12.727380266493238,1
2025-06-18 10:33:40,HM-C315,43.07286080503038,29.61631323186172,8.361349472717528,0.048775468165101005,6.050242260717095,221.8221326682444,1012.3885535656564,14.501406773944897,6.482264116285085,1016.8578356274138,1.1459868049562503,27.52630014606884,0,13.264900999406096,1
2025-06-18 10:33:41,HM-C315,40.25078298033898,35.94587869282688,2.14198276451172,0.00827521497651671,5.293087106180036,238.38451124187557,1014.1655374633665,14.434244262780034,7.545935023714073,967.7963287462594,1.018333928058261,22.791187834287104,0,11.575637346710096,1
2025-06-18 10:33:42,HM-B210,35.600670219649736,30.234804208928555,8.94887115999523,0.020917774807942005,6.136356489245049,260.9294926776971,1013.0279231952627,12.530661010437793,4.696180558505299,1023.1449007178873,0.9429483705851938,15.806590621070537,2,10.56059754492091,1
2025-06-18 10:33:43,HM-A104,37.956066404337776,35.1718588051513,5.089998813284759,0.0306531754730587,2.768833793493595,274.5918245569539,1014.8138258278027,18.333597929458485,7.026592919965673,980.2466215838949,0.9448465199299805,19.670266227238894,0,12.276933514293816,0
2025-06-18 10:33:44,HM-A104,33.49770167972718,32.11228234200334,6.935645195441776,0.024492202796034312,1.8447451699662833,248.4638102799351,1010.9703860830497,10.838122990753732,7.942440901913737,837.3606580171546,0.9564444925816309,21.15825795078481,0,13.06736278648907,1
2025-06-18 10:33:45,HM-B210,37.15110697481453,39.725366339345456,3.1990802310765116,0.022842560004216295,1.881048739489351,247.63423430366527,1013.9308116045812,14.704779711247753,7.523193429459002,926.9422647929036,0.9594158058444784,32.45126583194485,1,13.094831596506182,0
2025-06-18 10:33:46,HM-C315,36.540842418743836,35.68374804968816,3.9116235529260335,0.062492282224600286,5.839267986336541,254.31853878631145,1011.487842938387,17.99474839587008,7.888442562557197,929.3967897962153,0.9549657099602926,18.503917303897676,2,13.01381299200065,1
2025-06-18 10:33:47,HM-D420,34.91309152651901,29.057495839627325,3.380064885920299,0.006986409624852807,5.224424929575816,279.5005968947819,1014.8138022534672,15.454169986349974,7.468731025148607,985.471033582438,1.0109498063456834,19.244449569002214,1,10.886866439850328,0
2025-06-18 10:33:48,HM-B210,35.828606284185355,32.014817297869975,4.848453231486313,0.04350739753694645,3.638022692930625,243.25006215066344,1014.8538354648485,13.659414154435524,8.793654230535685,962.2122831211718,0.9286710755872374,22.71971957616871,1,14.555882327569774,0
2025-06-18 10:33:49,HM-D420,35.58253131047643,38.52473624796565,5.461589210163141,0.05038157119522778,4.038127235591881,263.8875977028346,1010.8846223034407,13.740513661456047,6.215266072939296,1056.4321146475922,1.0244976146382756,30.56421413890442,2,14.28911369724084,1
2025-06-18 10:33:50,HM-C315,34.17065820170591,41.435460518952375,6.600202994903933,0.030318226162680206,4.903772941164557,261.1173061468677,1011.8516365181712,16.75861959498739,7.292467006540297,981.8431643334584,1.0493977920867028,21.072252024124175,2,12.869958572724062,1
2025-06-18 10:33:51,HM-A104,34.85463188525834,34.77362596266158,2.432816602446846,0.03546101860913948,3.6320339410072555,231.29303426025965,1011.9157855442098,14.388465967725777,7.781957462821724,987.7247479919404,0.9689479532384292,20.2130442066516,1,11.070440693560666,0
2025-06-18 10:33:52,HM-C315,33.39538893500072,29.778017190655483,5.2353259066131335,0.03918906080486352,3.5193616331848543,271.20069721367156,1014.8938702837421,14.935916377662165,6.8624694319174715,868.8714019030349,1.0172365996518384,22.719752354973735,2,12.893827971345221,1
2025-06-18 10:33:53,HM-B210,39.14332691390155,40.27018155425444,6.342363301923963,0.052686125326606666,3.714508890600477,187.83476881220923,1012.1088787144425,16.24440563723502,8.142961025341311,962.0087090998109,1.0332788779223683,20.680329229194623,1,11.85824731187739,1
2025-06-18 10:33:54,HM-A104,34.66971813385933,38.50281837446688,6.623278956746496,0.07061382333844746,3.6113946872159146,281.85215533622437,1014.0350131373556,16.86038563274888,7.683655927624075,932.8200816668757,1.043917135014438,20.62190001855424,1,11.971604174791626,1
2025-06-18 10:33:55,HM-B210,33.944947821074614,41.53269792151275,4.339221077564858,0.014310074428957549,4.553029196154074,214.1764992994102,1012.0082163010159,13.883804565959856,6.006558815579558,784.8129949118139,1.0055100244382396,25.849616349524556,0,13.50584452181234,0
2025-06-18 10:33:56,HM-B210,39.103761699539994,36.45104559210653,4.357885703955328,0.021674807911594603,6.495649974547557,245.82915637859242,1014.6131755733645,12.268709308771626,7.4897011546082926,844.9419458681723,0.9526123451999564,20.01153823000246,1,11.871338754410381,1
2025-06-18 10:33:57,HM-C315,37.924050885848324,32.39701542101554,4.8619631902472795,0.022681824624448434,3.2914666783842925,274.86917322321665,1014.7620385624278,12.994273570883541,7.686516447257849,1007.8392286488735,1.0053884439547804,20.595632326974027,2,14.621168173589629,1
2025-06-18 10:33:58,HM-B210,39.011252639872396,37.5844424269779,5.279079056615386,0.03974866831399188,4.412128410151359,237.18930418132254,1015.5048508199554,17.761985985718724,8.506110761624996,1002.2628949195413,0.9921727871542051,26.000765588423942,1,13.445775365707787,0
2025-06-18 10:33:59,HM-C315,39.290208060491636,36.63164611720791,6.9538967174373685,0.03200438869482508,5.052738849080759,257.02516154168393,1012.7428369247299,15.136954351851507,7.056468086364786,902.8547433758566,1.0069922283810215,16.283802967237694,1,14.011767049489364,1
2025-06-18 10:34:00,HM-A104,41.84363724234606,32.125631540769824,3.18485655881448,0.05332848943371674,5.142664954019942,275.35482396718567,1013.0041830440028,12.501624194954264,7.647161319577987,905.3202788241592,0.9504265756045563,20.612264327531875,2,11.155273679802052,1
2025-06-18 10:34:01,HM-C315,36.60990058326704,35.99319291923703,3.8206194145901757,0.026870164543027916,3.8929477294507433,305.4465943240174,1012.7913207887102,13.133277902524442,7.40612070871712,859.3210059985623,0.9241019996734132,15.342440097539043,2,11.574177391110045,1
2025-06-18 10:34:02,HM-A104,33.35598080251123,34.02487055588977,3.0028830340318518,0.022234994684409468,5.242439056670711,249.54860534244136,1013.0395717233021,17.32902157225204,6.750229485078412,1029.184771474961,0.8991992059393308,20.00460841629266,0,10.63447439584755,0
2025-06-18 10:34:03,HM-C315,37.67759450190531,38.7176892249184,5.641631127557517,0.02473725016673719,5.00403476532273,255.39375865882246,1012.3615859918978,15.17364016855859,6.920650930826339,885.2477221704326,0.9123012529027839,20.597154052423033,2,14.48037916776666,1
2025-06-18 10:34:04,HM-D420,35.32748844280046,37.46003455157717,6.6520522883920705,0.04231377631826483,3.9584890249550275,251.2138898086968,1014.5855857524352,11.650512735323638,5.44573287312767,904.3680101158933,0.9088793038721166,20.664577092286137,1,16.819075475002055,1
2025-06-18 10:34:05,HM-D420,34.60623679171115,29.74204303359405,2.868549868444581,0.05927846230975689,2.8767310658280936,243.36210724696883,1011.8589759702782,12.795709055386578,6.821807033197689,1031.24888616823,1.0512313406202718,20.438966262967384,2,13.280705871339848,1
2025-06-18 10:34:06,HM-B210,37.2498129305431,29.237887103195046,5.133054960344306,0.03911129610805941,3.128021248407018,209.62817567172178,1012.783132451083,17.30573422872087,8.456907025669226,1029.6439379216379,1.0125563779939433,23.123327106734234,2,12.88858403706168,1
2025-06-18 10:34:07,HM-C315,39.16438183252397,34.55094413213223,6.543504859967244,0.028836768504112483,5.395026535376538,216.37561009351717,1013.2888897565899,13.864337959108735,7.0620019532735245,935.6205052120005,1.0019940170814854,17.52846122608383,0,11.784509556664307,1
2025-06-18 10:34:08,HM-C315,34.91001289600929,35.16409642689658,6.176820204429548,0.019379258672875283,6.212476881160256,249.5715681756143,1013.7356656436032,19.189595571431727,7.875642520530702,951.00946112493,0.982861390512029,23.560374655534,1,14.925195515088674,1
2025-06-18 10:34:09,HM-A104,40.185970218329295,38.804883870459136,6.159130786797736,0.06923267638409183,4.500906109293415,260.2327578006985,1011.2137749299255,18.83090921064349,7.382255733678047,987.6797113457677,0.9043324273326572,19.97542446998433,0,12.432824853632034,1
2025-06-18 10:34:10,HM-B210,34.52596510249296,37.566519552809446,3.2151868656601277,0.005,6.182286634594653,287.8427938818458,1012.6311854261664,17.979112813485905,7.53955037968666,917.2246986617728,1.019250283931455,25.032734134851825,0,11.528369511752686,1
2025-06-18 10:34:11,HM-C315,36.390241946686345,42.29342821606371,6.154151616377202,0.03627853638752583,4.437143430674564,243.70832582214015,1013.0331269857212,15.996399560548179,8.795469034307889,942.015725375749,1.0113199201142977,21.750664078183956,1,10.285411560454587,1
2025-06-18 10:34:12,HM-B210,37.96576970445217,32.66403267862285,4.721111723472483,0.05479449752671596,3.126620886110861,295.8601415486032,1014.2034087102338,17.066086492550134,6.873192320904219,934.3102100738637,1.0022909630332786,19.632341301389634,2,10.932858077057318,1
2025-06-18 10:34:13,HM-D420,36.030251978289854,32.378569652863966,6.60524272183142,0.03600281640069104,4.248639462171374,213.86476866171301,1012.6796185631425,14.88838359312846,6.867653165778761,1004.9645855488566,0.9615967076965433,16.758359776088383,1,12.605373048092527,1
2025-06-18 10:34:14,HM-C315,32.55999415265366,30.20092997177478,5.673749832852098,0.028673561617910213,6.290228319404221,256.30461995801994,1012.8467652855529,14.94026453346509,8.069841366236165,1063.3587018743133,0.9653922346554717,23.185887732408194,0,9.750446248472446,1
2025-06-18 10:34:15,HM-C315,39.31851872947201,38.7470355738754,3.7767488550354784,0.050713156302096996,3.775841271713179,241.9836019189024,1013.2061595735694,12.599813330138801,7.135591858282874,1041.689544347042,1.0261559198983081,21.231075635592155,0,10.66049007744933,0
2025-06-18 10:34:16,HM-B210,35.44133914910993,35.1087609200798,5.418217933331759,0.018124362930114272,4.336857326853965,210.62394967824287,1014.5738083157262,14.910811409227074,6.981922028145284,1031.2993318754188,0.9616276437031521,27.850749511355637,1,14.994889404598002,0
2025-06-18 10:34:17,HM-C315,38.86224612348423,25.73198241519177,6.2277740906786185,0.00518419182741995,5.9227616498907905,199.2074026740226,1009.9226473597012,12.462887601116517,7.963004881834568,862.3792183585929,1.0531446884266416,28.15409360265163,0,13.74408959677028,1
2025-06-18 10:34:18,HM-B210,33.83963966243085,36.01082688853946,4.240453896382748,0.047063285897624534,5.840150170689594,236.95971836255876,1013.1590745133279,15.01249736544485,7.406846170678371,1053.3863482824277,1.0799763156205744,20.055066076874333,2,12.012168623197535,1
2025-06-18 10:34:19,HM-C315,34.266408544758974,36.32985083908535,5.19320298818142,0.020096348031721216,4.867111629130626,239.20593355804652,1014.7540230930742,12.577882965304198,7.07898815065245,895.8991971430082,1.0559441535768028,12.570164343004377,2,13.914558713003025,1
2025-06-18 10:34:20,HM-A104,39.15608352388839,34.27826528626078,2.9950856345765278,0.04263437537761281,5.141577494630599,223.35546115236664,1011.7592207133183,13.262936211726199,6.926646913557877,807.4374882894313,1.0047638584295304,25.546138532136464,1,11.352437375155167,0
2025-06-18 10:34:21,HM-B210,37.85127023185506,36.48327426479209,5.823547901946019,0.037534682094259815,5.775419678163059,272.84918120916444,1011.8707088882925,9.890213860524263,6.525543688951323,882.0667396714928,0.9953495090177537,19.87146652500733,1,13.6692317067034,0
2025-06-18 10:34:22,HM-C315,35.90353572328831,28.898821503871396,4.915604429560926,0.045220907884950354,4.870270989767569,237.82925099030928,1014.836333617361,13.434670453452526,5.961570317023455,942.6604796532506,1.0049174144395925,20.599842686352233,2,11.955615598166574,1
2025-06-18 10:34:23,HM-D420,37.88757899542709,43.20515917050014,6.371129588944293,0.035458401237675664,6.036612203610496,220.39978079230136,1012.4763647037443,13.560564608776051,8.089192010043263,787.0106334842949,1.0339713909774564,26.778806183594646,1,15.453953382463174,1
2025-06-18 10:34:24,HM-C315,34.614902161139106,36.90129713037962,5.781300208816069,0.05103037313197237,5.306327624746099,242.91893813615008,1012.5205374770258,14.382030420926226,6.860630467986284,1006.9563380060587,1.0727458843521704,23.389361231524088,2,10.7935649179009,1
2025-06-18 10:34:25,HM-D420,37.27564779372227,26.131505584606888,4.3892402090926765,0.02592903446342758,4.322524075074269,231.0618884650053,1013.4157789960722,17.38127780831409,5.837094888406625,1016.5719634168613,1.0276604758596493,25.391824863010232,2,14.795465040146293,1
2025-06-18 10:34:26,HM-D420,37.321384808475166,34.970514503349456,3.7304466674741907,0.05562476784902738,5.0214243321935506,299.4092314788771,1008.5241008878448,14.89451780562585,8.626616888212933,919.4198658847012,0.9150488804789898,26.25334445935019,2,12.308075172951014,1
2025-06-18 10:34:27,HM-A104,36.065545987022425,37.033600998260574,3.3853997490114742,0.01564753114479192,4.037469934662752,240.54248910631446,1010.2723725745965,16.856193561752832,7.269337434700008,856.7160557695763,0.9536208192556883,21.32680323359019,2,9.682597716969024,1
2025-06-18 10:34:28,HM-B210,34.911785736023106,29.435339625384756,4.238867000826866,0.06345247965044881,3.341349532575736,222.46785755063237,1013.8692589729136,16.937387734590075,7.217882009738398,1023.8502809227584,0.9924380920740907,24.736944805224343,1,12.9639497626209,1
2025-06-18 10:34:29,HM-C315,37.17562144553698,37.66815139506719,6.330645054178637,0.08103292382008882,3.1302697589511794,299.35320866555185,1012.6326974240992,17.820147476158027,5.9301071842418756,876.1282508805967,1.0493075743113156,22.421876246438295,2,13.548359546479059,1
2025-06-18 10:34:30,HM-A104,36.862547141747754,43.40462811504332,2.3655989694440303,0.04216222822064929,4.2520995626063955,271.7511197797709,1012.759549975179,13.188068724712767,7.664859819321235,820.3573393451143,1.1145817184660847,24.15770784854256,2,14.74888234851435,1
2025-06-18 10:34:31,HM-C315,35.83544480270098,31.778154697252354,3.446412833541604,0.07138347236511007,4.87557641146606,253.18921486639974,1012.0139967264481,12.636145207669015,6.775113145702737,944.8431304421595,1.0036083453345244,22.622773284829808,0,13.642081968369903,1
2025-06-18 10:34:32,HM-D420,34.41546382454813,37.14219347934972,6.288499139985562,0.07656816925118404,6.661261084987394,226.1118091361699,1012.5875072818346,14.76702029588818,6.7769257069802356,952.1300782553773,1.0334018941955672,27.443040542868765,0,11.104780856892738,1
2025-06-18 10:34:33,HM-B210,37.03119262333867,36.04299299496098,6.993428404627124,0.033581312585402555,4.999295833734257,272.9961303623788,1014.7880488978014,12.915319498133488,7.531047611126129,975.0758079847725,0.922618980619758,16.87517330680651,0,14.057377643352819,1
2025-06-18 10:34:34,HM-C315,35.841694087908486,39.84144999906191,3.525261975164414,0.040957297940851116,4.729790786694254,206.09752808889502,1013.1979483349029,14.540503243463935,7.29659538970196,1011.4317405673986,0.9648229302245596,20.26444459860481,0,12.581041093795305,0
2025-06-18 10:34:35,HM-C315,34.413355948907665,34.45579047687929,3.429786390827649,0.02371764986118082,4.380434874738433,270.7981713952338,1014.589275485559,13.100939381375085,6.422295442129564,1021.1784495648601,1.0177731051183925,21.644054273496025,1,10.128170082258908,0
2025-06-18 10:34:36,HM-D420,37.108824526895276,29.666416868190655,7.110740359357856,0.02500784248687147,4.071157037136565,257.5036918871782,1012.7684195758751,12.561730557537404,6.060559931624161,848.8675362754977,0.8973798865980205,22.482940176402288,0,12.373397615534708,1
2025-06-18 10:34:37,HM-C315,41.020763680138465,39.52091123487353,4.814608370648927,0.04465740084696732,4.6569096827188625,279.70179801437337,1013.0289790665886,15.710810339388294,7.332285556009508,786.9267038129414,1.0123151336734513,16.869520873903166,0,10.734922857099612,1
2025-06-18 10:34:38,HM-C315,36.082930835232304,29.963697046399282,3.658186431309267,0.007283439009864494,4.169085287736452,179.18657500733406,1013.4883013088228,18.730231698783594,7.262875782397483,986.7771162393701,0.9810580402131595,19.025492837034058,0,12.290402905983335,0
2025-06-18 10:34:39,HM-D420,40.74444135310506,44.04430688946472,6.566926834082929,0.056695665873066986,4.11017908904428,222.3815111688594,1013.7898388268759,14.499508594024237,9.284819144609076,953.9716395469613,1.0022695942512092,22.147780256127128,1,13.592733632171697,1
2025-06-18 10:34:40,HM-A104,42.28582928682524,37.80384674507584,5.755221194905999,0.04334569534415714,5.484929668743215,220.008157834068,1011.7288890386692,15.55451224885832,5.401678729055849,913.3616415257234,0.9642530971457942,19.824894149662963,2,10.810192983139402,1
2025-06-18 10:34:41,HM-D420,34.61645274405581,32.00553631692318,6.104981039952956,0.05362663716412376,3.4110372683489816,216.4621185359374,1012.961286667072,15.12996782175538,7.3177845422682966,938.413564205629,1.0261616072505628,15.139470485493755,0,12.94135406477077,1
2025-06-18 10:34:42,HM-A104,37.02261052049741,40.543258062531294,3.7363406273604793,0.03635937576733439,4.200095453856352,262.75051954340654,1011.9869736605314,14.931036607593484,5.901563110230332,883.0974932556825,1.052920636914615,20.54146397815573,2,14.12496194690949,1
2025-06-18 10:34:43,HM-B210,42.259329794540776,34.954054829845575,5.562238011618957,0.05345053918776668,3.6748608250094636,241.14124569677873,1015.2635230652361,17.857919064810996,6.86819514332494,1088.1740516815266,1.0372839356750934,17.146172833198296,0,11.562584762446367,1
2025-06-18 10:34:44,HM-A104,36.69730009647739,33.892972195029884,6.869429241384739,0.044952905324245215,4.641125573040951,223.8601697111255,1010.4136657143426,14.446761351302959,6.8578804090917735,789.092942997744,1.0357670986846303,24.403840442403954,1,12.073612142578359,1
2025-06-18 10:34:45,HM-A104,37.0920303644135,31.595653119511176,5.961191540972328,0.05014449965075529,5.524511692587738,216.9085962923606,1013.8791207354698,8.522420359365293,7.633602689897475,983.8608478484581,1.0284571289978548,23.178513509491783,1,14.102611104963534,0
2025-06-18 10:34:46,HM-B210,32.82498631406277,25.60910500234081,6.379804877529634,0.05803424434384591,4.91998711753708,221.16485665397053,1011.8399300705855,13.245345581895291,7.655975209413907,847.1902446108279,0.9991354322786206,25.60291235328788,1,14.170973832277554,1
2025-06-18 10:34:47,HM-A104,35.67084524920083,38.02196285183414,7.104713824944353,0.014701022122258652,4.234919447231066,275.9735533603713,1011.2975988489567,15.213442306368503,8.291838298381146,897.1173146819449,0.9781014074432226,22.833568450647476,2,10.762204369385364,1
2025-06-18 10:34:48,HM-D420,38.38897171167234,26.859366190911963,5.6415045796330325,0.025938506856464268,5.628457746168632,247.99923938484505,1012.5466549447971,14.786141929788588,7.397249106060196,914.8695575490823,1.0461940503941003,17.705512863609403,1,10.939036723417482,0
2025-06-18 10:34:49,HM-A104,43.073206607378125,31.033528340743107,4.152318608926252,0.08629643183552217,5.55924845602576,274.94114013086045,1014.9354559040895,14.540849286686012,7.988185681627534,871.4664666955016,0.9557635099430838,9.415578579236193,2,13.685456230809276,1
2025-06-18 10:34:50,HM-B210,36.50998291632077,37.16422276925139,6.31566673029793,0.04414545131669395,4.547399057201284,329.9402097991837,1012.036569177268,13.979658529453335,8.300550873281571,931.8645500743486,1.0250378479461293,26.57228920844232,1,12.153391863485554,1
2025-06-18 10:34:51,HM-D420,32.84343419437161,32.496617992522424,3.341441973649064,0.005664052595143396,6.411596495710123,249.46420660571323,1010.2936375285427,15.171965071264985,7.406435530318022,739.7422485481127,1.0237044396422545,20.294215390723416,0,12.267307461562194,1
2025-06-18 10:34:52,HM-B210,33.486877023066725,35.785759353954745,4.666520759183437,0.005775150977298242,5.003266965649607,207.48925791718113,1011.58346728815,19.11026393126391,8.139606604008684,827.3521718143395,0.9475036196281402,13.070879724331213,0,9.863825857635085,0
2025-06-18 10:34:53,HM-B210,36.910525785154256,28.931523430251733,5.88211884369374,0.0385001739757748,4.9709111577592155,245.88911753603423,1013.1855435426344,14.347408670348118,7.370407922785143,801.6078701440225,0.9527945308827893,28.26992472202946,0,11.808017482304267,0
2025-06-18 10:34:54,HM-C315,39.94301699513062,33.25770313431049,1.0,0.029539262653452365,3.0567874092779066,306.37272280735004,1010.5749703903828,19.32678447359463,7.19445305797095,852.3001228290332,1.0255171189261554,24.30888858411931,0,12.254826725336136,0
2025-06-18 10:34:55,HM-C315,38.593384207188485,35.81692852479094,5.378695048019701,0.023872563118864598,2.479566038453203,282.6022786752844,1014.0818422880116,15.94337613002624,6.684570858854325,886.3591461141109,1.0105442658923522,28.21277333728902,2,13.584614152593044,1
2025-06-18 10:34:56,HM-B210,38.15063965877532,30.24263742032139,5.449439107891715,0.0758629026860819,4.576123811841441,230.61900339541998,1010.62820721308,13.659356968486305,7.505635108398095,949.5159249347022,1.0179679069142629,23.709774456742,1,11.941107705537451,1
2025-06-18 10:34:57,HM-B210,40.272860967293994,43.431817388709604,3.296097617656584,0.032617739601544724,5.696705553669891,240.87890822382295,1012.2767097833962,16.733844798017433,7.47433715867547,898.5298267470127,0.9892439818812275,24.658690711816675,2,13.589100045685221,1
2025-06-18 10:34:58,HM-B210,35.199427281202624,31.812880435596362,5.4887908876239715,0.05641945584404533,4.8942076929970275,273.250423173445,1014.2284809128945,10.130751261177839,7.485010051049118,880.4233407504673,1.0766136370150328,19.966011316432812,2,12.24152806212542,1
2025-06-18 10:34:59,HM-C315,37.04773679989391,41.89208394007953,5.284922751884086,0.04500249595418045,5.641063052487085,264.3869717189129,1012.2466668506377,14.969439090739803,8.112128152077206,908.0833959078485,1.0294496437073042,24.846353643626664,0,14.383701764799419,0
2025-06-18 10:35:00,HM-C315,35.69904469949401,34.160972276267664,5.050957670575461,0.03410221370593978,4.003776296689828,273.5702615125446,1010.9852357511891,16.037048647897915,7.925697744634202,894.1509571945896,1.0672349765736817,29.743990595547555,1,12.47842256101465,0
2025-06-18 10:35:01,HM-A104,36.321360661369816,27.157622169593232,6.784150705642765,0.01716550991370099,4.5989949962350725,242.8287176985453,1012.8637599346837,16.062159004652816,6.020389799579461,920.2903294385989,0.9868298515438121,25.31942176234247,2,11.726577365504737,1
2025-06-18 10:35:02,HM-A104,34.48432661418629,29.31549595702174,6.318364034775803,0.055384631080252995,4.520027406769508,261.65796851275053,1012.2600364473138,16.27411735502411,6.035618621977383,923.2756268743271,1.0499333149524634,20.574879022044122,2,11.403360826928377,1
2025-06-18 10:35:03,HM-B210,36.14005982141551,35.8803964446569,5.959974276070012,0.005,2.338210610762008,240.84217016945303,1014.8176785967277,16.44947563636236,7.298728173317316,887.6195750691583,0.9842342599125017,16.759123648123147,2,10.94391316718279,1
2025-06-18 10:35:04,HM-D420,36.9307110843865,40.163878762792116,3.4636677061357055,0.057413549499483615,6.646703221415141,291.80294586673466,1014.2329696221212,15.594510069962963,6.419024658673808,823.9958932489402,0.9835403267451392,26.57868756584861,2,12.970540153238918,1
2025-06-18 10:35:05,HM-D420,36.071321250346124,43.848885663126815,4.973987997224427,0.04302571075640918,5.937073880225134,204.21116050889086,1013.7594936084098,16.445779507134638,7.123329224579948,946.1596757794458,0.9388549025157188,22.234299598337543,1,15.440131171202815,0
2025-06-18 10:35:06,HM-C315,36.5973462424655,35.641093642966474,6.77665210955885,0.05237153524847137,5.6141204286612645,204.30366492587044,1013.0323321282402,13.880419397895967,6.470964304926941,1016.8556508970647,1.0227444921684885,22.409055915217106,0,13.678504419737116,1
2025-06-18 10:35:07,HM-C315,38.01260135859297,29.11378126252709,4.67800726747806,0.04015526033574844,6.041912399617117,228.5605445075389,1012.6717621604786,17.35271777632403,7.277240279450769,865.1485313141201,0.948816260728828,14.082489535516686,0,13.119043174717705,1
2025-06-18 10:35:08,HM-C315,40.096739422660995,36.392425402723724,7.331393029120355,0.015313117408160166,3.9396888087297017,229.64892789733872,1012.6639026458113,14.079872221356453,6.385032975843544,941.2372227413623,0.9691680678760937,13.793205366674643,2,10.651791463837386,1
2025-06-18 10:35:09,HM-B210,40.277889670281496,30.873926633199233,6.003790109602252,0.048030934498823265,5.454929631855796,204.2039246006576,1010.4355152521038,17.313909084762678,7.521443061790014,914.5031003412388,0.9323131825069082,22.341686433582684,1,10.728704619045892,1
2025-06-18 10:35:10,HM-D420,38.90355441849248,36.96095810597276,7.564340844338366,0.05697799831068877,3.936927534505626,198.80354222324246,1013.0044203328489,14.95982094636856,6.344149964297419,996.4104942585432,0.9051651318545685,18.403224645178327,1,13.92563464190152,1
2025-06-18 10:35:11,HM-A104,33.85004630390421,30.29262723797225,3.399001665522814,0.03041702371390518,4.677600201831514,282.05505960332886,1011.8112426937925,15.43630101073864,7.308656537008891,880.6139729706517,0.9958553078186465,22.837505090635975,2,13.191508338988434,1
2025-06-18 10:35:12,HM-B210,36.098975036075366,24.55214881415094,4.76801369206294,0.05314784095830098,2.4093187382910073,244.98995858934543,1012.8715713036169,16.764274854639908,5.850520949606616,932.7276556899255,0.9643110617435295,25.813512096621935,1,11.547024811000803,0
2025-06-18 10:35:13,HM-A104,36.314287423218495,41.58427829809949,4.909803465487922,0.045931032666714514,4.321456379314006,242.71992775288464,1013.0782425087689,18.01303348242954,6.295696924896708,940.1054970468252,1.0165156634996482,19.731922245371578,2,9.926906707584399,1
2025-06-18 10:35:14,HM-A104,35.35712542302859,33.86791634327369,5.909259959652805,0.04901104300421598,2.6636937382657377,251.68890087319014,1012.2716037036917,15.081122086536881,7.764649035213051,970.3651803242541,0.997432541716293,22.934570478977427,0,12.202220345586081,0
2025-06-18 10:35:15,HM-B210,37.855877947574015,35.248301669082906,3.8921036271762324,0.022809306034676548,2.9950335987802275,297.94447312095036,1014.3996471810568,15.432265505396126,8.225647261865282,861.8972818152819,1.052258653532853,21.53221350125859,0,11.151873442330185,0
2025-06-18 10:35:16,HM-A104,33.014178766796356,39.983506871197605,2.5885894399452827,0.06564325391897952,4.4355573854822685,253.489040051634,1011.3875778892167,9.834175377141074,7.929111720891901,974.3220476719094,1.0963170271160814,33.80834721542868,0,11.707442095957509,1
2025-06-18 10:35:17,HM-D420,41.23391617382073,44.394233546657276,5.567296560467689,0.04592061950245403,3.650721736267101,246.66279367180525,1012.2590416853999,13.261354839914842,7.80626713447888,907.3857918478816,1.0574245429648421,19.888435137065375,2,10.574368342890084,1
2025-06-18 10:35:18,HM-A104,39.98805167880429,38.600403260744784,4.450290128119899,0.05663419516703074,4.906747817372278,230.87225199312454,1012.5074220370473,11.977933141684021,8.38527164717587,991.1389137656266,1.0015019961759588,19.208521266700682,2,13.709681478020496,1
2025-06-18 10:35:19,HM-D420,38.19550565475439,35.51500808101806,4.293954437299749,0.032237001743219404,6.509943613169126,267.9688914376309,1014.7331942392791,14.189281407593018,7.972475477814717,918.1742028388879,1.0336449761781827,20.180070736327522,0,11.584488653646819,1
2025-06-18 10:35:20,HM-D420,36.84472667519954,37.3143643805662,3.9607866269581047,0.059645816367629015,3.7539460129062845,248.06903051492057,1013.0465926211895,13.664243258818763,5.9753436014725505,1050.2306622244162,1.0656536532705276,26.657595322364735,2,13.266770239346421,1
2025-06-18 10:35:21,HM-D420,40.07209823768138,33.526084783566816,5.185833136776114,0.031561154286250975,4.18227679183204,299.5635559747152,1012.973923780207,13.417286849301096,7.962648538632198,821.2553779257933,0.9748420914992234,20.0182102274629,1,13.079897048404916,1
2025-06-18 10:35:22,HM-C315,38.723512341950666,35.1805718924482,3.384713706568785,0.022164875096178392,5.297412673342328,245.1773171227471,1014.3057695953332,12.933028452173875,7.950004641459715,993.4701667954256,1.044753325704135,24.96102657997957,0,11.627345449868072,0
2025-06-18 10:35:23,HM-A104,39.76659446054523,35.72431818929592,4.7087063794479596,0.07543684847117241,3.6961125931939707,280.22946986113925,1012.2169098469274,16.050724215310485,5.7015687118251375,975.0393394046463,1.06531860042536,22.14097448452757,1,12.222241932607737,1
2025-06-18 10:35:24,HM-B210,36.8523697943504,31.066873715984332,3.756930527618267,0.005,3.64152550283589,228.6680100216249,1014.3127405501984,11.419458291436298,6.661377899098346,986.8820063962322,1.0041178933467905,22.24896812794732,1,15.139633397796873,0
2025-06-18 10:35:25,HM-B210,41.47328271466042,35.10586793438939,4.086233879020342,0.09979778687414118,3.9666661061897037,228.3747270522082,1013.5966993440496,12.81797108071014,8.463218513525488,1034.253159404244,1.0234335809364354,28.40181848071372,2,10.956215918668816,1
2025-06-18 10:35:26,HM-A104,39.91721968922464,36.83550926251965,5.530715277159437,0.05403480398367313,5.557056638954683,195.19617992825187,1014.8562510538069,15.066306608930432,7.096352830593344,806.1703675218863,1.1022895551452823,14.775800244058306,2,11.239883669865012,1
2025-06-18 10:35:27,HM-C315,38.273840738589826,37.58508448787775,5.977114793154193,0.033703822032331875,2.3781420155780357,273.83405858439716,1012.4314160064818,16.939386315996984,6.287385737300044,1123.3233297421657,0.9687484434506302,22.53180235489127,0,9.34996033465271,0
2025-06-18 10:35:28,HM-C315,40.139932301077884,37.18661891214657,4.540842610042336,0.04652151693682679,3.483018988782841,248.8530415919518,1012.5583275763205,13.13965337250898,7.890870421297312,991.5161346978211,0.9865418136124158,24.78922542902126,2,12.27950631243981,1
2025-06-18 10:35:29,HM-D420,35.95209514541507,28.304873909628128,6.451745590258306,0.054046629144590366,6.337065521973833,269.18688792563296,1013.2132324568945,17.100740931549282,6.979563516096223,1104.3447929297126,1.0277986904087562,23.574475293680887,2,9.354832298950715,1
2025-06-18 10:35:30,HM-A104,34.08124910163244,41.146294712998284,3.540929613594334,0.03335099643475296,1.0,300.88530665670396,1012.9087955272385,9.536317703535527,6.890944685091248,1099.2103130983812,0.9556966329249864,16.13559397693223,1,11.768240766094163,0
2025-06-18 10:35:31,HM-A104,37.80387628261869,40.731406137269076,2.720152092499519,0.08070485788352408,4.347156168732869,224.59995846342164,1014.1515070547616,15.004265467595895,7.89894566852356,984.2604076185507,0.9963217965470119,17.44193314616988,2,9.787336586264738,1
2025-06-18 10:35:32,HM-B210,36.85727388546633,34.51925795890605,2.995512220226289,0.06951128972300007,6.3359197897240325,220.06100771071235,1012.6753192539617,15.612181580430553,7.523029853220487,970.6282422323135,0.9390576652061259,23.112971658769624,0,13.589349447370292,1
2025-06-18 10:35:33,HM-A104,36.505706644305924,37.27754347552717,3.3868898118292363,0.0945365358932395,6.791983951681976,226.38608222173136,1011.4094902624128,13.023386955836079,7.105546106122543,1009.9611931771427,0.9053512500985494,12.658350442885466,2,12.247556725482822,1
2025-06-18 10:35:34,HM-C315,40.04078009837351,33.91723116445746,3.0306601488255804,0.01557117427406781,5.45922614139629,186.89525911231323,1015.031799297913,12.380232334187273,7.464757552642886,767.5146515994799,1.0120169895654487,19.881743988950788,0,7.502127864088257,1
2025-06-18 10:35:35,HM-A104,37.41784803302657,38.75978831405733,8.03173087684437,0.044306101740396016,5.906205669655743,244.20369997154756,1015.8728367570263,15.253391644057833,7.0601055060981475,942.9551499992239,0.9333373030875138,17.07896455503532,1,11.04833295028672,1
2025-06-18 10:35:36,HM-B210,37.65892268383871,30.928640769333153,2.6746688186053627,0.012259752323340194,3.361664488636541,276.52598850743277,1010.6486976069544,14.928603345314484,7.931124097299664,1027.5109429935462,0.9539207826585386,22.77067862458833,1,11.784856546830976,0
2025-06-18 10:35:37,HM-D420,36.18236860311476,41.71230297645462,6.406143355095369,0.018170553233987707,3.4602530437473917,251.47111341342867,1013.7202734450625,13.376936503059841,6.066194819727103,1072.2417512305947,1.0511926341718585,21.371232009289432,1,13.290262823205632,1
2025-06-18 10:35:38,HM-B210,39.202807848198816,38.511038059089785,4.962306726339087,0.033474650654642404,6.5569969366828955,202.87259273059027,1014.1207072816827,14.422447012114063,7.0459869924817236,924.8415613687296,1.0084891550496635,23.516133415906687,0,13.803227614896079,1
2025-06-18 10:35:39,HM-B210,38.7546894532698,38.627168957844454,5.336900700376865,0.03383642998686562,4.183391351930848,239.29346050783994,1013.3650348220866,13.796234579316776,6.869189734689116,978.8527333949545,0.9981517645840046,18.531228552838762,1,13.092028560992262,0
2025-06-18 10:35:40,HM-D420,39.184149192235736,34.47473561787091,3.6414054309343027,0.047398074004286785,2.2475217349311083,253.7551278445549,1015.3608230290945,17.50150017046323,7.4444975189049565,995.8032804245834,0.9813920634982927,23.061737023898953,1,12.954123094652571,0
2025-06-18 10:35:41,HM-B210,35.75684008340956,27.936907475336533,5.488179087342026,0.03778683765819457,5.00209549729792,278.87533155913474,1010.9871567804379,16.359963659901055,6.298650423876148,943.4200647796063,1.0769354332377055,22.01482518789784,2,13.121031993449714,1
2025-06-18 10:35:42,HM-B210,40.26022115011749,39.41967350060385,3.6291221673939527,0.05599949125020352,4.270803393605723,273.8940565888715,1012.1544408683603,15.3875678323685,8.399876168580024,875.312807164591,1.1119224229876616,18.564931033010783,0,13.472432784499732,1
2025-06-18 10:35:43,HM-A104,41.59692105941593,28.10219332548725,6.384149273042669,0.04637810083506431,4.597358065547821,239.63558982105687,1013.1602186008098,18.774397975523478,6.606561628118435,897.0029233457001,1.0303262476392074,26.37929712051009,1,12.517130190144519,1
2025-06-18 10:35:44,HM-A104,39.105095993311764,39.47986330112273,6.508270216781351,0.07295066297787033,1.6424662496420521,239.58256470464332,1014.3798075132273,17.0696276470397,8.047022189487205,866.4270880511706,0.8683725510285114,24.796975048549747,2,12.175386655903393,1
2025-06-18 10:35:45,HM-D420,34.97677928188927,31.139363915838885,4.797707094701118,0.056576071202535716,1.3221511437744917,267.82391922743506,1014.8109704624236,17.48790280424524,7.684143736145774,829.0080339619672,0.9982731970521197,19.448030665386433,2,12.776511643650055,1
2025-06-18 10:35:46,HM-A104,34.994494289409495,27.06475672984698,4.895953841968582,0.016420788400177237,4.8630712889308425,232.20091326633224,1011.1911728950413,18.16219528064999,7.371788874965716,936.4242177115786,0.9471734129912043,18.8492630585334,1,14.24787340040524,0
2025-06-18 10:35:47,HM-A104,36.06155761101728,35.00499851856765,5.649085849140251,0.03709024010645415,4.1362433283021005,275.6609311498016,1010.3354893483317,14.687991227266714,7.397141301038343,1127.3401088130156,0.9775538896308137,25.714770721634473,0,8.97301635030492,0
2025-06-18 10:35:48,HM-B210,35.5890569649537,40.914002752692035,5.57241414208668,0.0384397811705083,3.951765079008376,230.2301271701998,1014.169345525784,12.564392585898979,5.714676268930251,969.7219438484826,1.0240539760014011,15.551973411824099,1,9.05869837734428,0
2025-06-18 10:35:49,HM-C315,36.82226843578184,30.171981257906566,6.536219559700424,0.04879809487541827,4.968580327779335,296.5341282495217,1013.1748472418292,11.43229417496682,6.796666743770333,927.0420337551461,1.0052871568171589,16.829520936753255,2,13.34027738661509,1
2025-06-18 10:35:50,HM-A104,38.58110616591962,42.99517312197413,6.493768887815449,0.061505581916709455,3.565343191792169,257.05817666818245,1013.2465613867262,16.478346624896815,9.800726655357098,979.8292151166041,0.9314844624991012,23.920262256053565,0,11.153187717833124,1
2025-06-18 10:35:51,HM-C315,37.72488110187462,38.283702719153375,4.956738603981327,0.04565208357434238,4.181471066553582,191.2106281854763,1014.2057450702164,13.066980563515502,7.370462037477911,883.9309964399334,0.9653882615835581,29.26014451256664,2,12.60469937688777,1
2025-06-18 10:35:52,HM-A104,37.50572264096572,35.783797611829385,4.284163272567583,0.051563238125720855,3.9614919936252213,269.2131964565484,1011.7850885846348,21.65356107528796,7.528601979115689,817.1354182972448,1.0574064922586637,19.582516914938843,1,12.452816068803136,0
2025-06-18 10:35:53,HM-A104,36.396993125499634,32.821878718804435,6.217429681792215,0.0173154601976273,5.5625351872699085,257.64522766334375,1012.6402485696066,13.315536131362624,5.665470505696975,894.8645053002566,1.0794675282971935,20.04108478351153,0,15.744068812506809,1
2025-06-18 10:35:54,HM-D420,36.815385182088626,33.17051324102595,4.765571376668849,0.03081596671231161,2.245350739806911,264.5846093603815,1013.7855374255606,12.970251355924308,7.005321704919993,859.5781346049487,1.068249775375662,21.121508757011437,1,13.513145876344325,0
2025-06-18 10:35:55,HM-D420,38.991438768822505,37.150836143754454,5.1706159134297875,0.005,3.7231763105847993,317.5566986074099,1011.573774523084,16.555463698173817,6.914654010251149,802.0899971018896,0.9324482864336728,20.1058386009533,1,14.006995716492183,0
2025-06-18 10:35:56,HM-D420,31.97010493125046,39.2302042925953,5.795474335776635,0.04883898663139798,5.807714036909822,242.1617052804767,1012.1864626770308,16.59687672971908,6.607567186523125,905.9849734233131,0.9824067523210049,20.290327711527926,1,12.034199182639096,0
2025-06-18 10:35:57,HM-C315,36.97152397880317,32.03251891173956,6.463335458113036,0.05682995812437884,3.4954331545679396,203.42597649569123,1013.157277011081,18.59383828786011,7.659589445663987,989.0495247105714,0.963621130803827,19.547701513384354,2,11.29180387930086,1
2025-06-18 10:35:58,HM-B210,37.71996898731831,30.96743336357616,5.391272212862429,0.013620326000690089,4.643943516311628,288.0261298799017,1013.7853107045436,14.500719100346876,6.858445906182662,981.573609552549,1.033332543730768,22.749941690973678,0,11.230369819987466,0
2025-06-18 10:35:59,HM-A104,38.95895767136823,33.93086590789066,4.11920308118917,0.04316895742338338,6.503328802520615,196.61314462997086,1010.8305578007365,17.320182592068797,6.620248514913317,971.7018762240767,0.9852800368990541,24.775102062416437,0,14.338875251708641,1
2025-06-18 10:36:00,HM-A104,34.47488515179044,41.96814337928672,7.695515515796675,0.0379544426547903,4.690069209204617,227.60804129698724,1014.000593604666,14.675132474731674,6.023768223897832,1083.5489207286923,0.9492884306052342,22.632570134314083,2,13.28672201617885,1
2025-06-18 10:36:01,HM-A104,34.3427257938672,28.915558298317663,7.295512717315118,0.07376879747014778,7.068603445200151,251.262860868107,1013.6552165336451,16.091814256645506,6.315339967303763,905.8094158314685,1.0739675086636389,21.35071366713645,0,12.614103599611463,1
2025-06-18 10:36:02,HM-C315,38.45988748719533,40.71238822371386,3.472994964121252,0.022112597589146292,6.1798710877341305,223.0375036225569,1011.7366081434989,14.572789019122625,6.413361648496117,984.6250765954459,0.9710913715928422,19.569506707726646,0,15.067372764727848,1
2025-06-18 10:36:03,HM-D420,32.23886939935771,35.211399157965666,3.632342634613449,0.05836314830976148,3.7180031892179652,248.08676627738566,1016.3738367083014,18.82779053716908,6.926066108093008,918.9341812411166,1.0505562831188842,17.296089477951305,1,12.29120843135106,0
2025-06-18 10:36:04,HM-B210,40.33047277690196,26.736304284206927,3.820979777211389,0.0628614478742334,2.983175298162319,245.92601707858537,1011.5741842823386,19.53523838670865,6.804128995908701,1063.7499774326225,0.9694917900269329,16.805050226754748,1,11.3439830019447,1
2025-06-18 10:36:05,HM-C315,37.566479978732026,32.691837992171585,6.272826337572216,0.036100974201642655,3.775298524936555,296.07463590781185,1014.1017751185776,12.620398388211346,6.69856966458034,885.3215037481202,1.0393612839441604,16.007080187325816,2,11.986602858998722,1
2025-06-18 10:36:06,HM-D420,40.89680303210859,38.04834036470136,7.75271478758525,0.045849938625906764,4.956064679986202,177.3479266523479,1013.4163162733986,17.554043466757573,5.852975504157936,1009.4673878298357,0.9838241229625874,24.526970956907018,0,14.112459112549043,1
2025-06-18 10:36:07,HM-C315,34.28231905857622,44.00906972520381,4.240590099243175,0.06154913919491449,4.915512231128066,252.6206220584773,1012.3795969847367,13.139590722927485,6.39550011864358,969.980934299989,0.9480188332498498,19.6707903935023,2,10.443303444714044,1
2025-06-18 10:36:08,HM-B210,35.9091013282044,28.36313638309216,5.25390253687336,0.018009938653162184,5.2974363547029055,222.37780100674794,1013.1353629684876,17.324071019720524,7.302240328963106,1047.5464649114392,1.0575826963752635,23.588093272002425,2,12.428479943296061,1
2025-06-18 10:36:09,HM-D420,30.980329182682787,20.90411761972371,3.8710912096011207,0.03145699291635559,3.389516234232037,233.12447412152812,1013.8004912091624,18.28004142390199,8.367265478192556,950.7403287920142,0.9646255911309564,19.143798742007714,2,14.914500933449892,1
2025-06-18 10:36:10,HM-C315,35.01077559251181,28.452235922710315,7.5502891473244365,0.04372477421556088,3.56604877044306,270.4027806850033,1017.2820246535082,13.076300682769364,8.480515733190916,931.0697543491037,1.0054783360222885,21.707094861221574,2,13.109290531649386,1
2025-06-18 10:36:11,HM-B210,36.5403827981953,40.65207753933253,6.237242512814724,0.08128050313680407,5.170239958774256,265.54057767926867,1010.8271859299062,12.555564607186056,8.799796364129348,921.4108892668929,0.9350345660942234,20.644766259222177,1,12.204440650382901,1
2025-06-18 10:36:12,HM-A104,32.09323104997891,26.031291464657897,3.763046654144211,0.03200458307890404,6.8890805584435375,260.2844672989902,1008.9333362205631,14.009674360527494,7.410648376905342,937.7424547046784,0.9310941302623655,28.29381843712595,2,15.38897062277427,1
2025-06-18 10:36:13,HM-B210,36.013432969504,42.48626945439693,1.8464883335714708,0.0346269095814688,3.183657267665315,212.2662585296546,1011.4847863777437,17.335862388887314,7.155622037914646,800.7784671139942,1.0769217415720214,20.094694546570484,0,13.023495590435822,0
2025-06-18 10:36:14,HM-A104,32.03164955784939,41.074044738809604,6.556380586642351,0.07094176841441205,4.413078711593201,285.5854704841599,1012.9548110240347,15.951391801504446,7.707318739016755,908.2954947701054,1.0069894377341901,25.368748472816943,1,10.083231254778013,1
2025-06-18 10:36:15,HM-C315,36.356349537721435,35.95518121031379,4.141272790678359,0.05325958076190043,4.068224582239009,223.7274780631719,1013.9982347200304,14.503487810348652,6.913482138304127,903.4363288651763,0.9947112405055841,16.412445729928116,1,12.241732815618482,0
2025-06-18 10:36:16,HM-D420,39.86777981777059,31.86817344826486,6.264098253816389,0.08365089735286094,4.674447869806326,291.5917036395311,1013.1446990369485,16.4421128244835,7.842205686996742,858.7694732122168,0.9788673272280137,27.415599183782476,2,14.323481407818317,1
2025-06-18 10:36:17,HM-D420,36.91255062471469,35.27630312908571,5.440535505275622,0.06186490707380127,3.0633215269498946,230.51766930011925,1012.7717127467185,14.416078429487639,7.071366427324294,905.1162386963292,0.9610986478789229,25.31728077850068,1,12.751810324113645,1
2025-06-18 10:36:18,HM-C315,41.14551843152951,38.05543676070051,2.248555950913922,0.0370798708619834,4.605748523461654,280.92495494734527,1015.3050026232864,15.263533588835006,7.421480573737954,878.1653365136189,1.0291511636786832,19.64949307063772,1,14.829006407852127,1
2025-06-18 10:36:19,HM-D420,38.965731408486526,37.29238232362649,3.7898349022894577,0.03423487460012374,5.964939728092047,253.05200064422385,1011.8136761013665,16.09001670483567,6.616650821399353,908.9270022822636,1.0710201214165376,19.588128638335842,1,10.88942725658313,0
2025-06-18 10:36:20,HM-D420,40.370369621517426,43.698296866350525,4.468782969070882,0.023508112013906343,2.5512130910996733,199.77894985727278,1015.4937770964749,15.955066159528856,7.971634963788939,999.9571093463588,1.0408764582430723,26.769691180905475,1,12.370726522898307,1
2025-06-18 10:36:21,HM-A104,35.08763689780429,33.69948775086752,3.986315016123008,0.013899508287385953,5.6952389977700175,239.33507055620933,1013.9308011344436,18.380964587545392,6.411950001747595,1000.1575465321453,1.0305343007332906,25.723227486617837,1,13.034272656834181,0
2025-06-18 10:36:22,HM-C315,35.027145929018495,28.49578513188501,5.174252427328077,0.04681631249945441,3.066112060410553,301.0702969204997,1015.2494137819707,12.595463916494898,6.69109705944929,1076.2941645637377,0.9843064842560271,21.055977796285738,1,10.632858073964112,0
2025-06-18 10:36:23,HM-B210,37.86403354096342,27.613596464339373,5.602072169226978,0.05253888327206359,4.809771457263569,274.70358858898607,1011.5856209267514,16.893546312831376,6.931100115212593,974.6491190594439,1.0317502238272085,18.56104308102302,0,12.491109872969567,0
2025-06-18 10:36:24,HM-A104,33.055744770917855,26.61354365970425,7.684039906260621,0.054948023898318085,5.086573435129794,236.9471771678344,1012.4717044049235,13.119367799900218,6.530811831356846,828.365278569023,1.0974481287592948,26.303565400164707,1,13.13717356217645,1
2025-06-18 10:36:25,HM-C315,38.17785937440522,35.98139461267803,5.708320215314702,0.03753045434256791,4.950211337999776,289.10971493205295,1010.8081249615242,14.190196098910196,7.653161328917984,923.6636951653425,0.9867032439125636,20.112611107865536,1,10.603477701495544,0
2025-06-18 10:36:26,HM-A104,36.190200458632674,33.82815649638771,7.236651598579813,0.07860229404313859,4.099824734563312,258.45640174920106,1013.4502928581587,14.68088298635319,7.303922063688283,898.8746916399812,1.0179560606698907,23.34218335653377,2,10.278006045336207,1
2025-06-18 10:36:27,HM-B210,40.32499209386664,35.16327301447136,4.284774821688058,0.012831099627405453,5.294988550489773,299.2844739037006,1013.4813987277444,14.15325467037584,6.419109514595844,871.4064103306313,1.068011964990159,19.72057639137714,1,14.281663520970927,1
2025-06-18 10:36:28,HM-B210,38.698780635198524,32.314702295969084,6.747820120270513,0.010566613122500634,2.991318836524352,247.62341338492857,1016.0127586014331,12.310079949046013,6.782918091386794,1035.8356895005165,1.0975137985117394,21.12132292566417,1,12.673868959019089,1
2025-06-18 10:36:29,HM-C315,39.741766075850315,29.449165706386616,4.428202864265107,0.023607568109153498,5.5974884200198405,241.2445188461083,1013.1212197769114,14.09848450917944,7.312064411372653,986.3601921964653,1.0069910944287084,29.617000148039846,2,8.983505827016561,1
2025-06-18 10:36:30,HM-B210,35.11448479651238,38.07167942313726,3.6244747977865677,0.04011908039756363,3.941960277414703,279.6450666919907,1010.7240959040413,15.544636397146583,7.3665790047273,955.6257808985466,1.0424107901089215,21.693692355252566,0,11.480906381887369,0
2025-06-18 10:36:31,HM-A104,39.62052567190432,22.684680500768742,3.561084862683147,0.01805767786023711,4.886398957120592,257.55998530480565,1014.4162902191196,14.73166395508828,6.436086615511808,831.2788603660672,0.987291874248839,27.75401488693224,0,12.618854722877128,0
2025-06-18 10:36:32,HM-B210,40.611781235910705,30.99202216123132,1.0370671121847983,0.06693877724211272,4.078290330760649,266.72557216759344,1011.6300023712412,17.945151060381978,7.213092490538018,943.445284911833,1.0162207633143618,15.911579875275482,1,9.08799435622891,1
2025-06-18 10:36:33,HM-A104,36.90321544154915,38.93245079984196,6.281123934410237,0.0252206921355457,6.338525914961826,224.1222711297939,1011.0957493737693,14.78433854057976,7.6985719700440844,1136.104534829336,0.9878438089690881,15.066829360949384,0,11.11741255460516,1
2025-06-18 10:36:34,HM-A104,35.15162345158378,30.495807866484817,3.064707445489987,0.02164920377520533,5.026363375073164,285.13612808394373,1014.0529700836455,15.029765806081862,6.957346123706024,883.0573554632638,1.0587464571682534,24.331948346605763,0,12.019794425669257,0
2025-06-18 10:36:35,HM-B210,35.19553199691398,36.958377098992486,7.112217851920576,0.061101578525392955,5.283273578817066,279.4686245079197,1011.8481952909966,15.364811518360158,6.37942072312634,932.5539636068381,1.0838178209461948,18.92301861705462,0,12.020085205809309,1
2025-06-18 10:36:36,HM-C315,40.09753248003991,30.998704522317677,4.738669246519188,0.0441487160956108,5.445074353093005,290.5465615258439,1012.1016485050453,14.734176923381455,8.265778097401293,1061.10583834778,0.9396841229604361,21.905603092163116,0,10.917873188677142,1
2025-06-18 10:36:37,HM-D420,43.71086435605828,32.720775630848564,2.6677028777978613,0.055694024985735294,4.210813410637623,209.2068762823473,1015.1037316911614,15.955485085709933,7.702973622248817,914.9118309106599,0.9947511137134918,13.521899621836136,1,12.288557178611487,1
2025-06-18 10:36:38,HM-B210,34.545887324561946,37.87460257902399,3.3234047554392867,0.0390481647976604,4.8471278533029825,215.1183499928295,1013.770340432166,13.963882687646654,6.8677116191056635,913.2183358509536,0.9729443543390506,13.871439192085454,1,11.891713936091934,0
2025-06-18 10:36:39,HM-A104,34.3536998748936,28.610758414684337,5.285952413471496,0.0454350652952005,4.698341273409095,227.593912772898,1013.8955235184075,12.668053739986643,7.2763054621008205,931.7041022409095,0.9840537151062151,22.05704077416291,2,12.208864747747825,1
2025-06-18 10:36:40,HM-A104,39.303535451686194,38.72639165038173,2.180063791184174,0.011329010954592236,5.2738807514498065,242.81969459556393,1010.9353484709258,14.856631198059358,6.915592435624641,977.7274745935727,0.9879045073507066,20.062292623323817,1,12.963846921265352,0
2025-06-18 10:36:41,HM-B210,35.11521617658339,35.22960246223883,5.884917510431545,0.037043194777416834,3.965276248996146,210.01153825470894,1014.0583167011932,15.76941969881418,6.408224789636872,875.152457902454,0.9566011991117821,20.659525284134006,1,9.709325826183328,0
2025-06-18 10:36:42,HM-C315,39.54588846057067,41.28219433689515,2.7255015679108245,0.019038876617285178,3.652114458364435,269.1184480705647,1012.5838569375064,15.326146571608346,7.746342130471353,1023.8648287563533,1.0139645232889816,28.673023289465657,0,13.570894641099725,0
2025-06-18 10:36:43,HM-C315,38.163365433816615,36.040749858233696,3.891535502203215,0.07908782959827673,5.918179649448091,236.85151833626776,1012.3338320069324,13.222694412526502,8.53277305874442,918.4496457134035,0.941734379654867,23.904804800688417,0,13.290419877206292,1
2025-06-18 10:36:44,HM-A104,36.94005674375509,29.65256689760326,5.2980805030623355,0.06585642808816425,5.444054171433606,287.6791221324065,1013.6127422456859,15.32087817552036,7.924614019460426,966.5042991776202,1.0441411139012926,30.57932768700949,1,13.226017452978006,1
2025-06-18 10:36:45,HM-A104,38.10317883630422,43.63997210970618,5.701416035259797,0.026921526189475395,3.492771835335619,312.96746438404847,1013.0124726578422,16.357479420704752,7.396757406078065,916.6630692567097,1.0146899486577523,22.30312141661253,1,12.23170006038908,0
2025-06-18 10:36:46,HM-C315,37.95049592288348,30.070285275989214,6.1965796943914055,0.03584888821681608,6.782681325055631,232.1784545631026,1010.8050791006121,15.404952067649132,6.9466053974611555,843.1571127527162,0.946942226998209,27.980090480981602,0,12.200204326299065,1
2025-06-18 10:36:47,HM-D420,36.55098375553456,33.86421957933029,3.0401809797303696,0.03679161779967288,3.8143040281595324,226.98116229251607,1014.4280035644656,13.579985803912638,5.070402778018117,774.3370584713653,0.9442978533132459,25.93364740551871,1,12.314603757852687,0
2025-06-18 10:36:48,HM-B210,32.609097420903765,39.787044634808865,4.537320810481737,0.0830791313208222,4.64234785104248,272.4184166724358,1014.5713181518789,15.153325366672693,8.455745963964402,968.297007438809,1.0390993207382049,19.97785739578645,1,12.611257329236848,1
2025-06-18 10:36:49,HM-A104,37.446626821472584,25.60036112658181,6.639499252976187,0.04792796603713075,5.902424105088709,252.90925555205428,1012.1189785695907,18.405265425793765,6.666838278853433,804.7367654696691,0.9648103371200005,21.309079575570983,0,13.687761157672815,1
2025-06-18 10:36:50,HM-A104,40.93265091516041,42.19834490056937,4.537682050975804,0.03144264798760361,5.8909845701126935,261.0901914859174,1013.9133673323547,12.924106523789778,7.866815948478505,1011.1533503442342,1.0773668644909669,20.581106350457233,0,13.633462176127374,1
2025-06-18 10:36:51,HM-C315,32.97807834198869,29.24557853836843,5.441411676806694,0.04293370353097893,3.653445463515137,289.8818376024399,1014.3702510675264,17.191761319179466,7.9531046085984345,960.1705865777266,0.8938276942880349,26.2975612747558,2,12.07686173078573,1
2025-06-18 10:36:52,HM-B210,34.58553744965264,32.725002900812136,5.243658887666102,0.009260181254109438,5.120690485202923,241.84958965991945,1010.1969961163907,10.514600585058075,7.930498734176439,1111.9364829903832,0.9473932612566656,23.10429962829592,1,13.383406180703137,0
2025-06-18 10:36:53,HM-C315,38.067067436915025,36.44428952098838,6.951855726936738,0.03852653380106701,4.1277419115441845,218.027684556876,1012.2271481495166,13.909645690300216,6.080873869641007,903.3022353100191,0.9807802671083135,18.32180155242864,0,13.232742118201253,1
2025-06-18 10:36:54,HM-B210,37.0964796568307,34.791470719573,4.301136208736569,0.018382118313491885,5.003474654722866,213.0858327246123,1009.7339073085134,14.139255921720192,7.986396522807736,1088.7713764984055,0.9984367774481478,16.850150287678893,0,13.539069988833601,0
2025-06-18 10:36:55,HM-B210,38.02795539896072,38.94588029225227,2.915076606945447,0.005,4.349202138652508,244.68025078678124,1013.9510655998308,17.16199923934142,6.820045684661223,926.7316312787376,1.0331722414431548,16.98754881710996,1,11.922280527202734,0
2025-06-18 10:36:56,HM-B210,35.251704480430845,26.99596214514475,3.548192164796152,0.07973148250143061,4.016691474234975,239.44411297313934,1013.6697591448724,18.545206246058118,7.128433560602143,1024.3255291156706,0.9899043160547958,18.41740163861013,1,14.426191620121115,1
2025-06-18 10:36:57,HM-A104,39.906145716480765,38.63725676886359,5.283265969975283,0.03946014002123675,3.3451525847018937,275.946493598273,1012.0170776988958,17.22519686111166,7.1042312329409665,993.6546176851059,0.9839395319415787,18.206263298727773,0,13.712064212847757,0
2025-06-18 10:36:58,HM-D420,37.11725141422553,39.03621193886765,2.645688880504914,0.024568268667995517,5.92220566619613,291.7744440661104,1012.7746452387581,16.02319770899327,6.707185824462458,803.2740879306988,0.9663481133612545,17.172138625133215,1,10.866130680787988,0
2025-06-18 10:36:59,HM-C315,38.74246380585764,40.14612914622946,4.183379022398792,0.006056414599707287,3.6074639044294763,291.6564052329927,1012.447808771667,17.125561680196085,6.961179699512772,1200.0,0.9604378014447557,26.486460173170435,2,11.298053729636745,1
2025-06-18 10:37:00,HM-D420,37.80069352742774,27.051696140167948,5.113124589461297,0.03557768071052595,6.26204384782649,228.9675542006745,1009.9394878484918,12.294955084517033,7.312676088255223,1079.4816756772304,0.9643545247496605,15.87818129020227,0,14.779745192089432,1
2025-06-18 10:37:01,HM-C315,37.43873741990248,27.65532383085489,3.850111843034888,0.03701646696102804,4.147438485159718,225.9027328432863,1014.9504884153647,16.787652877901486,6.447789905829337,981.8044284614436,0.9961094158303392,23.62127729817802,0,9.71692393769134,0
2025-06-18 10:37:02,HM-B210,38.56708414257032,33.28812175170744,5.490279871630001,0.05530103387126164,5.081582644520563,195.59705325479365,1013.3827623766919,12.795789636570433,5.893497111835051,1056.3046470725942,0.9076878073855266,31.12086240100338,1,12.461373217570625,0
2025-06-18 10:37:03,HM-A104,37.46621988491738,28.195871093486495,6.086617643522428,0.020923315855785236,6.347100321912835,250.09080378296383,1012.7835943885265,13.521721842168155,7.914937087194803,971.9131167847312,1.026833520267874,22.348231693611318,0,15.649940277854522,1
2025-06-18 10:37:04,HM-D420,34.02450242976122,25.980160502927482,5.682362899929012,0.029324837165465117,3.98328963360717,276.5416870347324,1012.7933182800481,15.79134876208525,7.431108743156913,1020.8864889513686,1.003468897551026,22.361196728868205,1,14.111720198331653,0
2025-06-18 10:37:05,HM-A104,39.71839206428991,33.072679713894175,2.6787425599216586,0.021508169321104817,5.066216143636328,228.7997446336086,1014.0615960001697,12.528377631496861,5.709472226744769,962.529769156379,0.9941303186771326,22.911563316747777,2,14.038477779965906,1
2025-06-18 10:37:06,HM-C315,39.04531821562046,36.17045680728882,5.118773281354441,0.03563900052559848,5.092840116883492,205.59552280481222,1010.6197550629848,17.451677541777165,7.525080877155921,866.6885808394636,1.0568890312762156,16.09310591675501,2,10.71190125958761,1
2025-06-18 10:37:07,HM-A104,31.732874021605475,48.994897651473295,5.236163460258124,0.005,3.700111316544853,306.5748629109934,1011.6869435070688,15.002871717361238,7.0545158421014476,941.8636735219147,1.0297463415797405,23.733282590568948,2,13.69302483049725,1
2025-06-18 10:37:08,HM-A104,35.36449928781081,37.743375770228454,4.428604822681261,0.02391598250751193,4.766710864077791,228.84529380840513,1013.3194510102919,12.397205106061309,6.158240494684081,908.128829141653,1.006381035615671,23.340976568912357,0,14.800594396670235,0
2025-06-18 10:37:09,HM-D420,39.605901156232015,43.761349999499096,5.469966519284558,0.0525943242592274,5.393743955669311,246.6292239619785,1014.6733592972279,18.0191634764213,6.763613634091794,1000.585985962078,1.0326795261802637,21.837159638213375,2,12.035363279704434,1
2025-06-18 10:37:10,HM-B210,32.432678633805416,34.779244568132114,5.41613686361841,0.015491106873490902,6.541138029118757,236.00711374727015,1009.3849673856505,14.474124293911911,7.495412254027554,865.692832381982,0.9688684923260713,15.24294122529322,1,12.504596339410789,1
2025-06-18 10:37:11,HM-A104,39.35891720475186,37.797829964336465,4.863687144705549,0.059990117915993686,4.002119712215299,209.99768591541226,1014.4941085086784,14.672586138504554,6.405923944476067,961.822020656593,1.0296721687087849,29.573507631989884,1,14.018711616890828,0
2025-06-18 10:37:12,HM-B210,36.64694366086437,34.269311522336125,3.4935924829800205,0.05746723463256534,4.915051364323538,277.05643004384086,1011.9379738372633,14.559124678891761,6.386088222916635,837.239607372662,1.0410486229931717,22.949438586380495,2,12.176365451898706,1
2025-06-18 10:37:13,HM-C315,40.35070642583498,48.415616083584446,4.960068571549801,0.059140468476777175,4.34751803561669,197.53116744131339,1012.5701370395957,9.16573205515624,6.746658709561981,1011.6680929026893,0.8776457527158615,17.109580526891992,2,10.227301579403932,1
2025-06-18 10:37:14,HM-A104,36.99713302731134,31.57204568235471,7.800396391511619,0.03990953718983129,4.73203369874312,283.7306062045493,1013.050717544347,17.51621255773026,6.444320926029195,852.4854743497773,1.0884961388425667,17.981066260024516,1,8.410058688927784,1
2025-06-18 10:37:15,HM-D420,35.19483001751093,32.250128499334046,4.411539456476461,0.03811199604911597,3.789848067946857,258.04148397536744,1011.3427422563407,15.056056701829752,6.318192255468722,998.2922813565286,1.0167047154734188,18.89058727029645,2,12.973345951091948,1
2025-06-18 10:37:16,HM-C315,37.770214151897854,38.98270343828102,6.57095818726401,0.04639218590382658,4.2971502671113475,241.93939527479228,1011.1396110991395,15.30627790872035,6.304533679424459,959.4343396137801,1.0305302933567115,28.3506731280276,2,11.744172681214787,1
2025-06-18 10:37:17,HM-C315,36.92403627622503,36.03736451819663,5.058285530851432,0.06640533720065847,6.3218543022166145,242.44091003359628,1013.3113158115345,16.361928298827046,7.546367130472277,1033.4244467195833,1.0541504815286549,21.50465618821067,2,8.373691718973035,1
2025-06-18 10:37:18,HM-D420,34.9728721646483,32.87918998261442,3.7989065369954624,0.06458554219720133,4.652914255246654,263.62820500741924,1015.842267568329,14.412667722743697,6.474445937963166,937.8941543292598,0.9931613039517111,21.506081997384484,1,11.302596426330352,1
2025-06-18 10:37:19,HM-A104,42.54585870752847,39.80188574369078,4.55510495267093,0.006755294560378142,4.591326649151978,230.71535757042105,1011.5807107960107,12.757213003516966,8.06569127149268,1015.1148304531413,0.9791895207619914,19.8805599239235,1,11.916530557303673,1
2025-06-18 10:37:20,HM-A104,34.57225454603921,34.79426417634439,4.974694439437848,0.022513905718608215,3.477122914168917,255.30260145970274,1011.5689131942897,13.138300207350587,8.925295701361222,961.9121131993068,1.0149883018445485,26.101938304826422,2,11.77312030114653,1
2025-06-18 10:37:21,HM-C315,31.392611562350517,34.759016362763056,5.982817199418358,0.01892120753621339,5.809194085719835,223.35512060876957,1011.1643939519065,16.7463527743708,7.069739460053031,984.2624343178111,1.137968538617903,26.31164837606334,1,14.195015020329437,0
2025-06-18 10:37:22,HM-A104,40.95424742030373,36.15291153764446,8.570068173228993,0.05453545956572373,5.516352791116568,185.46939944388834,1012.6616670609943,14.976211445038366,8.813654052420812,806.6613212180205,0.9949716036089723,15.947095924236145,2,13.487333978818258,1
2025-06-18 10:37:23,HM-B210,35.54109131921018,26.329396552438308,5.08199690902141,0.026414295060710278,4.6527142816785645,268.50970045136677,1011.5260354318999,17.011842704622634,7.633866892713262,898.5058951729759,0.9679640231623019,21.597855883550253,2,12.282265104242125,1
2025-06-18 10:37:24,HM-D420,36.25806684758576,27.03373004105282,3.153711153062665,0.035932186542665404,6.781348566048967,323.1149883627693,1011.5583263328965,17.363591859363925,7.329753478378375,936.9551021160103,1.0671054603172383,21.138332381403043,2,10.588880814803652,1
2025-06-18 10:37:25,HM-B210,36.105234838427414,40.43447806293404,2.518133898082724,0.07415897099112212,3.8608872157525918,266.9816807446814,1013.3152617761799,16.774442818940592,7.150331525585599,1059.627543975307,0.8956510200750711,18.184380703020388,0,13.559241447968262,1
2025-06-18 10:37:26,HM-A104,35.57587141460419,31.615191645412477,4.3673231460076005,0.06241761964593548,3.2492392726614314,248.57733458119105,1010.8331848614358,17.5129018081554,5.635672384970295,977.6709438589247,0.9945344603921508,19.672579828535326,0,14.704460839629368,1
2025-06-18 10:37:27,HM-C315,35.084518821841385,34.33524325895152,3.3078681500250693,0.06752397884909891,4.38608962922173,238.10183909148532,1015.4334635493389,13.576263344096132,6.839721393158124,812.4889298361068,0.9682082267147768,20.832962460980166,2,15.097580659765107,1
2025-06-18 10:37:28,HM-D420,34.50795674375759,43.062193180614635,5.836859446308895,0.02566091921560086,3.483334739701079,239.04214484743093,1011.2363526975028,16.203892833859054,6.300215571239205,985.0253638685513,1.0314445583604022,17.968525585294355,0,12.090289843702404,0
2025-06-18 10:37:29,HM-A104,37.16189940426141,34.56066272035208,5.847883585259623,0.005,4.788797623028743,238.099426338145,1014.6971566174531,14.065284573804552,7.900194274773554,879.8171248815023,1.0068113614640402,23.16998831129356,2,13.388105185728715,1
2025-06-18 10:37:30,HM-A104,35.99503110581091,33.949555929464196,4.781036851538469,0.032089505967719145,4.587834583931252,255.96972736456402,1015.9594723558552,12.811382934419553,8.570528890030575,886.7750039068885,0.9449901241971993,23.08287818217336,0,11.53179382898092,0
2025-06-18 10:37:31,HM-C315,38.825905475834865,39.480387947476444,5.986079656849406,0.01120102312942389,5.883478526611992,178.40862607135313,1014.7971319452346,15.921701452636468,7.371649946153424,945.3485336083534,1.0323574929569457,24.07084653248608,2,11.262543938841821,1
2025-06-18 10:37:32,HM-C315,38.20673512904038,32.0086754172357,5.0971390216538035,0.005,3.9531381913148134,173.19349577017948,1014.6106827134438,16.50838787283272,7.401499062024389,972.1371328059909,0.9589693996710926,20.12840327960676,0,13.584341238648745,0
2025-06-18 10:37:33,HM-B210,34.68121951618649,41.0146461464102,7.801360693052534,0.06257345653946537,4.898423992565022,263.5358525583074,1014.194240633957,14.311490982746065,7.970017504503483,887.7854324854725,0.9976298188054691,13.402009064627062,1,10.622994151851968,1
2025-06-18 10:37:34,HM-D420,37.27130319018089,39.3777895971824,5.9391874195325505,0.022163025745445725,4.722281371357191,244.02600418834413,1013.3206573213232,15.09523931308175,7.294800514216149,810.2588058857325,0.9786428542817985,19.144493490108054,1,11.773056519284738,0
2025-06-18 10:37:35,HM-D420,35.955404189696615,44.151665976541686,6.343425614222404,0.023868752004294093,5.499040918388385,220.42721454019113,1014.7682055693912,16.406023219739055,8.16243280887192,935.8277907721637,1.0407289445242118,17.79253883839875,0,14.22209193621304,1
2025-06-18 10:37:36,HM-C315,34.52084889341584,31.548284783614005,2.8278088837696425,0.032684723733675355,3.1435004894679204,219.60268631342868,1012.6091228692757,13.77610853634137,9.091943067991593,932.0876908953051,0.9770582535633553,21.321979101043112,2,11.748582574754549,1
2025-06-18 10:37:37,HM-B210,38.72357892628783,41.83487323101207,3.2431468291561423,0.07292988958077681,3.422666642644854,233.26872057926772,1014.2978328426087,16.62129984181178,8.355394772098162,1064.68512094233,0.85,24.290387731492633,0,10.950376217932174,1
2025-06-18 10:37:38,HM-D420,36.696686801729086,37.77046053501963,5.71825763915671,0.036767714785836784,3.8052939328501014,237.44960085286888,1014.6616708803455,13.18704274493801,6.7018589186441355,953.4162720313619,0.9442383369274646,29.559807860091922,0,15.490440358923454,0
2025-06-18 10:37:39,HM-C315,35.981124949573804,28.37316808162489,2.676164737690505,0.0590317917245918,3.1987778366709634,292.7003522074874,1013.7627685109659,15.815564575565737,7.871571660057316,1044.3046034183449,1.0031588326917442,18.376372672803512,1,13.346455035245588,0
2025-06-18 10:37:40,HM-A104,34.8610819089418,22.01911787777672,4.063286235687347,0.033693081853869614,5.234795667889834,217.89837032783973,1012.5960546940788,12.581958952292778,6.665759677476291,1119.2913390454212,0.9670195923937371,22.511073601549953,1,10.04116645742282,0
2025-06-18 10:37:41,HM-D420,34.43015809731665,31.00986558952335,6.769118919632581,0.008390762372729406,5.246272754649575,272.9184972192144,1013.7321935531888,17.69196020986107,7.023256338096328,861.4195299328326,1.0596089717059514,22.69877273712292,1,13.003336953280128,1
2025-06-18 10:37:42,HM-B210,41.97192005978636,36.461739036728765,4.031216300441807,0.016203278836802112,5.810476551300365,267.70795764408194,1012.4459858807361,16.369786353981866,8.514978703470714,1067.647530915576,0.9489577220470506,27.76091877692931,0,12.31898875669099,1
2025-06-18 10:37:43,HM-B210,37.83529662407499,37.186739663039035,3.185400940569334,0.03992426867263273,4.3251207664955915,243.71706904822028,1012.1842680765479,19.02126678516764,6.402349061437073,1024.5960212530372,1.0288352439441573,22.879790193415655,1,13.716743340580791,0
2025-06-18 10:37:44,HM-B210,34.27217740699296,34.704594673574675,6.001314966958722,0.04215271123006049,3.9451284015895984,272.94955125291915,1014.1815052301531,13.131206198012066,6.882928862003226,772.5556162264069,1.0403957666802786,20.54384275980309,1,13.253766567887121,1
2025-06-18 10:37:45,HM-A104,37.71966474580703,34.749353170384836,8.110298369061269,0.05085419862490752,3.363405439089272,263.2501397228815,1013.2193033881418,16.331318128060502,8.113926077836165,934.9620139519602,1.008807887927487,21.829937137512918,1,12.43382961106091,1
2025-06-18 10:37:46,HM-D420,39.655040441988845,34.37003249949905,3.787032264706193,0.05086249631400005,6.064274270908459,212.31470086333354,1014.1636589717825,14.961220923041104,6.514383798848714,1006.4458493894103,1.0204504878929372,23.39156145389692,2,12.896737850581601,1
2025-06-18 10:37:47,HM-D420,37.418794031325106,40.15608566869179,6.836038697214255,0.058003254668889614,4.2333038735138935,232.20004286667796,1013.2288814628885,12.067533938706902,5.666094819697667,977.0299359689276,0.9932588197894198,24.95554255573949,2,12.977179305727926,1
2025-06-18 10:37:48,HM-A104,40.43505335533281,27.81855150858464,3.6002375501531927,0.02461695990893205,3.6289983599831306,261.6331822665286,1013.7642311394942,15.2209504877904,6.0067238435712,1082.602937666189,1.013776379508603,28.806541275744085,0,13.100816483522946,1
2025-06-18 10:37:49,HM-D420,33.14296714482508,36.34144928767139,4.83129832833948,0.07654437451440635,5.40050927140468,232.060196310859,1015.0974878160652,16.13749960187014,6.713012407751944,997.2232274853556,0.975696298596309,28.39848314271762,1,11.936108771382708,1
2025-06-18 10:37:50,HM-A104,32.02169488154947,30.886243620684795,4.896300590448281,0.07837515047433288,4.092940153296309,268.3224061553271,1012.7568412096139,18.940339087414554,7.168878155454011,835.6170680747069,1.0113152154222806,18.948527136222282,0,10.33940760276034,1
2025-06-18 10:37:51,HM-A104,37.651293554634385,30.46729467471283,3.827027389877051,0.02958928657032898,3.219638195079649,284.87576922714993,1012.3946387177822,13.99102496403257,6.9572138170454485,1013.4092837914,0.9856100958460173,15.983308635988909,0,12.1677297184742,0
2025-06-18 10:37:52,HM-A104,37.691240358434705,40.88115281953418,6.313092967322207,0.024121614353659903,3.4591594475052876,249.18576409029694,1013.6446637511281,15.948831266000443,6.790495883293118,858.5499506741776,0.9855963503908814,17.004257490831368,1,11.815232416236897,1
2025-06-18 10:37:53,HM-B210,30.0,30.083684615400287,2.690418634213842,0.005,4.608627078556126,231.82382791749308,1009.131774471859,15.613692478573705,7.261534712461601,905.7900317042661,0.9667466465501624,22.96029370386013,0,12.409569586585702,0
2025-06-18 10:37:54,HM-D420,35.441059771994965,34.30240883050069,5.292571415238618,0.04341778254313677,3.2132230020151935,228.41132346442095,1014.0632988766916,14.652041177447753,6.8025020460136005,1037.8654692073947,0.9891535932750493,26.50738629922815,1,14.154803899800509,0
2025-06-18 10:37:55,HM-A104,34.478344214041364,44.79249200939498,6.611246867289392,0.049048740773818864,4.397295054765342,239.07026856938188,1011.7068264073632,14.79952257402856,6.642933699831808,1028.8455693813212,1.0754383697768066,21.024592715142102,1,14.682923414336546,1
2025-06-18 10:37:56,HM-D420,33.52013439824211,39.19038484040837,6.188245203866305,0.02841346376225578,3.4622596335854965,236.97324301643283,1015.5138577150418,16.492997932764414,7.383885239585808,953.0668892858222,0.9879317412110447,18.164580975601922,2,13.578008910815129,1
2025-06-18 10:37:57,HM-B210,34.47239558847547,32.72514843519811,5.736822591178487,0.045655291330951656,3.3648126644325087,275.92082223938684,1014.1846223044078,14.79876050350547,7.292091190913252,892.0377689438536,1.0470003957163305,16.1363442271913,0,13.718572183473999,0
2025-06-18 10:37:58,HM-A104,38.4894695039984,33.13813470797059,7.377949089802007,0.012243729784105949,3.9144616209645013,232.40585971356086,1014.3741327082269,14.529528513596677,8.012737206360159,933.9877112063618,1.0261918212743597,28.342666460753072,0,12.361757145885745,1
2025-06-18 10:37:59,HM-C315,34.45648744677573,28.863985506708534,4.670573949378972,0.0593534755041641,4.691138188980672,244.72726090340197,1014.4095296073647,13.98675766289475,8.81525261269281,941.0233679795548,1.0123476293027918,20.05963605091649,1,11.92082466479975,0
2025-06-18 10:38:00,HM-B210,34.542194663545395,41.50322621133026,2.7129107770749137,0.029380442719097066,4.8833959171935994,273.3912572796796,1012.3111984492921,11.996992743166174,5.512895409147043,904.6661145022313,1.01429434703521,15.828324572883313,2,13.60385370783257,1
2025-06-18 10:38:01,HM-C315,32.9529867278558,40.05675903960534,5.20281032835793,0.04577519307104137,5.609191273066319,240.10038937553156,1012.6098630636125,16.8674778502206,7.615391802869752,1040.8380636679574,1.0010530059475518,21.895547237860658,2,13.959137438227692,1
2025-06-18 10:38:02,HM-D420,40.172274106289564,38.433011369348904,4.811356534167964,0.04420314094119908,3.560333437298924,236.6737187777228,1010.4621450933016,13.965771347187536,7.327208486851577,916.7646246586402,0.9708980537500732,22.013837819102328,0,13.939125078573191,1
2025-06-18 10:38:03,HM-D420,38.086580913676585,38.98416472404569,1.8262691434402072,0.005,6.16981074647569,276.1400555274615,1015.2417772218753,17.466044460683854,8.222581940274797,929.0616135554877,1.085903214327669,25.539275554924068,2,12.287096726129507,1
2025-06-18 10:38:04,HM-B210,30.769109492742746,31.12737695301288,3.3123481092374187,0.05668064932545537,7.765141708122481,284.80016503998667,1011.0677267844952,17.521984161539823,6.794165169713157,931.2523865379935,1.0528984558648817,17.22660731877224,0,12.625030027071242,1
2025-06-18 10:38:05,HM-D420,34.544399801942035,27.260437786320747,3.1210609455245693,0.024311133338687216,3.9960643581175113,251.15107891202547,1012.977755062386,19.79640763893798,6.8983949808561675,1005.7749619858896,1.0021549804855687,26.652198903525615,0,15.406877400437569,0
2025-06-18 10:38:06,HM-C315,38.32129471098732,37.802702126519044,3.7782006117307265,0.044050093532045906,2.3793816343829404,299.82102637369866,1014.837560965077,15.889080662631923,6.166896203373272,970.3435437451369,1.0034555667142313,27.26708006177532,2,8.860365796466112,1
2025-06-18 10:38:07,HM-A104,40.20348137245709,39.44278936810697,4.473238603851961,0.011802392308333475,2.410105888722774,254.97257835557104,1015.3013675793834,16.120593732929073,8.020109294284667,967.4612546522005,1.0282933578818927,22.369431735127133,1,13.970874754059288,1
2025-06-18 10:38:08,HM-A104,39.10209689841664,43.03523341563481,4.5306890581934125,0.030412456245171797,3.9038232367595898,276.29000686865146,1012.623736176641,16.224285444839968,7.30880155251902,874.5896014934278,0.9470957560619946,24.42499650502906,0,11.98932685556785,0
2025-06-18 10:38:09,HM-A104,36.110792724355285,33.99554896863285,3.8317929070949166,0.04726497733861909,3.667059115625838,308.6502317769151,1010.4408721453641,15.520338657524574,8.101085075658718,968.7812881352813,0.9608609401459491,25.248884417401143,0,11.989689150954694,0
2025-06-18 10:38:10,HM-B210,32.1715578480174,33.2662436070984,3.119092188149492,0.018413944253445173,4.506166512908367,231.13995280999916,1013.3466090952933,17.36005387791546,6.855362736275367,1009.6865863303678,0.9061568157479735,19.599176912839955,0,12.07177338707755,0
2025-06-18 10:38:11,HM-D420,39.17562248477827,33.80369897665272,5.566177563138615,0.019509477128493827,5.109942213099621,234.36022964254323,1013.4997030127275,14.834842476936984,6.6625382962005055,922.4478386158402,0.9894242662903406,16.447631486510524,0,9.722858439222236,0
2025-06-18 10:38:12,HM-C315,36.257757871698736,38.35371912716444,5.174857791834021,0.04250136228520971,2.9567042949017424,273.9825070071245,1013.6359261143988,16.104360901132782,7.781772595351305,961.6727062472228,1.0595763113839878,19.644052772792776,2,12.185210448970766,1
2025-06-18 10:38:13,HM-D420,37.172155036537674,33.589553586623765,5.220007247985562,0.0366497109042518,4.294171856305664,245.18244163123614,1012.5416621476087,14.782875187448154,6.929132749391323,1023.6616384825553,0.9858991806480267,14.970402445684403,2,14.419039032145655,1
2025-06-18 10:38:14,HM-D420,36.556448904478756,34.7388045661833,7.668516829001345,0.04698609230065625,3.8928251038888466,221.77204749570336,1012.7929078175606,12.377652094688765,7.7050051358291,885.8869597643062,1.1095390034751087,23.890937963613407,2,12.059270545734876,1
2025-06-18 10:38:15,HM-D420,33.611176251059334,39.15526445619477,5.244311080309679,0.03264385356770813,6.942661142141365,239.52474094331637,1011.9589333354776,16.488748738334177,7.608705876152804,887.0125891647334,0.9782192213009223,28.3969084668035,2,12.26579292905914,1
2025-06-18 10:38:16,HM-A104,37.910625530557475,31.87081922383132,4.45001334157925,0.05282997157057723,2.8421007410119943,207.557079548148,1013.2380733951254,9.50035025416748,7.285518452323146,940.3565109057826,1.0088992470744884,18.56107305881163,0,11.164705721834782,0
2025-06-18 10:38:17,HM-C315,37.56614757778362,41.95576992710882,4.841291011368242,0.028660891514243888,3.589416678387603,250.73854582226252,1014.2026874511962,16.0986892516246,6.713967656822348,1012.4046741021098,0.9860840839700751,20.152513582721085,1,12.532653989013866,0
2025-06-18 10:38:18,HM-C315,35.935527892713004,38.16544503663288,5.1482288317693765,0.05194129171508119,4.54023845948595,254.89275947406398,1013.3948748109445,17.174634552146973,7.486197402074317,711.4273872215438,0.8880501082677834,20.991659108061672,1,8.661485420665114,0
2025-06-18 10:38:19,HM-D420,38.17776449965622,25.711896853298423,5.923690022317046,0.021864364314605502,3.597485615455806,282.54814127917496,1012.9340565837439,16.17598331810478,6.592944923959167,934.3535626822884,0.9862368537473537,30.25276393080174,2,11.310202052286364,1
2025-06-18 10:38:20,HM-A104,33.56500113144173,32.423229017358175,4.932919359736039,0.027780180895646107,5.859738610029238,285.4149568558218,1014.6857096326128,13.421548552180786,7.278189510846452,893.6255701206588,0.957938188968954,20.18187272775284,0,13.080464156825936,0
2025-06-18 10:38:21,HM-A104,36.32749306029223,24.878282508969455,2.085618649226321,0.054613418121264516,3.276150315300682,240.48293049362172,1013.3847823594976,18.092685027880094,8.546243009409642,978.5961269131282,1.0117292706588088,26.476355491184286,2,10.509952412388834,1
2025-06-18 10:38:22,HM-C315,37.06531868233947,34.016603008565994,4.34487781512616,0.029712387970182462,3.400940919474783,313.2277941035702,1013.0465034094111,18.62920944516445,8.192063503859947,942.1297432603992,1.0637911166781395,22.144553907240088,1,10.643142510123415,0
2025-06-18 10:38:23,HM-A104,32.66268091966234,32.50844447939732,5.00223976304518,0.016575393260560848,5.96321938834782,217.7841046649276,1013.116499334413,16.331149473936748,6.7933612031986454,1041.4217887995023,0.9823581724607655,9.320850367760944,2,11.799748653764114,1
2025-06-18 10:38:24,HM-A104,36.85725847290987,39.174273796000946,6.956302348477472,0.07460231746742371,3.070911083231537,207.99814086676676,1011.1844378693979,18.709604531313254,7.418106808673923,1001.9766506775275,1.0185684856964314,19.994684728916276,0,13.246430638903634,1
2025-06-18 10:38:25,HM-A104,38.83411286670324,30.59490825522333,3.8211565310804207,0.039297333307636795,5.501507241782733,212.73544092875443,1011.3648957968908,19.239848895014557,6.770825800051851,931.7900499605468,0.989330713691608,25.517260062423176,0,14.016884359219489,0
2025-06-18 10:38:26,HM-B210,36.24192268989283,36.93867500967245,2.5471087090690565,0.049429041543759614,3.956916218481646,214.86156938165476,1012.8136486319635,13.716804565219581,7.425393614912828,868.5289425526248,1.0448713838729637,20.017216583944272,0,12.501798435726354,0
2025-06-18 10:38:27,HM-D420,36.91471274371414,37.84423804734217,5.0965658098410875,0.005,3.75799193929962,272.7423019587947,1011.8938755831281,13.17807829020362,6.4666775747099345,977.9665092469043,1.114031766357113,24.048914619061524,2,12.029484684698376,1
2025-06-18 10:38:28,HM-C315,38.40586009808542,36.28597426114007,6.2993553822630695,0.06663617159082479,3.890587491767999,300.46482238851,1012.9321331953535,16.486375163124126,6.675403977398666,926.0509290218989,1.074248187819813,28.931613758295185,1,13.107931266923833,1
2025-06-18 10:38:29,HM-C315,36.03049972783432,40.70061790886264,4.409865587896406,0.09292461846529029,3.1553444690646524,301.6972154951765,1014.2850624725218,8.718212417001997,8.699024073603857,933.6475085558299,0.9691872383948708,24.071231872455744,0,12.165079021758,1
2025-06-18 10:38:30,HM-B210,36.25550650113928,45.34144425420938,8.574574230556166,0.0648436490738714,5.588477331072108,193.4620504802255,1014.0585959115259,14.556944080617987,7.306139320350749,857.0065251322466,1.0690503168351588,19.45883879551933,1,13.60226998687793,1
2025-06-18 10:38:31,HM-D420,34.05824121366883,35.55970971349534,8.22124709898446,0.06769405406005563,4.663280405776267,275.7046555433112,1013.5888258767728,13.68187159652139,6.840608942224836,962.2117870280427,1.0150113921040502,24.84360542434382,1,14.727762180299885,1
2025-06-18 10:38:32,HM-C315,36.96265805669809,37.02589758445184,4.891290928176624,0.031824602377885175,5.5691555565027855,295.8120007367407,1014.2671219979547,14.621759502493584,5.4979334379559655,909.4120678640696,1.061588476540281,23.950649095499028,2,12.263417782127027,1
2025-06-18 10:38:33,HM-A104,36.162878790988046,30.59861523083945,5.28006973524983,0.0450364602932407,5.9116175507561834,279.9380783110873,1014.545492578762,12.545521918591023,7.334091907671078,917.4423579915486,0.9486836681129763,25.882745423960916,2,10.790966149230448,1
2025-06-18 10:38:34,HM-C315,38.247724487633306,29.902382929883785,7.053097211312965,0.04976154305039793,5.1492322650081475,230.99891827280342,1014.4912543978459,14.694741848341797,8.948691342869303,700.0,0.9955668645081501,21.628478739538394,1,12.41268723552173,1
2025-06-18 10:38:35,HM-A104,38.4086498854581,40.16914825166364,4.865247909304805,0.0260477992169703,2.756668946455111,255.05202758375071,1014.4542563500961,16.21184561156816,6.743708061208494,952.6712356144202,1.008932346009136,18.764569259175296,0,15.521846120017289,0
2025-06-18 10:38:36,HM-B210,38.9780225975322,39.50762753051679,3.7938672241197233,0.03751881143015433,3.336857476606755,221.4545874439034,1011.2017781376352,18.451487733655647,6.892505644774353,873.8855835455503,0.9973042356699471,24.15129281447787,0,12.975248810619744,0
2025-06-18 10:38:37,HM-A104,35.72934912276217,29.851900629143685,6.333397859352893,0.01998013829114916,5.521096594976166,272.4227896019213,1010.1632885570366,15.937251110940826,7.238270614726144,991.277488083607,1.0144923142863194,24.276798616719915,2,11.02689132218838,1
2025-06-18 10:38:38,HM-C315,31.55854728593971,28.458897287452636,5.696619263652944,0.0320898753974158,4.566605077054926,206.09229219385793,1011.8296586260025,11.45094761805493,6.693545727297619,955.6884059019358,0.9945046361019451,19.876567352913817,0,12.553845057207134,0
2025-06-18 10:38:39,HM-C315,38.85409936616194,31.75631597659705,3.788982781976282,0.05681783140774239,5.280455175812166,270.5614431747748,1012.3148136778267,15.130750158931297,8.966800738579074,832.4288295770857,0.9821788199206448,15.828884755236883,1,12.390688550184334,0
2025-06-18 10:38:40,HM-C315,38.07780241024352,34.29311015282945,5.418746255374638,0.005,4.393285760068971,228.69776503155225,1014.3928977815704,17.83826628854314,7.984384822771536,941.7117937582778,0.9771330595724462,20.172995247813184,0,11.253398667702818,0
2025-06-18 10:38:41,HM-B210,35.41177098828477,32.95436795758378,4.7599092220875825,0.05906207215318304,3.9843672162535957,260.8961420358272,1012.8552714130598,14.585513279194323,7.756844844927311,967.195012225172,0.9590648468236719,17.29324790646784,2,14.392008030379433,1
2025-06-18 10:38:42,HM-B210,38.387350498918344,35.80257434166126,4.42235646298645,0.008452787856136748,5.281984468584548,242.39533133939216,1012.280273578953,16.37085885681639,8.891460032119765,1116.932362985323,1.0154166463164327,20.923835631444703,1,13.426771578120892,0
2025-06-18 10:38:43,HM-D420,33.3785254937094,39.58531256186303,3.8212405574992374,0.041049125344068044,2.4270900901115837,239.189843908644,1013.2453005591542,17.42566139154717,8.56445144606029,997.9494076456551,0.9928743595109459,25.110349714237486,1,14.239376171089894,0
2025-06-18 10:38:44,HM-C315,39.575600532175685,37.31052189377469,5.182104667433823,0.04286870274010731,4.1163187231698695,278.4031901990072,1013.8037465257424,15.344813318193404,7.262860428688148,846.6943077546205,0.9730226854293091,13.981729151646602,0,7.861791294017883,0
2025-06-18 10:38:45,HM-A104,36.16593862051487,37.68060498842062,4.601213949665769,0.05145632443817843,4.5797717149737664,295.79443881529147,1014.1636217636396,15.717732429161554,6.976692932898965,1105.4544392357504,0.9250611424165771,23.24120107871928,0,12.920058028027482,0
2025-06-18 10:38:46,HM-B210,34.92768096748776,22.742318027955612,5.4270598651380935,0.03638919534372073,4.750431100252247,224.05108649194813,1012.3804614564268,16.179301832169948,6.968655712487223,928.009647859008,1.0269268072667468,23.647207188790073,1,12.617338738536573,0
2025-06-18 10:38:47,HM-C315,35.44574610940278,26.93048489940459,6.229756433097465,0.019106110378108228,2.946603500932025,255.5992006133493,1011.564478505099,14.168591603545709,6.766369454886234,927.6642396848681,1.0337833606188251,18.30314759729842,2,11.025495415411802,1
2025-06-18 10:38:48,HM-C315,36.42128753499947,31.01771596176971,5.347349554146346,0.04369018892603725,2.9962632959414384,217.40643702854263,1011.8321716598249,14.591210772370168,7.024771938771857,1105.3513520910365,0.953119019714164,23.39262857455956,2,13.15666646337653,1
2025-06-18 10:38:49,HM-B210,36.969969816751345,31.843031759202468,5.373026899064489,0.08345011178349104,4.028218105228031,236.18493643647182,1013.1801862714184,13.244071928876378,6.790694836624965,899.7231518831948,1.005151349866135,26.679530216549708,0,11.052669622938447,1
2025-06-18 10:38:50,HM-D420,37.12070070099852,39.19913917469617,4.188234397748785,0.03971181682664045,4.424683969663791,228.19499865785346,1011.421599536309,14.029602608485984,6.29908789763646,937.4290785879706,0.9727428637594809,23.72931673126806,2,10.09041132330752,1
2025-06-18 10:38:51,HM-B210,35.92598139010469,30.60549284265934,6.761534021772302,0.022372468715041307,6.366070335751388,212.22530673577688,1014.4224519656873,16.622475000690823,5.2639006636114045,819.4934289916224,1.0359142001856738,30.22877042631955,1,13.589524356642857,1
2025-06-18 10:38:52,HM-B210,37.5005989336537,38.33463830678684,3.7272060185318496,0.030657131114622746,3.4464243066283697,281.7774747048327,1011.4360068405385,16.07817665969955,8.036529997829495,946.8738560402477,0.975215033436828,22.33286657039756,2,12.267533766318865,1
2025-06-18 10:38:53,HM-A104,37.02069818583359,31.07447130596851,2.582011997287807,0.04300475939594786,3.908234488086916,253.1035581313146,1010.6637045152055,12.733345546726056,5.071181807981347,937.9162745060373,0.9754246395537864,26.012414412805704,1,10.043012000876042,0
2025-06-18 10:38:54,HM-A104,35.381067511064,28.995578563035924,3.3935247790938696,0.03462757430692867,6.4098009952783785,233.60026964264074,1013.2330303654085,13.097034679564617,7.483915284972379,918.1733148493386,1.0065506870816057,30.130796247019042,0,14.654954482683381,1
2025-06-18 10:38:55,HM-D420,35.00452343894684,29.227751704781042,6.551395867149308,0.03184837144805941,5.77690507351759,248.2541046166056,1012.5859915773876,13.834489723990869,7.975050315079232,962.6649206885337,0.978996370710212,24.032104871181854,2,12.590327625471412,1
2025-06-18 10:38:56,HM-C315,38.52091385723709,46.29133246644611,5.688346730297411,0.06654864234661322,3.163202380988561,285.8896998365715,1013.7067974532082,12.180200538536448,7.552042808643082,884.480151475149,0.97557017766444,29.01244205809447,1,11.29389054570824,1
2025-06-18 10:38:57,HM-B210,38.31081508999476,30.963175157450028,6.9679139343980845,0.05034563432976475,5.310535968432575,280.8295938208008,1012.251399847153,15.51233851977732,7.0815791696732795,1067.163607769792,0.9692633305709237,23.8262531688183,0,10.051723322830455,1
2025-06-18 10:38:58,HM-D420,37.142840887903155,38.454936044301704,3.0154227122500465,0.03762961272338657,5.498883601755618,266.7492548837935,1013.6046943333452,13.749612503373989,7.373272341189539,951.4700349922639,0.977885362700702,27.82654952239398,1,10.843912606868656,0
2025-06-18 10:38:59,HM-A104,39.3104886649755,27.209007851248998,8.48032733040122,0.03778282842757524,4.734904916045586,229.9188372506424,1014.5108053678149,16.03208011566393,6.852068212293548,888.4097583029546,0.981252940884716,17.5291946478667,2,10.049029292530237,1
2025-06-18 10:39:00,HM-B210,32.096680859580914,42.09464502089367,4.57447372213947,0.0434635766306903,3.0921660848069292,253.58009137078446,1012.0649800948103,17.031761676160034,7.125864565090245,838.6012134814595,1.0006434051001918,22.245648135516657,1,15.06939218994398,0
2025-06-18 10:39:01,HM-C315,35.58901339623324,36.74520572531856,2.3594847973379127,0.05120628690260958,3.7853947278414353,217.27046514290626,1013.7688811169795,11.65396090477816,6.948191249306218,953.7858601479776,0.9919022554098917,31.88201255600233,0,15.499734276880694,0
2025-06-18 10:39:02,HM-A104,34.10920721916339,36.36989434396443,8.293674750463477,0.06564629912976988,3.7464457360377312,247.38167685000036,1015.6936636649149,13.750607817722763,6.6503306371764745,1023.4759971044907,1.0247285849097538,14.719466340216739,0,14.339484061694156,1
2025-06-18 10:39:03,HM-A104,42.64068066284463,37.069136615716594,3.034846607690995,0.031761754259314504,5.134690809373901,279.3385534679897,1014.1569845675664,11.90910334578503,8.151444015354253,978.4948302391005,0.942327723932465,18.919897917761595,2,10.010051666573336,1
2025-06-18 10:39:04,HM-A104,38.783049550989965,37.61999862222675,4.40315642972418,0.0201115766838352,3.9846764441900757,284.8963707149476,1011.8101683013771,11.325061656339,7.897009836378681,1108.8411162688135,1.1044601103049558,30.699134779439326,0,13.311324639607221,0
2025-06-18 10:39:05,HM-D420,36.80234504085431,39.0453362942244,4.691371639340501,0.02887784624713729,4.1822403812005655,230.71604557634578,1013.5022859054905,16.089060423846032,7.080104744525754,1110.5757991014539,1.0011073127018697,21.570754998803427,2,16.000278792831033,1
2025-06-18 10:39:06,HM-C315,38.96247644711539,32.00451290895486,5.666124713750493,0.02248815578645825,3.7776065625982356,274.9786056706266,1011.0475700791745,15.422386029065336,7.238085004992331,847.6648069112435,1.048565559216354,21.566189012914215,0,11.29599035854522,0
2025-06-18 10:39:07,HM-B210,39.79068915938779,31.712058531139387,3.8130447860999537,0.009479850917002514,2.629858980076926,268.81619028383955,1011.263442887679,13.868298442335252,6.602709201144867,830.7446281859617,1.0241476431729157,25.66361081167652,2,12.364103436101134,1
2025-06-18 10:39:08,HM-D420,39.764079228810175,35.24611939024034,6.558969843163665,0.06821198832019568,7.614115744094791,242.78186749588525,1015.2376322957147,13.099368613794384,7.488357179514249,888.4219287808271,1.0060338015599184,27.014722233088882,0,15.193177419833894,1
2025-06-18 10:39:09,HM-D420,39.30425871275088,38.422138802091546,6.130454254266114,0.05709172250265121,4.983349946266512,272.3835163978235,1013.6118618201109,12.83726517685789,7.116838314561104,1006.4279262884896,1.022559306127122,20.522469134299573,2,13.022530224419276,1
2025-06-18 10:39:10,HM-D420,36.343649191794846,34.666722618887555,5.028600229670698,0.005,6.266415670567835,286.7883717767874,1015.3075702462685,15.353032615578156,6.93591196530465,981.2004875210847,1.0169815006387715,15.436804793854972,1,13.50206995924215,1
2025-06-18 10:39:11,HM-A104,35.74658645129012,38.86950897899552,6.986494151692245,0.04435893735920165,3.1612738861164367,275.5197558367474,1013.6392256246403,14.536081601113011,7.405226790035879,1030.8630453763442,0.9912154265461628,18.292409648558642,1,11.473268500989544,1
2025-06-18 10:39:12,HM-C315,34.594527050048285,38.089183913509586,4.898214918742893,0.03246530761168161,6.322457430985013,218.3894717394809,1012.181884070475,13.207579942445973,7.267834667127813,867.1498567905168,1.1196870010676645,19.756197117592713,2,10.305770226534097,1
2025-06-18 10:39:13,HM-D420,38.25611816682252,33.915083692919865,4.58653121973694,0.030081833405917413,4.024231423902547,241.6555021837234,1013.0647717210283,15.834995450915192,6.522877227107109,808.0910652538021,1.0557370893258058,17.299612304598394,0,13.222525899184602,0
2025-06-18 10:39:14,HM-B210,36.602660661678044,26.264100151095754,7.997154149988249,0.005,5.136329535690638,261.98855972151665,1013.4021973649858,15.565143667807316,7.919629055863359,902.690323326388,0.9202879352833728,18.556843929200184,0,11.757406898753983,1
2025-06-18 10:39:15,HM-C315,35.95382242370701,32.48236027323044,5.443604063434832,0.039495131598640876,5.690100283370589,225.89513099213255,1016.3204168054313,13.05875757497215,7.988179829699242,996.9269419877199,1.052545633127095,22.036475030109305,2,11.516922676277986,1
2025-06-18 10:39:16,HM-B210,35.82334659568049,43.713986169048376,3.521522925810997,0.04153861182420856,6.313132416915433,296.738552722917,1014.054534901561,14.051499680483335,6.655305791028454,962.9339572374254,1.0035407433171506,18.605211540539884,0,11.305705881384801,1
2025-06-18 10:39:17,HM-C315,40.62548157658672,36.7002982535285,3.7245960797047895,0.016462089066745934,4.444345109682698,259.40349289912336,1011.8848273130117,16.721248854216253,9.754227629597457,1049.6476634480816,1.0818319442789093,29.06287757765374,2,13.740239399476286,1
2025-06-18 10:39:18,HM-B210,39.381701032104175,31.80224934364954,5.028437210979128,0.0724549230798083,3.294784911503532,236.39296773813228,1012.7099613169358,16.49676915689385,6.444112053047606,893.0451784358538,0.9836827018363474,20.383567307359368,1,13.218085013831613,1
2025-06-18 10:39:19,HM-A104,41.575984640320414,36.2532578880395,1.4030025862064508,0.055826982615867375,4.482271288255733,234.51806444757494,1013.7091924996541,13.68763273814641,7.692635360791757,1029.644633504165,0.883220878217146,15.885329271635825,2,15.37167587523498,1
2025-06-18 10:39:20,HM-D420,38.32254074973027,38.38322034163901,4.050515802177368,0.018673274601570717,5.209257437881201,229.14492488473024,1011.3679016493186,18.323002578437197,7.650102769058534,901.4319217704424,0.9824388280585618,26.69685210268762,0,14.235392242357966,0
2025-06-18 10:39:21,HM-B210,37.142386100637246,31.804671952741835,4.849409017299678,0.06046100746940286,3.85694366539862,271.1752816307565,1012.9732933395934,14.649451574213028,7.776224057422667,1012.268852595119,0.9198960361980751,34.89049879450547,0,12.730560341396949,1
2025-06-18 10:39:22,HM-C315,36.936493873137685,41.176919470609484,4.749203719523425,0.030688920226259353,3.992268677048304,274.7441806995743,1012.6927807436493,16.576967464350496,8.567387746878195,1010.9448539848689,0.9659636782986804,20.67969563521199,2,12.656596201588185,1
2025-06-18 10:39:23,HM-D420,34.449246131846316,37.47849010581825,3.113835128385033,0.06110216641429839,2.642072045074203,230.08385600271276,1013.7286969103367,12.897369293169026,6.980858836293107,1076.064166398708,0.9714619923596187,23.026300501642613,2,14.089881122492965,1
2025-06-18 10:39:24,HM-D420,33.8464525206215,29.5004561341383,4.327226312840202,0.011142049113274849,3.3262018211647653,294.07801945111976,1012.8517842309507,14.69554035902276,7.2339411405033704,842.8739598876823,1.0188843971586872,27.214460524350695,2,12.724755755366104,1
2025-06-18 10:39:25,HM-C315,38.26835255473219,39.28183143271187,6.769705845748079,0.043401234450116365,5.033158339930914,238.39139363126668,1010.9028767800827,13.168677663639034,7.539784312739162,1060.665512788918,1.012742725845174,20.491396349358347,2,14.365335311458646,1
2025-06-18 10:39:26,HM-B210,34.663303223791864,32.95193307601152,6.459723245514331,0.0156745992433693,5.5583310418130125,226.09265428864788,1012.9317911473044,11.692980832190642,5.852961746851729,985.6783112968808,1.0320024892936506,29.49854742268925,1,12.770610564858336,1
2025-06-18 10:39:27,HM-A104,37.52864438466809,34.104347868471976,5.143424592093536,0.023252550753283023,5.822107277963181,264.31718869318405,1014.1523533315795,14.915127841721478,7.30847540367152,954.8273357574192,1.0277317741791219,15.581269742783988,0,13.504232117191945,0
2025-06-18 10:39:28,HM-A104,39.78866670773803,29.920156515159444,4.896635035413514,0.005,7.2311456201679745,214.01166774293384,1015.1678025926643,14.344017225885517,7.520638135970049,939.3332986568352,1.0970674372040505,21.5264430286789,0,14.75952229840927,1
2025-06-18 10:39:29,HM-B210,35.336365167422755,38.15723206344915,4.757559877307156,0.015310884337482237,6.28579571321627,209.04679675884933,1014.4431636708279,17.14409896276658,6.633182568831732,944.1769400693584,1.0000797438169844,18.739295185359737,2,10.163943586098036,1
2025-06-18 10:39:30,HM-D420,42.02620408647894,34.25567386652289,5.354465093892385,0.015194073782946616,4.317574816338278,221.40269434890422,1010.6063879548069,13.844952838287282,8.946547086428495,953.1539857964361,1.025710038453556,17.47496185148372,2,14.614000389567058,1
2025-06-18 10:39:31,HM-D420,34.52326219763975,38.36878477250305,5.1538532670117645,0.012692985368793736,3.377186587531372,226.44227692863066,1010.9955723022426,15.537556226441207,7.409421235508931,821.2966927449406,1.044231533491388,18.843090741370965,2,14.711305255380074,1
2025-06-18 10:39:32,HM-D420,39.47548689122461,32.24508805467215,5.48621145630654,0.043772293124272554,4.192625148764917,272.48500302733254,1011.4141357810996,14.188354996844495,6.610352040937824,969.5231563794587,0.9677067398477026,24.052202098039025,1,12.159937100783955,0
2025-06-18 10:39:33,HM-D420,38.06189045283091,31.67298356064961,5.752691262408283,0.005,3.8386086577009007,211.11301891206287,1015.2584055705187,13.053775625347821,6.742531548956713,962.1148557765379,0.9367932169803361,25.683958435602218,1,12.68337180866261,0
2025-06-18 10:39:34,HM-B210,39.985238124865376,31.26781464201125,3.183338766219199,0.04597620714285102,4.699059691881893,261.06358878872214,1013.7424814144335,16.613036313146885,6.567405418782771,897.3655242165768,1.0184207543610613,24.834944101858653,2,12.04774287405336,1
2025-06-18 10:39:35,HM-D420,34.20950597160078,36.98016089771464,4.534596962577949,0.060117820635382915,5.56913156878576,275.2461965887198,1016.9589818766672,13.77173789300607,6.594487012689023,952.6280154332727,0.9800238312615226,16.110545541881052,0,11.672463741880637,1
2025-06-18 10:39:36,HM-C315,42.767552292384025,31.59825087748632,5.296868614844297,0.022218893698890043,5.075719035753098,293.34066153287995,1014.9266332886148,14.131684664284448,7.470222116681683,1038.2653783663775,1.0390107913362936,24.204210018962648,1,14.420896335589166,1
2025-06-18 10:39:37,HM-D420,36.553062290542734,33.984436756367934,3.551247384914686,0.03830105037410773,6.391146363300522,235.24408627473503,1013.1430858958638,12.625389711875284,7.542787661664454,900.814817458969,1.0367181034486421,21.522445906602595,0,10.408246669756519,1
2025-06-18 10:39:38,HM-A104,38.6916198482482,32.407865063468336,3.9892679684609273,0.033287120314252364,4.974631123098422,237.62035237583717,1012.3167798621499,11.622854406238098,7.56064324153307,858.8683699296477,1.0494554308265704,19.67348067419711,1,12.739343491213425,0
2025-06-18 10:39:39,HM-D420,40.61121872236625,37.20041962448838,4.673154938572146,0.03176971509780479,2.969282470047853,311.093457488881,1013.5612560422246,15.906376432266432,7.741622770816651,892.184551449632,0.9607072357134953,21.126191714397585,2,10.585888579078897,1
2025-06-18 10:39:40,HM-B210,35.48834483126196,26.323487766978445,4.7467480126451775,0.005,3.816009539897387,290.59446524401994,1014.2616584616967,14.801769953662639,7.5381722445685,783.0806185944259,0.9712779496454498,28.66253121087134,2,11.741054360465837,1
2025-06-18 10:39:41,HM-A104,39.06431590736795,36.235164351116694,5.324904180336971,0.01746382052784933,4.98309022493663,241.76158065910138,1014.816413644495,16.836443322102806,8.94153500591732,1093.2567623880132,1.005349284888309,20.897933329298713,0,10.847490946855467,0
2025-06-18 10:39:42,HM-B210,35.07132588694627,43.656715945479036,3.727953855563068,0.0692285223715443,4.774403603542385,284.40007191126347,1012.5664915129177,16.017888821401094,7.924542962564569,883.4891432633068,0.9910925727291361,25.056570425502247,2,12.666276779077014,1
2025-06-18 10:39:43,HM-B210,40.492403951144595,41.18013054366849,6.452030682342102,0.04647687446823253,6.069902914828273,257.42416817358765,1016.2879810715053,12.510104264596384,6.372594248882416,1051.0206223311789,1.0228288998086141,26.129815641011206,0,13.32412061418029,1
2025-06-18 10:39:44,HM-A104,35.09954817192816,31.91673439013264,4.734386164236759,0.03517249655142341,4.508445768093367,250.48937018026325,1012.9334706790991,15.006420392368668,7.227475943026389,850.7631508107559,1.0680077270685362,25.52147728538755,2,14.299420699737329,1
2025-06-18 10:39:45,HM-B210,37.096267456239396,37.47300888082492,5.2177965524081005,0.005,4.288316628023525,324.49758855836274,1014.7748163544177,14.929058654403448,6.297306255991559,900.5065136743044,0.9950133639664859,20.170866357156893,2,12.506705448429521,1
2025-06-18 10:39:46,HM-B210,37.7653017525299,36.502827364199526,4.445251337478167,0.05186336953137795,2.611220803613623,282.2439258485021,1013.5050912261469,17.022077013621107,7.217580770985937,955.127412003777,0.9322218173660738,20.388074557533486,0,15.467001975294497,0
2025-06-18 10:39:47,HM-D420,38.96074942430654,42.34696031581069,5.353476125288769,0.021766937253786502,3.5319325083014603,306.60429195248133,1012.4685291548791,17.466100757131084,6.074351476901216,1001.5163182720753,0.9023247449304077,23.097095721437658,2,11.86490347533442,1
2025-06-18 10:39:48,HM-C315,41.921190771066364,22.44942538838616,7.506831739160946,0.015250631558007141,4.870526632134396,218.1340951131421,1010.0545983813055,11.541947651978395,7.013042514830582,944.4212008529194,0.9353986920380544,19.78347196238535,1,13.683614878067276,1
2025-06-18 10:39:49,HM-B210,35.87007752596378,40.56433684467582,4.43132173608061,0.017255527191953637,4.751584614287742,303.9284114123142,1011.1417121061639,17.1972491723072,7.113709300176606,826.8374987298203,0.9337520467731711,18.59386199045133,2,14.598887862983354,1
2025-06-18 10:39:50,HM-B210,39.84683693568402,33.66241163618064,4.1832554683704695,0.05021294816141336,5.21386380527971,245.30938931704145,1014.7651033089738,16.928340063551275,6.124431525443967,945.5609310706666,1.033361547393243,22.396841382979357,0,12.013408430612179,0
2025-06-18 10:39:51,HM-B210,41.925646121585345,31.283855302747913,3.7547666675334765,0.03858076651047692,5.040695959779154,244.92223683380846,1014.1285059440744,13.376492728526067,7.212538265471147,1050.7432886498336,0.9976026197234752,18.777827753768857,2,13.399329685474378,1
2025-06-18 10:39:52,HM-D420,37.41433340216229,31.140989856026874,4.910567225475306,0.05729194433445938,4.3639561256166655,261.69493979737865,1013.8889786381086,14.908892148469464,6.9013606765858775,976.0596374456627,1.0037372959043425,20.273244242508053,1,8.774892076986355,0
2025-06-18 10:39:53,HM-C315,35.62466812469927,28.500468418943598,4.893194479595427,0.0625144247625909,3.297966118876307,265.37108271837553,1015.3312298649553,10.793613234705653,6.324891102334329,1127.2567994929382,1.0360821256142396,20.90314999571079,2,14.22683841746959,1
2025-06-18 10:39:54,HM-A104,32.67491565141177,31.92940796263032,5.077164521897273,0.02521064446886816,4.500686647486007,281.6531508082396,1011.5311778097885,14.899444701248996,7.938149397355479,963.7131305346729,1.0681462616279895,19.779802180457306,2,11.290116758656378,1
2025-06-18 10:39:55,HM-D420,41.70818941852765,29.60132973034302,5.702383819604473,0.03914609542773335,4.446905603281815,276.50467440291965,1012.291958817259,12.900369897736196,6.921979726563144,1031.0584575142898,0.9902610205635481,20.97603448064431,1,14.854697527708797,1
2025-06-18 10:39:56,HM-D420,36.38888917518909,35.901085852536596,5.513252160571109,0.03393967481656314,6.146186045337136,230.40317198254746,1012.3934505718049,16.04184143864817,8.100608338430629,992.0174959660189,1.0371368307040387,20.276251737074062,2,12.464145778131885,1
2025-06-18 10:39:57,HM-C315,34.49660375192362,37.9496881616419,4.9662177777009395,0.012764042725072686,6.093824057642111,220.10558505102435,1010.9918753883461,15.826587355801628,7.364179327175203,899.3361156353353,1.017609486217041,30.17289503853616,2,13.97188065357529,1
2025-06-18 10:39:58,HM-C315,33.60417478947559,33.71713295180819,7.9307023520583675,0.015641617229360066,3.925464767776989,244.26159232890666,1011.8012557579875,14.81187056954364,6.887362934452536,945.0671499381721,0.9221324951736776,29.074523051918913,0,11.62462064437994,1
2025-06-18 10:39:59,HM-D420,34.491964524024894,42.498616031280825,6.036020426138108,0.03671656200906104,3.75369376514443,249.59740038217046,1011.3912503448394,15.393209118403956,6.426207346610943,1039.0180742873195,0.9257839006517771,20.297868511560516,0,17.271005193509204,1
2025-06-18 10:40:00,HM-A104,39.29926323306791,32.25789357271531,3.366110085739008,0.03885868697978663,2.8755789145945014,252.67168042695369,1010.6452095491276,13.420262688937845,6.261127252150509,922.2443941814173,0.9830092268504892,20.17110529754321,0,12.800182939238496,0
2025-06-18 10:40:01,HM-D420,39.64467131918685,33.45568788801704,2.6821970213566093,0.038902336456073355,4.302134476593597,291.007170789099,1011.654611911933,12.743114217773996,7.349759797596018,981.9609069903012,1.0098455566383975,21.103321626844643,0,16.039224073901885,0
2025-06-18 10:40:02,HM-C315,38.63030467863884,32.63529678535788,3.956526311698375,0.03893369640528136,3.9309513702909213,255.5330004892182,1012.901266622139,19.228678502648663,7.491599444550814,900.2945751890917,1.0240290997139736,22.95565499622713,1,12.521729163813509,0
2025-06-18 10:40:03,HM-A104,37.33084456838341,37.99309436957198,5.2289875700751915,0.02368011414624882,7.628791916001072,329.1134004604026,1015.68065136108,17.04904509279125,6.528021815980763,1024.331075576186,0.9901161707815189,21.591532795735628,0,12.014704109544585,1
2025-06-18 10:40:04,HM-C315,33.88619852624666,38.49786751425944,3.8307505160483233,0.08242876144091037,3.161544767512677,293.3745007311769,1011.471128550842,15.261605454146233,6.233283409651886,956.6158693505926,0.915189369509532,22.063350707296877,0,13.536376013460737,1
2025-06-18 10:40:05,HM-A104,35.17514763524488,37.476834419855486,4.0585591327901716,0.044636066102384436,4.570297186152389,240.95760450298715,1014.6101941372162,14.57187457053524,7.759408307301982,1019.1749540419678,0.9816083689692918,25.16246673649067,2,14.350639941399269,1
2025-06-18 10:40:06,HM-B210,34.23345147329681,34.379456730312654,5.039100557864726,0.028489456629269348,3.728567149288702,196.73493862748097,1013.331773365229,19.805687313289205,7.794967751942841,1049.6269938130495,0.9081213480627776,18.52919586226764,1,13.898512915933331,0
2025-06-18 10:40:07,HM-C315,38.43205251381566,28.296885704610553,4.487041011670584,0.048046328728231544,4.52954046755083,321.6423512352979,1013.6554556406829,18.347181894399313,6.538539512792636,1003.7268238137984,0.9897661606842525,19.623068071426573,1,13.358862730888074,0
2025-06-18 10:40:08,HM-C315,34.34171880284574,33.40279709594746,1.928448886297315,0.022975511164451384,4.099924589866382,241.52654495319416,1013.2171797342971,14.430491064768617,7.052264247826927,935.5484426954415,1.028024802592044,16.236214748960204,0,12.590636091988063,0
2025-06-18 10:40:09,HM-D420,35.21438472236602,42.39069856950265,6.615764792738581,0.04053472194038778,5.47379642577395,277.86451056379383,1010.2197421548476,13.058760861970331,7.613482058335154,937.0128193244914,1.02144281080216,20.39619504265429,2,13.80808952329686,1
2025-06-18 10:40:10,HM-C315,36.54128189250373,40.066189437174934,6.267435336360247,0.04801391555956426,5.02838174571354,229.98362219869466,1011.4225057765454,15.104883015468229,6.31832343894917,781.5485979475972,0.9748875952604984,22.14731845883394,1,13.144058846854007,1
2025-06-18 10:40:11,HM-C315,32.82549961725913,36.4702519834336,3.072318712530451,0.051018732995974675,5.433678112580801,297.95929428526125,1013.8603693269029,14.24392373259424,6.498610572661036,984.266865524042,1.020225584214854,22.17907222024751,1,12.306378873954811,0
2025-06-18 10:40:12,HM-B210,37.116928577102115,33.077739714407784,5.085336649486808,0.014853683503500057,3.5975957917718784,275.4331523069666,1013.0692848416518,13.105746928741578,7.8545018243671585,1033.955073932416,0.9440096274267182,27.012102706921475,0,12.281655009953058,0
2025-06-18 10:40:13,HM-C315,36.732117797411156,34.931907613327375,3.325172704569966,0.100581859829491,5.7951638405103205,217.38685037592396,1010.5314446308546,17.743969801814227,6.487149029184446,850.9510525162649,0.9679080756954606,18.503125971752233,0,14.682779433408685,1
2025-06-18 10:40:14,HM-B210,39.96052286490423,33.099978804821426,4.086805130217538,0.06363603810197066,3.9219596387788522,191.3532596620343,1012.6737929801019,16.04872560749364,7.255136553177965,937.4713306563078,0.9171620723468809,15.471941419133506,0,10.544002659222755,1
2025-06-18 10:40:15,HM-B210,34.95033613741562,40.965258440417735,5.729229426283029,0.0806500995804231,2.812503474502184,255.66099286990323,1013.8885439269382,14.185435699888544,7.27862033996175,935.8484162599834,0.973432599747176,22.361058192984974,2,13.835363760062256,1
2025-06-18 10:40:16,HM-B210,33.75201120421916,30.805165008032922,6.215070676100079,0.03487767998801405,4.281731531558101,264.9138297206862,1011.1192598943961,14.157822874054494,6.242128117759534,987.1072045081759,0.9612341141861752,21.26427969780155,0,13.674048576442782,1
2025-06-18 10:40:17,HM-B210,36.06485087602179,39.618346411484886,6.179964408719247,0.044935841944769475,4.636038633056582,272.88165980143737,1012.4050438218063,15.025686510402343,7.985767103293309,961.7335465478069,0.9795569775129954,25.41824013863021,1,15.868247164375159,1
2025-06-18 10:40:18,HM-A104,34.25477176640996,32.35398714170616,5.36725880614993,0.040729187940371725,3.000310418560128,226.66656365624254,1015.2775471913579,14.027951960276393,5.9531498421505304,877.0455629545627,0.9864131440633942,22.326179501658707,1,7.745159243042107,0
2025-06-18 10:40:19,HM-D420,37.09788647953281,41.60463415180996,6.912808604648667,0.029058814448254724,5.548314783717002,230.6869340188934,1013.8839747723439,13.855041967683945,7.422620184592138,1078.8969321773834,1.012468281236715,27.11993004855997,0,10.198597720534742,1
2025-06-18 10:40:20,HM-A104,32.35016284543349,37.13387961904003,4.084157450855927,0.05515217838052823,3.526607855828894,193.30396713873546,1015.3799912935035,19.107555078372854,6.83250059297816,816.5330624698523,0.901821387536303,21.441656458085017,1,11.17754303176872,0
2025-06-18 10:40:21,HM-C315,35.486636491556794,31.253063000275656,4.417056254466053,0.022326973587973614,3.4752506035560238,233.43639845244365,1012.4354795621182,13.176108822289798,7.282629260806017,901.5131775322542,0.9570037725441494,19.936017690548944,2,11.556676577479696,1
2025-06-18 10:40:22,HM-A104,34.67907082544445,33.45343793248996,1.108058175131987,0.05396501873811053,4.499950984431652,201.06483609353634,1014.6225276150102,10.57697298148448,7.012251027921788,843.4595160040418,1.0489206592743583,24.837274743355366,0,13.928812265601142,0
2025-06-18 10:40:23,HM-A104,38.41939269271517,38.55820303361663,4.860415223252467,0.030038173907548066,5.5287645487873345,228.62254512116058,1011.4526405878343,16.308641985402748,6.294603361946998,978.4589560408059,1.0497814027951111,23.928914459680854,1,10.51247165308149,0
2025-06-18 10:40:24,HM-C315,34.97358822593659,32.5042858821297,5.869540196054854,0.04798055550120156,3.041012037123985,259.8445117211338,1014.2454869958179,17.232849350588637,6.960530352565812,987.1520922506596,1.0027857236665676,19.145102238165904,1,12.072956859965691,0
2025-06-18 10:40:25,HM-C315,32.659760603503756,35.11068242690603,5.427889418013352,0.06923264215262474,5.628753925070944,259.41238515979467,1011.9275637526268,15.308297785571424,7.582106114064731,940.6595699060949,1.0038628604891726,24.177719537243856,0,11.471965823849846,1
2025-06-18 10:40:26,HM-C315,36.49544975766363,32.43527915425528,4.063969470134975,0.03733972873005243,1.9087601647196526,229.7793753153065,1013.685738880664,11.777748468721413,7.005854505896235,852.9955657279264,0.9436375581195768,23.764458665199978,1,12.069574332882203,0
2025-06-18 10:40:27,HM-A104,37.79971535068627,43.79558574124273,6.266788409471803,0.05560447569014456,4.896801557806879,258.16250751217876,1013.7615578131661,14.72818597336772,6.8188199811952765,875.3887661456133,0.981329661447476,21.792966326108694,1,14.599816061168248,1
2025-06-18 10:40:28,HM-A104,36.32198701684818,44.65535946475665,4.889253871430711,0.029821918320152553,3.144366997417063,294.3409826534478,1014.0323500127741,13.982578151109985,5.6132245974157255,1021.3761252270716,1.0411056471390008,26.478094354516635,0,13.363383873556426,0
2025-06-18 10:40:29,HM-C315,35.47169305195223,42.31561976695862,6.149640068013052,0.016373320385358613,3.5417392571340454,241.6544085794996,1011.4878625021038,17.674256922874378,6.488955555075072,943.618994785032,0.9377748124826918,27.83411704426774,2,11.58326542851932,1
2025-06-18 10:40:30,HM-D420,35.321094748539345,34.378130174330835,5.729224527659394,0.07323458260612034,6.5854650195487725,211.62950474165194,1013.4746446819805,13.309781460236492,6.606942338307975,913.6212962186955,1.0072341423661613,19.68040510135431,1,10.428778071023892,1
2025-06-18 10:40:31,HM-D420,37.282370081105086,32.98623676646516,7.136763438354542,0.05495418302094159,3.3142048426687594,273.5681872198382,1013.0376370323379,15.460940684721962,7.870570023221417,894.2750071084283,1.0278452830771199,23.953638988083412,2,13.307281731636104,1
2025-06-18 10:40:32,HM-B210,34.77637812690113,31.104182102429352,5.509045043849306,0.03731158848430203,4.432507677897346,282.7606064630653,1014.8816306175087,16.19599350542032,6.889629863963025,940.4081452697326,1.002368223060721,22.291339828813356,2,11.521165166717815,1
2025-06-18 10:40:33,HM-C315,36.178792571473664,42.67860645401553,5.914914009401422,0.05392817315797485,3.219946671034929,229.106479981659,1012.0397788284092,13.284813546144129,7.60570050180946,995.5493877799206,0.9925590738975266,20.204954973178413,2,12.098767603293895,1
2025-06-18 10:40:34,HM-B210,38.876116427218435,39.653618553505844,4.884924366942345,0.01967210044705378,5.423026579211502,229.32873626998526,1011.0407108041596,13.8100678893679,6.578320850210252,930.4197235159437,0.9920448577397176,21.512430496644402,2,12.13261998745886,1
2025-06-18 10:40:35,HM-D420,33.74669230273589,39.8938044075367,4.245664774881508,0.0488447908702215,4.990731320281144,190.50203229679775,1010.5320117530085,15.866567190615124,5.548476659427342,984.6264641089128,1.0250289185263084,14.935522140685087,2,14.167185606125555,1
2025-06-18 10:40:36,HM-B210,36.89083245064932,33.75036031559554,5.736098311340546,0.04434009996450761,5.159762235324802,236.17471963150348,1012.5714796638334,8.592121395695074,7.986673658749968,824.9803138204466,1.009729731289807,26.305524126361163,1,11.978314479211729,0
2025-06-18 10:40:37,HM-C315,32.52752646800749,26.210512578710457,7.254096046309563,0.0530108829688082,5.857043230257318,222.31827075626117,1012.3596891787375,17.723919820699066,6.583407259249202,1040.7492939291844,1.0247238575607232,25.15242376385692,1,11.88504251058655,1
2025-06-18 10:40:38,HM-C315,37.569824175024884,27.360211952296183,4.076179028115528,0.07283461739077446,4.094628273421537,204.31278467796795,1012.5490652227875,12.977231020559401,7.946427143512591,946.9632050817295,0.98165796899783,14.3129830257527,2,11.13182047357853,1
2025-06-18 10:40:39,HM-C315,34.552976973002345,35.28817031451255,4.627795506818619,0.0689649203073982,5.789409083763644,239.05666422689416,1012.5560564772371,15.08848126216161,7.025550593162919,871.545324805058,0.9839607081859193,21.256672501443106,0,11.362942973385557,1
2025-06-18 10:40:40,HM-A104,39.548979532576986,32.386628718168325,5.039975652826512,0.012223215472291701,6.28788729834007,249.85198225897344,1015.0916235051882,12.294707370293274,8.304007874870544,985.2686614216673,1.0274456394855351,23.345345516429262,2,13.87521517013174,1
2025-06-18 10:40:41,HM-B210,33.30763172588663,31.81149352803684,6.027344464912571,0.005,4.841334405997457,244.3653126507916,1012.7794774150649,17.636736909332313,9.746629593726588,964.4673633564578,0.9554062818978875,25.419596797291188,0,12.51122227943402,1
2025-06-18 10:40:42,HM-D420,38.10519759200252,36.72574186864312,5.518186974332243,0.044914198748944686,3.1724596507157115,240.28343308555034,1014.6969289500396,15.001033879562366,7.554691887220924,860.1235506209987,0.9435655830060412,20.94762305707256,1,12.207460277638681,0
2025-06-18 10:40:43,HM-D420,40.052827696316236,40.06829914929746,6.369594734650099,0.043386760921124055,3.0540506834191534,295.73062534197436,1013.5764211839924,15.427796614031225,6.107886651592109,940.2760023135387,1.113641192365996,21.012257732209285,0,10.513740801373963,1
2025-06-18 10:40:44,HM-D420,34.42327649644883,31.493864657016253,7.9608642134617185,0.01727681434656859,5.030728356840239,259.2225958247411,1011.6308193905121,16.118761352740414,7.6398337776829734,908.5780104447347,1.0211355917739484,23.470831080971106,1,10.948851109235747,1
2025-06-18 10:40:45,HM-A104,34.84528767751265,28.47195157171911,4.041648035020706,0.020784599686526208,3.1716902004392393,269.5218498026427,1013.0126982520298,17.179737553843157,7.500480143346605,848.5810442038587,0.9877179406734946,19.276849102682377,0,13.304156719819272,0
2025-06-18 10:40:46,HM-A104,34.639510889058506,31.612644122611368,5.914593467218085,0.024592932485368025,2.887923852451576,304.3191186764308,1015.3182898133887,12.76258334622618,6.212511309899695,916.2716232332142,0.9652683850896939,28.65414021815351,2,12.175084216443798,1
2025-06-18 10:40:47,HM-C315,35.78534327898924,29.780180187240337,5.4809596672807555,0.06670057330547322,5.560490414134038,279.6070199665035,1014.5227529289973,14.46101203340708,6.672221205689535,866.3750285221934,0.9540552848116359,22.413305972078575,1,12.173792030698655,1
2025-06-18 10:40:48,HM-D420,38.293554497973666,37.96416307962994,5.028560326141925,0.030550072781308633,3.949442820363809,241.7920839193305,1014.8037634955843,17.52506827699701,6.847626734667682,852.145391169609,0.997592169155313,22.775910744530567,0,13.035031978848021,0
2025-06-18 10:40:49,HM-A104,35.58123766528219,34.97945622895039,5.909127835515175,0.009922401852893711,7.403280187772237,194.40985533203528,1013.7572389695185,14.121768598020699,7.48297083207649,989.7674092412238,0.9952300733753783,27.391000519142445,2,13.467378473171323,1
2025-06-18 10:40:50,HM-C315,34.19760443698411,44.4024461411778,4.599795469402381,0.038711367065563024,3.7110411679438986,238.8603666582696,1012.2841042165953,17.733824183140626,6.467438476354152,974.4567968366015,1.0219385035518542,21.904094495416892,0,13.541006533127728,0
2025-06-18 10:40:51,HM-D420,31.953115733541775,38.67342559819131,5.4845685974704805,0.039945431065501226,3.9031696152939976,293.66407569807586,1015.460076560222,15.412159994733953,6.3690585726217215,929.4562029067816,0.9350392012909953,27.430929697568992,0,12.076856478970829,0
2025-06-18 10:40:52,HM-B210,41.00486876628099,44.06928068499083,3.0420613554290767,0.019357717423924774,4.931054040179362,279.39540559387035,1013.8392310782442,14.152054793485755,6.261818629116818,770.6687432665497,0.9370769692970257,15.582116384032417,0,12.322642150547667,1
2025-06-18 10:40:53,HM-C315,41.20123907603662,27.98062320046192,4.191777082841266,0.051807775859155476,4.745478066511843,238.97872804993813,1014.3963529549437,16.38674298441716,5.702104816465303,944.2803706604392,1.0130011657068358,26.6158470298486,1,13.290748926171561,1
2025-06-18 10:40:54,HM-A104,38.40059259872114,20.0,6.571281221164645,0.0627447808179201,4.398977674774075,247.62854485803638,1013.1628050109339,14.692609792300845,7.702616879585333,1010.8395680348115,1.0193247927293276,26.13346430120982,1,9.14603117452659,1
2025-06-18 10:40:55,HM-A104,34.97404076393754,36.214960142177006,6.513624473906631,0.032892498151400204,4.370444361020623,253.83455611385781,1011.4499202882544,16.700364620142558,7.266165719932168,1046.8760482923508,1.0451833593556976,13.786910129674304,2,12.746913424577425,1
2025-06-18 10:40:56,HM-C315,38.86925528782912,35.616101204960536,5.3891499450772775,0.009921794387772121,8.391398486121906,231.52088640743216,1013.5924206122913,14.04198944358333,7.831521908309018,1031.4062993833454,1.0830814127851043,20.70628097113104,0,13.568003861815217,1
2025-06-18 10:40:57,HM-C315,39.37176729373267,34.386072927260315,4.320425368415381,0.03452509675107691,6.492925028896805,233.31631607741016,1015.5409221235371,16.713442268928688,6.628414728758923,854.8226563271452,0.9865329974343182,23.62456905766542,0,11.46085300417576,1
2025-06-18 10:40:58,HM-A104,36.364379671468164,35.47898362814823,6.237898744527414,0.046033465224796746,5.5122285229767884,230.53336612737556,1014.2123804879732,15.875030543526503,6.6034546479594685,887.779070442016,1.0335445947952464,25.242664936160473,1,10.586452882212518,1
2025-06-18 10:40:59,HM-B210,37.10342135999723,29.379869076346957,6.854731072244957,0.005,3.029495762141263,264.77012856686605,1013.8307529924548,14.32279399160522,7.474058783523555,936.6715104682544,0.9479690548874797,27.242764856503513,1,14.642883903229922,1
2025-06-18 10:41:00,HM-D420,40.07942057372373,37.81589348942225,4.3814496951634805,0.04963033908555975,4.411307133762611,218.32374094127846,1011.7101680708956,11.353891764803585,7.911535797387049,943.8646921392318,0.8707214942339014,16.013868877362363,0,11.314402646480907,1
2025-06-18 10:41:01,HM-B210,32.898846607358976,38.68096620051169,2.8174704700222764,0.03250004703005163,5.292653146864327,293.25619497865887,1015.284565597987,15.956996169517195,7.9878359958584255,952.4298739624139,0.9510394069245283,22.31967241347277,0,12.437157528327328,0
2025-06-18 10:41:02,HM-C315,39.49605705780544,29.00125641498446,5.673702388181029,0.040874349029661666,5.397862938216305,249.81336569821386,1015.0208604036317,17.15015828780661,6.307433634643065,1039.5673519454429,0.9760422687136564,18.24043206502133,0,12.966534675374692,0
2025-06-18 10:41:03,HM-B210,36.22711547160872,33.231817895753544,6.370652416111165,0.0342075394558474,6.033128859255257,216.8261430585576,1010.3266146427212,15.384427865622083,7.957044043518158,965.6366883928667,1.1075299800915435,19.163424105735196,1,11.135413897625812,1
2025-06-18 10:41:04,HM-A104,34.218554244972374,33.54068075430119,5.881225289507115,0.024931204181062608,3.730616601170408,280.7801874581655,1014.3933732107829,10.510869836856017,8.403221251851754,1047.0981620612913,0.9168492564846558,25.204351240588057,0,10.13720928120302,0
2025-06-18 10:41:05,HM-C315,34.42423381676415,31.645945489198603,7.347618795844911,0.03778016728069487,4.453756886327259,295.0087469634434,1012.6258162797769,17.279343124672106,7.5374778901102655,888.0793427704363,1.037053489639097,18.81545690253688,0,12.921828478543919,1
2025-06-18 10:41:06,HM-D420,34.83819466370228,29.19443804933389,7.353950998292215,0.029821594765017605,3.593982137266254,344.23327860990275,1013.4375151991085,15.79605782784442,8.126159337758748,918.845481151382,0.9704235149827751,22.011449849473202,1,10.412585864278615,1
2025-06-18 10:41:07,HM-A104,33.97482319974699,35.062524955127124,4.541904055029749,0.03284838050103611,6.101696230001332,291.1232117177314,1011.7736092582302,16.235529852699546,7.618763289654341,916.0455894628842,1.0248831642346168,20.22499565719501,1,13.5118030762602,1
2025-06-18 10:41:08,HM-A104,41.42847243597254,36.304027603321494,5.298491578365679,0.02239163976049228,5.338592502403449,223.74454780464367,1013.1811515663118,14.840859863800729,6.302860012717835,945.4934217376785,1.0021152942654397,26.011761349359695,1,12.275750407141857,1
2025-06-18 10:41:09,HM-D420,38.228007346252504,31.949089456178523,4.255197736980434,0.050735499717678156,3.8911890555614783,256.3019822448075,1011.3495773429792,11.13609721294841,7.947314115938576,841.4818441459613,0.9542635192110636,14.662924786175761,1,15.721207225290268,0
2025-06-18 10:41:10,HM-D420,39.66120688402142,29.546057011217712,3.466904455089014,0.06473597082705616,4.7698534756790805,325.8616697477106,1011.7951401826695,16.16102042570994,7.5104797256633296,1103.7105681353082,1.0512234319056126,26.965747495519306,0,12.714326167199381,1
2025-06-18 10:41:11,HM-B210,38.405920729041696,37.052786225206866,3.5548410427970145,0.02253444955351547,4.56037128269399,226.6552385151281,1013.7765429157967,14.561019300839606,6.383817729135689,957.7153139941241,1.0224368911097832,27.9546476710323,1,11.428249582544298,0
2025-06-18 10:41:12,HM-C315,37.15306902117543,31.163397623821723,6.075532029894565,0.03766369905095648,3.444081589979626,211.90048660296432,1011.8647678858459,13.538034992833682,6.745615091578491,858.5230924115727,0.999269683989969,24.379937136636727,1,13.684619322774473,1
2025-06-18 10:41:13,HM-D420,37.18688830841408,33.45397243200397,5.454331281029664,0.01809612135832723,5.616199474657919,238.30084875034487,1013.6433672725669,18.486101869847428,7.529991227796976,863.0152368377123,1.0146874531989956,22.907898051610296,0,14.113005553859,0
2025-06-18 10:41:14,HM-D420,36.006218402725345,32.8196168592089,6.334941260751259,0.04776067376687583,4.59237051234355,219.5586578621723,1013.1645797752169,16.17728199639027,9.11784976882978,956.4240211906807,0.9787743200377722,13.836787893465576,2,10.482666745665634,1
2025-06-18 10:41:15,HM-C315,36.21054405889957,41.2285433208483,8.79743211494969,0.044484860741473974,3.8648158547908835,231.77303767683776,1016.5729522038404,15.437973623660401,8.639788389120488,997.3831081506405,0.9033568091970638,24.57089015851542,0,13.147989477197283,1
2025-06-18 10:41:16,HM-D420,33.47974156546777,31.392847679731908,5.749801404862096,0.02842074756914926,3.4234687175533907,230.1642323298244,1012.0298026892515,13.274468522654796,5.600218784661674,1025.1944987128973,1.0056052867384113,26.035583692087354,0,13.016986731793034,0
2025-06-18 10:41:17,HM-D420,39.70456537760066,43.627632895044925,3.8181191313494036,0.038345020323769345,5.525515633168071,271.48138414338047,1012.4956712660037,13.02402255852165,7.200659004881691,953.7850523625411,1.111331990111567,22.405712811060422,0,13.951657497277552,0
2025-06-18 10:41:18,HM-B210,32.466916784992385,38.761509690707534,6.552690231012438,0.05730551208721808,4.821769639316662,211.1020546777192,1011.925269625173,16.003784900195857,8.390919756229952,998.7974626193914,1.0422642836222533,19.38650034733547,0,10.962155315237096,1
2025-06-18 10:41:19,HM-A104,34.353473523677,44.10449337894676,3.7902315614883366,0.007852568593337328,3.6664157230743806,253.92602574985852,1015.1445906670916,11.009862181162605,6.877088078853589,977.2210273481168,1.0146577361555695,27.852517005090625,0,13.581393289267151,0
2025-06-18 10:41:20,HM-A104,42.03008532740153,38.32319414789837,7.622505327177114,0.014163535095299221,3.902597604986342,227.05164773993215,1013.1597093256778,16.101634703427756,6.795809262480137,941.5958490577503,1.0192717686510413,18.533390307677216,0,13.119150663905788,1
2025-06-18 10:41:21,HM-A104,37.34043220766207,33.894777761489145,2.042826261991984,0.051636692015529076,4.506624073892274,266.4995712729638,1012.7579271566536,16.224918492299643,6.769060671736328,922.7520842396478,0.9999407493071842,26.519682318320882,0,12.137656329630735,0
2025-06-18 10:41:22,HM-A104,37.444276112575494,30.41316835423903,4.180176574496355,0.04108955691547825,4.576572465463762,269.76591386765733,1014.1554488930518,17.75010636605534,7.875873153643339,952.163906216514,0.887977385027068,24.11181734612456,2,16.50900866563984,1
2025-06-18 10:41:23,HM-D420,38.59334636941932,33.222943046128634,5.933207409666471,0.0385966660109759,4.730465304333648,276.77837382532886,1011.6947605763609,16.963769969088162,7.507592961830334,940.7254773715408,0.9474215967084552,21.306132447549963,0,10.71848306946733,0
2025-06-18 10:41:24,HM-C315,33.14915626719651,42.436405126116135,6.766281490736815,0.05885971773252895,2.3769718534401405,276.77295490493043,1010.9867522176771,17.280082573499858,7.626418837489558,949.509251293402,0.9968235189592882,31.75618408114102,0,12.136309365370078,1
2025-06-18 10:41:25,HM-C315,33.51551658382494,34.76030603827557,3.9845253105647265,0.05408867947493432,4.644494982309264,231.36685166022485,1013.4277235498574,13.80507042646634,7.042726460462865,985.9511686066867,1.0461681939903613,23.93038297869331,0,11.157248485822905,0
2025-06-18 10:41:26,HM-B210,35.88776413362788,38.30459693577554,3.712613048220015,0.07430208108687664,3.0370191108694318,249.8693300751074,1013.2431891397242,12.068719143367804,8.599347879515886,1079.5907037645322,1.0915369094741827,24.33338215444904,0,13.007553664367911,1
2025-06-18 10:41:27,HM-B210,34.741597606130775,36.03485672532996,5.2225507874545665,0.05789873200709614,6.202805035501393,294.08949765937547,1011.8952856353958,15.351227416397618,6.949288030569944,869.6421222064928,0.9461896639623731,24.043928118457014,0,15.059614242351687,1
2025-06-18 10:41:28,HM-D420,36.8126100874765,36.248305892546206,7.863490775348579,0.050514510258781196,5.7515115917243165,263.2570296564105,1013.5334159044941,15.887047191730373,7.903923145360848,957.5867283012191,1.0328235674723776,23.210428553112955,2,14.648719477695465,1
2025-06-18 10:41:29,HM-C315,38.21387323825534,36.440798419824574,2.6924335500022805,0.03892078609063238,5.888076498307093,276.6220093208765,1015.7747932960801,17.022700523506284,5.539263007003232,978.1435459483768,0.8884911949654642,21.61349187541464,1,8.558148836745707,0
2025-06-18 10:41:30,HM-C315,40.47290761967649,37.476707434162265,4.5288198542413,0.03711673373727783,1.5493276933995395,213.4892075900038,1013.6714654602957,17.973463040666996,7.169563958696578,920.2937437769659,0.9834292366416187,25.028786949967436,1,14.868828717235267,1
2025-06-18 10:41:31,HM-A104,39.02772084947398,30.92946254454595,5.390277529588679,0.03993519803144688,4.140981802255415,278.6082075261257,1010.0266926718843,12.671376661528296,6.824048649147594,1036.397279399601,0.9985951001902522,22.395507418965284,0,11.750204661957042,0
2025-06-18 10:41:32,HM-D420,34.514308220777615,33.62547864546902,3.8060759551382004,0.044459597106285866,4.406391045776757,193.41724756410784,1015.1256608092281,16.71378529929787,7.282603091088985,911.1158723620707,1.0842643564107532,14.711770865082975,2,11.451167660253093,1
2025-06-18 10:41:33,HM-D420,36.062589805130514,36.5465666650817,3.8009206734351064,0.01586538037189863,5.189995774771644,204.12981781910457,1015.9840361309189,10.512152985854797,5.900943018675897,1003.9651182399834,0.9591922180118255,18.700793345448616,2,12.724066140983957,1
2025-06-18 10:41:34,HM-A104,35.38263707187596,35.817436112500985,4.6499125780873225,0.04527188161044463,5.581049473404917,223.01758224525756,1013.793699987889,15.550469022808233,8.508141289645494,1050.762296074688,0.9825954735809146,26.605840014851793,2,12.071488340924187,1
2025-06-18 10:41:35,HM-D420,34.45859780246913,32.69397698193883,5.439064739074212,0.035133470132525484,6.041550768482875,262.7679042908537,1013.2569797302367,16.399796341738952,7.333487223889232,981.8139416532841,1.0496177921090932,25.53642709089964,1,11.99387904833394,1
2025-06-18 10:41:36,HM-D420,33.88956221830542,37.083004573805525,4.707407530255007,0.047141016304593844,1.7201938022569063,267.90227356833196,1010.6787905743912,11.946825351714486,8.999495550049227,935.9052732552357,0.963327515826837,17.847657568004742,1,11.398589401259684,0
2025-06-18 10:41:37,HM-B210,41.160780969311354,31.144293217213903,7.198348478548947,0.028446493877693088,3.538439422144772,225.5779993799672,1011.7016720952881,16.247880243015704,7.82742059218845,988.460479203382,0.9735397178110798,19.827417978201755,2,12.981425583357359,1
2025-06-18 10:41:38,HM-C315,37.026605608081624,28.88496915531865,5.888905667602626,0.02681149881258369,4.569358605825388,192.25889345857365,1012.5395943056457,12.870197980671906,7.411928636024995,918.2299024473646,0.9279271990006884,19.542453333423634,1,14.326728568682825,0
2025-06-18 10:41:39,HM-D420,36.43942448348813,36.47492883944572,5.574746034822608,0.044614286450523136,5.495398858144014,278.6048030656004,1011.8983383602445,14.21217954633995,7.21281249745254,893.3019032255331,1.0311648671190266,27.824541166212775,1,12.718776226424172,0
2025-06-18 10:41:40,HM-B210,38.21064391648575,29.007541312396214,6.541480428962557,0.04954540876600849,5.462174059831268,267.62781281615344,1012.2358890337387,16.719356360210085,7.731662305068435,979.292175112763,0.9283507307845276,15.836321989926267,0,12.35113553012783,1
2025-06-18 10:41:41,HM-C315,38.33436525935393,36.40062001209817,5.601204337122384,0.02792131816010273,5.06988299100516,262.8339972775969,1013.1852576607163,14.364639947299768,7.806477753055731,1009.989558928702,1.0526181230909413,19.545673244399538,0,13.428257141650501,0
2025-06-18 10:41:42,HM-A104,39.79706413426605,25.226595022006233,4.335220059047798,0.06638414367437911,3.735526989841599,307.7997532903641,1011.9731865032031,14.333851326932267,7.603633800864833,957.6908673803875,0.9375902889244659,22.31755771036318,0,14.401518899361951,1
2025-06-18 10:41:43,HM-B210,35.140845966583086,31.375060804216005,4.605271320358426,0.06624698838699919,3.8882391720569314,254.5005611907971,1015.2791871197588,15.638822164574275,9.010537672615298,994.7038688947614,0.9621333126623619,16.224289054474628,2,12.69173934932288,1
2025-06-18 10:41:44,HM-B210,38.00680554218205,33.36211543475442,3.3058456795828697,0.00835347553486896,3.7446614356134367,220.2428763001918,1013.111658455065,16.59629791029713,8.125935894589063,1134.5051508188121,0.941379441881178,22.32868403654005,0,12.259979639290593,0
2025-06-18 10:41:45,HM-C315,34.722065059122926,26.966824126911696,8.007317279811614,0.024459461002636747,3.3227357636823642,289.8630012363398,1013.7568065646487,14.997879690764808,6.693798687769798,1047.601773679025,0.9858542098699998,17.823651070619903,2,13.449593730747528,1
2025-06-18 10:41:46,HM-A104,36.52460514065318,33.136638635634135,6.396085954601095,0.042324150489395994,3.3059302308455183,237.7758288042308,1013.7639506287522,18.163108519081685,6.565019528567726,904.8212275697945,1.0538301551916573,18.648536123194553,0,11.469853301505827,1
2025-06-18 10:41:47,HM-B210,37.14185641790514,40.92509818976205,1.1606273702742569,0.04741542694016985,3.191168106358319,246.8446174962273,1013.5739706015465,14.3287575680278,7.55431783600766,964.8199025710976,0.9650740819882259,19.921914149918543,2,9.420595665677423,1
2025-06-18 10:41:48,HM-D420,37.386209989297654,28.64845636558222,6.999692648964487,0.08264679945188963,4.903140164447345,233.90658883108853,1013.071179674121,17.465301870882136,7.349298194470347,974.1653833949226,0.9509739838775486,21.275789891068793,1,13.417285217593525,1
2025-06-18 10:41:49,HM-D420,37.27580276461798,33.273133772393244,2.8011010393390787,0.04281788560117014,4.64919658090554,225.02880788519195,1014.4992053023972,16.059373939138457,7.422736057736508,882.7647083654815,0.9991171848131228,19.74314608177816,2,11.87210535820567,1
2025-06-18 10:41:50,HM-D420,39.0045774563623,43.513223346861,5.781003466964419,0.03767184811370907,3.3878559200444682,237.35317784046595,1014.8137633962046,16.344044651805035,5.902226127637896,999.2495351609497,0.9966835638038745,22.38175644177107,1,11.706773616858602,0
2025-06-18 10:41:51,HM-A104,35.50752902256057,29.69069568494616,1.693961369732988,0.017239293828207613,2.4462208137105352,295.61890238411814,1009.9051540970646,12.678619081000495,7.9130986708370985,889.5338969567601,1.0339179456666865,26.98240238549147,0,9.646761001107091,0
2025-06-18 10:41:52,HM-B210,37.45418568225868,41.98611675866936,4.35780598805514,0.008292132090421081,4.056800088789163,218.00454669007655,1010.8442799145713,17.432550756599074,6.901196109274525,1003.8223201109103,0.9342439340078772,25.466567337139654,1,11.378752599967644,0
2025-06-18 10:41:53,HM-D420,35.102737901199,33.60497359977018,7.011400261612758,0.03732655507833588,6.276066627584675,282.0853851764944,1012.1858041260319,15.240145595946034,8.98097745685871,1104.655346805831,1.0118988080576103,28.054191368445686,1,11.970278482440563,1
2025-06-18 10:41:54,HM-A104,44.3018814147147,35.50956042941458,7.094950829929155,0.08114770383949416,4.5072519131502045,194.52808012825994,1011.3266331768302,19.624566778321903,7.388033737082058,939.9089644072118,1.0619937554473924,21.70002195389277,0,14.660549022103263,1
2025-06-18 10:41:55,HM-D420,34.71783920559093,41.45741115704692,5.4601630892059525,0.03576462547288793,5.460092116591108,298.02889464926443,1011.8974046292458,15.51429245097768,7.111765919955726,984.9806053536429,0.9492540682766079,21.71542697807024,2,15.13001370079403,1
2025-06-18 10:41:56,HM-C315,35.248368364138614,32.574510303494904,6.181197189856785,0.024545367244479713,4.716055139082929,301.17196987255636,1012.3207561215205,14.959656581029892,7.593722861839178,973.3524729094281,1.0095286280141218,22.831565831376093,2,12.228029271828325,1
2025-06-18 10:41:57,HM-B210,39.206620192532796,38.155128367017426,2.879644661287381,0.04904138795005069,4.430238366210501,219.28721283499792,1012.6146381405962,13.97191170604129,6.674623501687541,875.2973957462734,0.949146831299208,15.867283061067148,2,13.32229169074182,1
2025-06-18 10:41:58,HM-B210,35.9263371412471,39.42298553362794,5.807499909004997,0.005,2.7323377340877872,252.3680903582058,1010.7632731288932,15.009660735259798,8.540819068872551,891.0876838226617,1.0547629420622815,26.137004134444183,0,10.778737766601141,0
2025-06-18 10:41:59,HM-A104,39.207615319252575,31.745929963789663,6.276456114922759,0.04158580474711162,4.01197799957193,269.3155575765455,1012.3786444697248,17.8225350321935,9.09987628636448,978.7429134230341,1.084610591694966,20.500739237210617,2,12.687247272356386,1
2025-06-18 10:42:00,HM-A104,37.38255648431471,31.192849164506022,8.854618756550208,0.05648756368448844,3.858254279328689,231.87678297831874,1015.13401389736,16.56553952899582,7.785414969249553,960.5056975079341,0.9404633689986128,21.822862495697024,1,11.883908285043782,1
2025-06-18 10:42:01,HM-B210,35.992026833615526,33.856984521755166,4.065171050477862,0.021048816001513995,6.277462332298653,306.4822451462199,1012.6229049943802,15.589591661342629,7.73378402843289,939.3310595763877,1.014580191055595,23.708904699768752,0,10.132280227411322,1
2025-06-18 10:42:02,HM-D420,35.11811162718806,34.0134232941938,5.024454225542167,0.06737739538128233,4.719864786363927,250.648342943637,1013.8879673955446,16.71158507118341,6.729859402724158,1024.5697660884773,1.017857614536448,18.910073443497858,2,14.197456375551345,1
2025-06-18 10:42:03,HM-D420,35.02790859590782,29.605260104544055,5.117172667478157,0.05319365098811737,6.033042945390466,234.39629445116122,1012.8990414724525,14.115228471216735,7.19300921089167,987.2857917944581,1.0066752577774885,19.03712389353105,1,12.798454510552158,1
2025-06-18 10:42:04,HM-C315,36.019197493718146,31.791997506659843,6.047875600664305,0.06755842471184102,5.852935712982753,252.36466000007937,1013.1723256196378,13.961949975387698,7.635385269538158,1126.3057341788576,0.9886819282267776,23.56099664309602,1,13.539841330226118,1
2025-06-18 10:42:05,HM-D420,36.564009204138,20.0,6.320766032323452,0.012473747594014279,3.484903151594266,227.91315033482405,1012.8267405337346,13.745934944483157,6.281270669566874,875.72479347822,0.9714348939496659,23.745967135269982,2,11.913802510759366,1
2025-06-18 10:42:06,HM-A104,34.920296891440316,33.32863658352797,6.591372667684798,0.03638599815967556,4.501391476523635,250.62787607167581,1014.1144885149629,16.976134514288297,8.46231091795412,917.9685147281813,0.9217196307690224,31.15127413221054,0,9.033695768937726,1
2025-06-18 10:42:07,HM-A104,36.726918924533635,39.47197090150659,6.481943238969217,0.05844253137056461,6.521854316619258,236.50677309428858,1011.7686738615499,17.17612640466456,5.972402454894466,1066.2498283979112,0.9918861562720565,22.974263706544814,1,10.36037615704025,1
2025-06-18 10:42:08,HM-D420,34.26471176832998,26.666554326127255,2.7783225612339244,0.010042826139254155,5.1758150722483585,226.62908420772004,1013.2565732781139,13.40241248800704,5.544708424003696,1085.0458410447504,1.0432074603853476,24.138567050999548,1,13.870066437197174,0
2025-06-18 10:42:09,HM-A104,38.88975304149088,32.68427734228233,1.0802046795264477,0.05894143376859196,5.103262755794045,273.92400221422747,1012.1345360845417,13.649477649871052,8.594561838779496,881.2559628302743,1.0551804784904697,31.301159051378534,1,12.1325050667548,0
2025-06-18 10:42:10,HM-B210,39.36840599864991,47.21166403921611,4.228435419375447,0.036403062174646846,5.596297297931236,199.22719258205103,1014.0053027913801,14.728371379942997,7.822934714574176,918.8559837519139,1.0089822592754105,23.383681084857823,1,13.414414376741382,0
2025-06-18 10:42:11,HM-B210,35.239187024478674,34.88719979333233,4.946874733090415,0.05879257693855461,5.076457341625446,302.88369966158064,1011.3380538876777,12.95398948061589,6.445308701809886,935.6807783583364,0.9505743445590665,23.732778414915423,2,11.86290902238553,1
2025-06-18 10:42:12,HM-D420,35.09956736221195,41.78397183903985,4.080098361069651,0.04434940122783552,5.155626155053993,256.9116751122466,1013.9758277230952,15.470814787327924,7.324633133960632,1062.6855992752783,0.9359746153802473,10.346853645307101,0,12.639867010794598,0
2025-06-18 10:42:13,HM-B210,37.444792017524684,29.940423391544012,4.310452785498349,0.06821652835673955,4.862532565409865,305.4142898558832,1013.3128329531321,17.871803104095445,7.3888423253701845,939.1530347473376,0.9690909397641302,20.453659906141763,1,12.500845460723864,1
2025-06-18 10:42:14,HM-B210,40.16341523257891,37.244092028861125,4.495625858389699,0.014161800008247894,4.092291476594073,278.86023074791257,1011.1029394338806,15.735971586342318,7.282560585500287,936.4133088519919,0.9044949868524577,22.815410630927186,1,11.1158935590995,1
2025-06-18 10:42:15,HM-C315,40.716659160632936,29.088908849791558,5.8661614991290545,0.046581405818580335,3.2302908909357413,209.69666176395998,1015.6191798221715,17.05428509061724,6.373383877370914,928.8509582742413,0.8738522084071559,18.953931313980586,1,12.890671733846748,1
2025-06-18 10:42:16,HM-C315,33.49314319190933,37.00532307472142,3.4494619174414547,0.009768694432592678,2.271658467271798,252.12166730202162,1013.836759253028,12.358664542966611,7.452703594339312,958.7064424920557,0.9327445063406374,22.853168983866812,0,14.814892204489514,0
2025-06-18 10:42:17,HM-B210,39.51576207412881,39.21124117379892,4.883258345058911,0.04839076586852147,4.104749884212941,196.14420916084737,1011.371493602429,13.99333693321458,8.131485817754607,977.475102479217,1.0155953238865814,24.87470962371667,1,11.76157209029403,0
2025-06-18 10:42:18,HM-D420,36.846116655162014,38.02487922764838,4.89473957567144,0.04655639835725443,5.023925254288187,222.89252090876226,1013.235119339851,11.206657180458826,5.818651963567712,1100.2797554195638,0.9180758560522871,25.69442099771198,0,10.007677248385416,0
2025-06-18 10:42:19,HM-C315,36.894525748848665,33.27531337134241,5.83204900776273,0.03429836874555883,4.78628531074673,245.89577315560422,1010.5410081239928,14.875253426489442,6.812556942820611,1067.1307079985147,1.0164452836956506,21.563830947080973,0,13.579834824651027,0
2025-06-18 10:42:20,HM-A104,38.261780914126405,36.37466783008946,6.742857259569354,0.024324055502494255,5.263093701205211,228.84711829943296,1010.4283362866926,19.36404909694989,6.271504054400412,863.4515162043659,0.9586533765855721,15.769978726622233,0,10.443429997953391,1
2025-06-18 10:42:21,HM-A104,35.79760632395971,36.42245967704748,7.526161097182093,0.03349267990007068,4.3487475985623325,235.70613296481332,1014.7943726543748,18.541421613244985,6.589235322864863,934.999352242253,1.060139319785434,22.345354636282984,0,11.023335235806956,1
2025-06-18 10:42:22,HM-A104,39.74175158027076,38.32994827727576,3.8810138293678347,0.041953053398798054,7.766400112150151,229.98742239592605,1011.1998606673585,15.772752061650388,7.50281556499391,951.6321405947299,0.9699585912553977,20.31926471307101,2,12.089319509420916,1
2025-06-18 10:42:23,HM-D420,40.55990567942452,34.381165258967066,2.0000380841532612,0.045683735566052895,6.932708652682697,316.87198817169,1014.1810074506577,15.161525234684369,6.16316195951925,914.5058788378408,0.9769051781126173,18.93031596655296,2,13.446798687971663,1
2025-06-18 10:42:24,HM-B210,40.65321069383809,39.65569400117617,4.63710765689707,0.07864631953086577,2.6788857512074635,253.5656503132348,1014.7508842439848,15.96083261296934,8.58908330799491,1030.2087654350044,0.962484222862366,20.8709935862627,2,13.227339058691145,1
2025-06-18 10:42:25,HM-A104,32.3902130293368,42.17302699648029,2.6170747125502305,0.05746832965087492,5.28781056091837,268.7039177700731,1011.5239594299112,12.642596740210077,7.255512936315637,1057.8705132759053,0.9635284818944557,20.612759164253568,1,12.019014711338603,0
2025-06-18 10:42:26,HM-D420,36.42585682817892,33.410662766475,9.101865363885457,0.028262063584599886,5.662530510571763,248.44630731285935,1016.1199643851927,15.487862270178308,6.890578572990452,911.6196825359815,1.004395304095308,21.127604286026635,0,10.522838987613444,1
2025-06-18 10:42:27,HM-C315,32.161923537980606,35.2321986397098,3.6906792217354543,0.05158751299132455,1.9529781592966429,260.12150444171704,1013.1390814749864,10.711236502340865,5.682978382881531,950.9615769228333,1.0143428586821017,20.17112112691897,0,16.52391446931353,0
2025-06-18 10:42:28,HM-B210,35.08679984514165,30.475926080941438,5.845750648479097,0.05762638156961737,4.700261029086142,188.33885098214915,1013.0725367054837,9.88658859338386,7.313504852378014,1021.7618071038778,0.9977140991814568,27.75192786872691,2,12.775276769654079,1
2025-06-18 10:42:29,HM-C315,31.006252822175856,36.70128661912134,6.401099160011643,0.02688066223487221,5.120298185522954,300.12122508968434,1011.5026756222179,14.307214022625699,7.244195600033288,1035.472382244716,0.9363427078277916,23.06475365589895,2,13.730049082979153,1
2025-06-18 10:42:30,HM-D420,38.12566658659872,36.73318863890397,5.510933492357005,0.05404312073085226,4.4932539676792285,228.34594862732948,1011.5297919274811,19.74760500788539,6.140274202555714,909.6882844485303,1.0203373152798707,23.081223857672686,0,13.225955688143019,0
2025-06-18 10:42:31,HM-A104,37.548274088950436,35.28993192516851,8.1150805269638,0.010265319310697449,4.963168529954221,284.37406304685294,1009.7090704679902,18.332558487060986,6.406328177893101,988.2514943286429,0.939503354528282,23.662548289022205,2,14.756315533502484,1
2025-06-18 10:42:32,HM-A104,35.918497233608086,35.666998271506344,4.696278289826284,0.02615210524875667,4.594876161044297,285.5407920009415,1011.8347190907479,17.289877803445705,8.576846202423926,894.5582609977255,0.9456067598188415,16.50265786986109,1,10.907826472768232,0
2025-06-18 10:42:33,HM-D420,35.022129723624246,44.60913194537093,3.747677363942773,0.011515386582273891,5.34309535137681,196.05025340526385,1014.7493937360874,15.03462084947079,6.888118650193602,1034.5301064966898,0.9716615547445334,26.057796856846718,1,13.04743743062886,0
2025-06-18 10:42:34,HM-A104,37.78507906088417,20.566385979682618,3.6700630817731126,0.0357788592959788,6.358010794330255,251.68247188915103,1011.4726691427193,18.118522223453535,7.235011817880077,891.7957700330732,1.0387567097925194,35.00638670159128,1,12.01973078337026,1
2025-06-18 10:42:35,HM-B210,34.47144482157226,32.516715610202645,6.1250085419055225,0.030527090342522586,5.42469804485655,262.15999071996185,1011.60313638901,13.975738529904637,7.642291766338165,958.9601052801969,0.9430688194357344,18.150330811789377,0,10.873290139669756,1
2025-06-18 10:42:36,HM-D420,34.30134471308168,33.2813816095396,4.715302630602414,0.03206088391613238,5.910374916108781,253.294016149431,1011.0706578667535,12.632719109734733,7.0766486071790276,911.9997467583861,1.0183761079385023,19.301364962406847,2,14.453992352274687,1
2025-06-18 10:42:37,HM-C315,33.993959495163224,42.284563064771504,3.670266515895174,0.05630951909393571,3.2310970504459418,249.97179456411644,1010.9581038865707,13.859170462515962,8.282576646420818,871.374342214521,0.8715747069295378,19.80430774930902,1,11.084581648807145,0
2025-06-18 10:42:38,HM-D420,36.490397673153375,37.3764440465929,5.661957823285358,0.04181164852428916,6.932908062187195,236.92577942098134,1014.3313630488701,11.786865337008498,6.614561271234036,904.3486899119914,1.0252767537196252,23.195853244626505,1,13.224313402419451,1
2025-06-18 10:42:39,HM-B210,35.544231076168096,37.49842918069078,6.06387383763247,0.05600646193151059,4.877912062454794,228.5847388824552,1011.1777226698473,19.532715619678072,6.859557694042865,922.3350917733881,1.0522605256817394,21.456886663389806,1,15.029286225703293,1
2025-06-18 10:42:40,HM-B210,36.03940495384082,41.29928095451562,5.406957779429317,0.07252700539696254,4.031320729808045,281.74120704708827,1012.8023860389541,16.086091788616272,6.870729250424058,1049.8665161002766,1.0303872569820047,19.940240491826696,1,14.997052277125025,1
2025-06-18 10:42:41,HM-D420,38.30452185004683,34.1002164909836,6.349394588503411,0.081893318492685,4.998456642834029,261.9327743263741,1012.467065299976,13.258614089237895,6.564964993909992,912.299450907159,0.9974845685952612,24.3436401918288,1,11.11609232161572,1
2025-06-18 10:42:42,HM-D420,39.40824151214875,38.26163267914116,5.13214791927547,0.03720391764806806,3.846465658100018,255.5596497669344,1014.4349262542693,14.841585464299461,6.497638861460361,955.783640403407,0.9652170631861363,23.551213976052292,2,13.961461691139126,1
2025-06-18 10:42:43,HM-A104,40.62620196223971,32.346170559233215,4.10956199422811,0.0506949064477554,4.665687199071351,201.9664783694296,1011.7455603039022,14.779346769871976,7.223587376420207,896.1659371819234,0.9529385102015586,26.890705857671882,1,13.385786541284535,1
2025-06-18 10:42:44,HM-B210,37.15034244492073,29.733468370772687,6.217100107267266,0.036904819794017454,4.861348212058113,242.2994218022236,1012.3535972645,17.869608830428565,8.279782223995772,1023.6651656343386,0.9576880295147289,22.577317666429654,1,10.730267008730287,1
2025-06-18 10:42:45,HM-D420,37.868972756406926,43.97083493651494,3.6648676197074965,0.06028398830459426,3.6765191983147383,248.3253516233288,1011.3613653063519,19.476444046203788,6.257557890751679,1034.4860458517442,0.9699389244599946,21.836785065796818,1,9.71627054589446,1
2025-06-18 10:42:46,HM-D420,37.47211589282728,36.84515864882065,3.3066719792000354,0.056393802233828845,4.68694053918785,275.22341424953504,1012.039646786576,17.170441868714708,7.049396698846803,1012.732108152484,1.046748629899407,20.26397809585964,0,12.509450660361784,0
2025-06-18 10:42:47,HM-B210,32.81453575296524,38.22331297437301,6.733924473800998,0.026789221103755027,3.658861008796224,197.69340386662086,1011.6479554444257,16.484587837886785,7.810757788814513,921.6556036417204,0.9939615768829774,22.94077507042398,2,14.313637924653744,1
2025-06-18 10:42:48,HM-D420,36.07575736007228,29.59912657617333,4.478228043475111,0.029732589094906593,3.651133971524896,217.12586041889716,1012.7829357085881,15.638846151174606,8.783451150851574,896.8268567093019,1.0391920676358077,17.830400580369325,1,16.86486585893922,0
2025-06-18 10:42:49,HM-A104,36.08725444314834,37.55176322930944,7.498525864167458,0.06772092714575088,3.2868637655756263,303.9619380588196,1015.4012912184971,15.231681782100924,7.9513793636548975,876.2710573958611,1.152162617385387,26.35054131942666,2,11.59132728974329,1
2025-06-18 10:42:50,HM-B210,35.72296793557597,43.891163734359196,6.284892180089909,0.029016597744540552,4.051553087095655,226.07851102597613,1012.6947136761927,15.184196576287055,7.035125481402192,1011.5109032991296,1.0826333077529593,24.503347011185667,1,12.77314824733133,1
2025-06-18 10:42:51,HM-A104,36.8976516784529,33.61274965807802,4.364241929148742,0.03776409309003354,3.8391687977996383,194.4533112481197,1014.7621097855503,15.227783664394034,6.7514382350278215,913.226614171137,0.9992214232227035,22.894508858082876,0,10.940564736178839,0
2025-06-18 10:42:52,HM-A104,36.45129861696418,28.72100279410698,5.7293321483940005,0.0535008181806544,5.068653487366789,229.05486014576513,1014.4175133515606,14.604251004042624,8.103404153700442,1018.0943227546601,0.9720089481653954,20.38905103118406,0,14.880497615057418,0
2025-06-18 10:42:53,HM-A104,34.534183090187355,35.919880968270554,8.792570411670315,0.03668848757024824,5.815565894509545,226.18553668014184,1012.93609369757,14.102950857473486,7.906335717588624,881.609884532101,1.0416639737526454,28.553897548715113,0,12.982294888465004,1
2025-06-18 10:42:54,HM-A104,36.622435115382366,29.820515473948525,6.131409714218588,0.07067930358076394,5.294504340210011,269.5338118204687,1014.4423102758489,12.879776789203609,7.21284335392617,933.3115868630774,1.0415876330197633,19.80749158528465,0,13.159771115613848,1
2025-06-18 10:42:55,HM-B210,35.40237400728742,27.21100651764489,5.87254836011366,0.06066212011219682,5.666997629086063,269.16524508221784,1013.3460078239708,14.530483876950996,7.033853707136344,913.5560704873292,1.0268943745622126,18.599119828114034,1,12.6945155167293,1
2025-06-18 10:42:56,HM-A104,30.45189318270777,31.326171526296072,4.107918389530069,0.022316611966120625,5.56580175709856,220.91914569858133,1010.8567251204124,12.377340875472573,8.813683008405514,892.8257358782027,1.0737588694595426,20.76338036674573,2,11.246791152283215,1
2025-06-18 10:42:57,HM-A104,33.50732769922384,32.537011026119984,7.766832044298091,0.02828986776960537,3.387964969907128,238.63231319390533,1012.9416775465897,13.873390124684672,8.691076144561634,810.3863642723995,0.9527792993121097,25.307670711975735,1,13.866477739526001,1
2025-06-18 10:42:58,HM-D420,37.2222858145327,30.06375102724521,6.97690657026946,0.05175123082424474,4.09912089234605,266.1081127851079,1013.3089311527632,14.779999940274838,7.513546445214393,844.0933600162199,1.0143188914519337,27.732061297902113,0,14.042596756232532,1
2025-06-18 10:42:59,HM-B210,39.72972828538527,41.6323339106928,4.121656952409947,0.03895952188832081,6.63529019906224,267.1134332245888,1015.6444525913047,15.520086205876927,7.365048508667344,1040.2540900836457,0.9981508073091161,26.241554991038647,0,14.42242407707715,1
2025-06-18 10:43:00,HM-B210,30.931991855804338,44.448050023197375,7.820619283114688,0.005,3.8464335071151172,218.96224560524854,1011.6025112858011,15.485302021278574,6.280856327197752,883.1032050640888,1.034107389337805,16.762020441459676,1,14.088958496642553,1
2025-06-18 10:43:01,HM-C315,34.824020915615854,38.09044008103716,5.247126824753522,0.020582342557123042,6.724657939606533,222.27750791679682,1013.6867375836927,15.98883960101302,7.235840240395437,1003.5881575726422,0.9769568935048759,21.76574880561115,1,11.070719241712998,1
2025-06-18 10:43:02,HM-B210,38.0786345849869,36.9209774605153,3.739427487994959,0.04468190594342211,3.9993512054670752,313.4899703118051,1011.1538098988156,15.817874418401379,8.166532406461629,951.2113085299666,1.0184135234351344,20.075163076662434,2,12.206794955601442,1
2025-06-18 10:43:03,HM-B210,39.19548865938292,34.28975943644444,4.102221939772195,0.0578109758342442,2.042934685175046,242.208494378044,1015.3143739056277,18.587005019063273,5.654960057405055,922.4355527866393,0.9106004989649072,23.589135721815694,2,13.148263648319507,1
2025-06-18 10:43:04,HM-C315,35.94971609605996,30.51833592943468,6.316552050612166,0.05809694074374207,4.203263401260962,294.8034535521669,1014.835564989819,18.31571806779295,7.681763462980198,916.0849234573886,0.9990132743690715,20.832018990631,2,11.557033227385258,1
2025-06-18 10:43:05,HM-B210,35.293044103947324,43.014551155368174,3.749749764716751,0.07925673910208297,5.515883135526094,256.85832978115474,1011.2016149870603,14.230996545602567,7.7505573692724195,943.4324081077747,1.0855969218544963,25.100661290283366,2,10.785669848709183,1
2025-06-18 10:43:06,HM-B210,40.049276874725486,34.68573251454828,3.3453254134206265,0.026170778747088758,6.496142068522484,282.8507481165785,1015.6117236849454,16.83798497666702,7.752773173726533,1003.2969663208496,0.9740263357326892,20.17843101350622,0,12.078764622574832,1
2025-06-18 10:43:07,HM-B210,38.99023176499642,32.6870726396675,4.341688276372285,0.027127316404293007,2.726509626215967,268.7585810998422,1014.6156343013886,14.649034462011622,6.677339797072001,851.7776906019214,0.9949130804733712,18.623474230080216,0,12.729480287784657,0
2025-06-18 10:43:08,HM-B210,39.14654599519004,40.07378312001602,4.565730163385581,0.039493436986796596,5.493920374330216,255.1298654167125,1014.8978085374717,11.656958846264844,6.942295478711421,944.7319308831632,1.0534706002073775,27.231525868087125,2,17.51458068032344,1
2025-06-18 10:43:09,HM-C315,35.829839993773135,34.63207905059793,3.990026711542157,0.006480528355581001,5.571777390104369,254.77485704269458,1015.3548400746135,16.32998247750395,6.703607004125941,980.7727181987706,1.0235488279321916,21.87320079391763,2,14.443784891201615,1
2025-06-18 10:43:10,HM-B210,39.78423559420919,39.88647121545739,4.319082659092954,0.039938495463981406,6.06168286836923,212.7788530667432,1014.6892533637091,13.944603714012763,8.79126696285159,1009.5379111558768,0.9144258077703902,25.538414615742123,0,11.426216224518052,1
2025-06-18 10:43:11,HM-B210,32.13732816784072,32.95125646732228,6.3753968510920895,0.03608990297968713,1.2945620590997118,244.9997485567993,1012.4955734487515,13.641774102247124,8.446237292237978,1030.8201136397627,0.9929788749515385,17.3928223531165,0,11.405225315397438,1
2025-06-18 10:43:12,HM-C315,39.82807522914754,40.08818462726837,5.384753654719173,0.055834357170505694,6.488195544816756,234.3386932262195,1015.2534786028617,13.833449192242915,7.498157277751734,935.3231980779946,1.019165589997098,18.187644656397868,0,10.896974145737465,1
2025-06-18 10:43:13,HM-D420,36.83366961639528,39.89883608470682,4.226538870277243,0.05923041197122138,5.029082402769915,240.16497429515866,1011.6601206446145,13.490858284702094,7.226653838280099,837.8896649883695,1.0683449902420443,16.929287217396148,2,13.63217009997901,1
2025-06-18 10:43:14,HM-A104,37.322335478119534,41.62414210995046,4.358227876579572,0.04714547124084923,5.0503765571011385,238.9130076438132,1011.836931677705,18.664929635495056,7.1936268055806165,982.4857504910011,1.0589591790016921,18.903902075110082,2,11.927439664670985,1
2025-06-18 10:43:15,HM-D420,34.63686835480631,31.452875802032533,4.802515735607971,0.0400574874169191,5.746798365967886,254.87197605267184,1012.3169837503794,12.589581991408714,6.949360863902658,940.475450874913,0.9967870537375167,19.291672534630187,0,12.297913296325934,0
2025-06-18 10:43:16,HM-C315,32.46493412972962,34.58480281810505,4.888378688114718,0.04728030882927924,2.094186375550247,269.1386074958635,1013.500377096796,14.692559802773697,5.696668958012574,1046.381829274838,1.0317673970383574,18.943197811320484,0,11.78201919015688,0
2025-06-18 10:43:17,HM-A104,37.269260369479326,44.73885039468124,4.894720615673879,0.02414344261588019,5.717998533460826,245.87425328946136,1011.6232198609766,11.623128681650051,7.232154656248566,966.0040341821947,0.9960883858640502,21.843097249279623,1,15.941754579322403,0
2025-06-18 10:43:18,HM-C315,38.37848637397849,33.76793960447774,6.320371494574977,0.038346462223950176,7.349900780224592,278.64643077471135,1011.2033525265006,13.536730052575455,8.822106857322577,1047.1980326385415,0.9748372070103603,18.0014256109039,1,14.454123146289838,1
2025-06-18 10:43:19,HM-C315,38.75673096204691,39.05512899016238,5.295557606438098,0.04033532037744488,2.8576197771400267,237.5365347920343,1011.6259019251476,12.372745093467891,7.434697169503545,907.9566540673522,1.0547943486801974,18.970646111035542,0,11.006761475024637,0
2025-06-18 10:43:20,HM-B210,38.48694648956147,46.452825088109606,5.339686514898823,0.03849829578014214,4.422727461418647,252.60089801389591,1012.4552358587143,16.03312012378921,6.705491703402528,1047.1702832537167,1.0514398683343837,22.869175439797704,0,10.787387914996371,0
2025-06-18 10:43:21,HM-A104,37.92040423763365,25.75479402066269,7.140178030550134,0.03657948060338363,4.544952572244335,325.70111852990647,1013.1057293351548,11.952538076231953,7.4072805424116455,962.5410050968505,1.0134542554623718,29.84410792054582,1,14.31241798023132,1
2025-06-18 10:43:22,HM-B210,34.6905339095176,33.602221810142126,7.8149771478381025,0.027574616248993867,4.927743496856389,213.9582418352033,1011.8581827527721,17.8619176277683,7.0235725857594495,983.4154649073215,0.9673384931603328,23.90708429717697,2,11.070499513801078,1
2025-06-18 10:43:23,HM-A104,38.91869018130008,35.00935091945938,3.1535430707030017,0.01948794781507898,5.011247438370069,237.35825739761722,1011.18275952188,12.371293711302078,6.403389944263489,812.6560938296116,0.9986612648821659,23.534159815377812,0,14.472120436968929,0
2025-06-18 10:43:24,HM-C315,34.41094413131168,26.00560670363052,2.6316378314065725,0.035898194866314945,3.6942097435049956,195.5682854085825,1013.5847189187264,12.922035294649223,6.304313647826288,1038.8292454386012,1.0019438954694417,20.929804023650345,0,13.591603517496315,0
2025-06-18 10:43:25,HM-C315,39.76766059016283,32.720143910097285,4.4758908280664205,0.05188699322695956,4.54794057831405,256.85341819323605,1015.7074800871103,16.348986922116012,7.228820218388345,935.299059237207,1.046117277851224,14.07652143515147,0,11.119538847645382,0
2025-06-18 10:43:26,HM-D420,36.790045327984565,30.14309361472967,6.174692859341972,0.00525190079921127,6.592837806783855,250.49612080034635,1012.3780200083017,18.756890430633938,6.0309965396807295,989.6079993870217,0.9847273455039478,21.20143079333045,2,13.480863557111265,1
2025-06-18 10:43:27,HM-A104,36.87322695033629,39.28842734175422,5.563979599981145,0.030054366930990874,4.987383255185331,253.7715863032376,1014.3379233252514,14.126734776489705,7.213495090114314,923.7354841657374,1.0014182535925031,17.910244114535228,1,13.11148810956297,0
2025-06-18 10:43:28,HM-B210,39.164816545762754,26.33676322436201,6.581149554067823,0.08138192107790138,4.941898808980323,222.65333658702733,1013.0031578770597,16.188693602881386,7.131808375984915,1042.1833106171018,1.0093507771911157,26.09190018909008,2,10.128249652207852,1
2025-06-18 10:43:29,HM-D420,39.50367156383535,44.44661310990273,4.411454231461829,0.03614046464513759,3.6425427893415616,227.1489025752993,1013.9559837465657,12.910830825329896,7.776133663055405,968.1426703673827,0.9865186657670205,28.287622731509796,2,12.508368283084664,1
2025-06-18 10:43:30,HM-D420,38.926596697375345,38.44948706628973,2.0649397517329975,0.04302699504904694,6.106969024005618,251.62172472722543,1014.2229617146484,13.97842936474166,7.071670014404068,961.7690973060477,1.0128087118656812,18.361519633614147,0,11.966994439875222,1
2025-06-18 10:43:31,HM-D420,34.94885537611083,29.730892098864807,2.949827403082962,0.07677457627341666,4.239693820068098,207.9157949950319,1013.0072895313155,14.782748061545572,6.358421704021128,1101.4889416584842,1.0055746721244523,21.915488932001825,0,13.051951329865886,1
2025-06-18 10:43:32,HM-B210,38.90667387609638,40.132097274359886,5.847101087987902,0.046388705458436,2.0398358976231306,276.4452576305185,1011.5250708427354,13.34466547306651,7.323256672629331,750.6466752848291,0.9592051211394281,16.558198456719275,1,12.25140925918804,0
2025-06-18 10:43:33,HM-D420,34.96302597507388,37.984898367587554,6.592630408337328,0.046845370498249765,5.004241379861557,208.2734558705683,1011.154454839102,17.280760510398082,8.035520497340737,917.2152310753297,0.9722050260645939,25.312970305926747,2,13.063937253675585,1
2025-06-18 10:43:34,HM-B210,38.96975350431915,34.80616187604663,2.1398047278468355,0.02179706651887237,5.348319990699585,245.47133551393316,1014.7251880322094,16.60409461772019,6.777200844469437,937.509286828429,0.9295754849717659,26.993673073699867,1,11.573208386436537,0
2025-06-18 10:43:35,HM-D420,33.437092009844335,31.39271558712067,7.115986299962062,0.046256467724863776,4.1414345941816295,236.92624281984143,1013.9458342002544,13.936801610145423,8.485172358627668,883.7536272299976,0.9630528583919917,24.278549380889153,2,12.322463329991294,1
2025-06-18 10:43:36,HM-B210,36.765799845154085,37.73831641003742,5.696948767699408,0.03970405830623621,1.8214166245666092,234.99855747236705,1014.4695441559114,10.095834348120844,7.292004504667517,976.5574543254922,1.0713294686937065,23.278652215490645,0,10.519702935243789,0
2025-06-18 10:43:37,HM-C315,34.947772151235824,35.614601828739644,4.894366852580944,0.05849826988650343,3.160555861104524,201.828204381804,1014.0144695694745,13.548227072548316,6.913996138146646,842.9100620828724,1.0330806990303216,21.824246131903458,1,11.896955444536076,0
2025-06-18 10:43:38,HM-C315,39.174839131120066,31.553797438674078,4.059765263223246,0.06554645529356898,4.361852790529738,248.67412795133689,1014.6082790164294,17.518023509468833,6.699279597553338,846.1582202379192,0.9598520715590023,23.97765827323573,2,11.867641485111614,1
2025-06-18 10:43:39,HM-C315,39.78791693522253,28.283724529519134,7.386741615243498,0.04060623820095008,4.031490767819255,213.75836119604293,1013.3329296181532,14.750338148096944,7.35656008460147,984.9470141920262,0.9904168134365735,20.90541433677717,0,10.343057623945603,1
2025-06-18 10:43:40,HM-C315,37.49749128447983,30.74705489581433,6.345509649033601,0.04764191904368022,5.03000565218701,254.2057650340056,1010.7209504421263,17.047024808605443,7.125468975776337,876.8409131918286,0.9565155214014162,20.50949693796198,0,12.591709354179741,1
2025-06-18 10:43:41,HM-C315,37.41527285984471,32.48351072181387,5.7362351778149705,0.005,5.210011798028811,227.2154457670611,1013.4219167429927,18.303283724713236,6.1712575785931065,990.9474179870533,1.0363069942571808,27.01773183045391,2,14.929953095961196,1
2025-06-18 10:43:42,HM-D420,38.76044280620284,40.812436420957376,3.9028962466949526,0.005,3.977013326465723,248.49188691183707,1015.6898625709883,16.213678951253307,8.47333903644547,902.1287203288376,1.0125891648740815,25.12756605424552,0,11.43500048665068,0
2025-06-18 10:43:43,HM-D420,39.802787199872796,39.3037947487862,7.421271840350584,0.0618638437957926,2.8212214536460163,195.65957542828642,1013.5267576669347,17.260455109017563,6.930809304020529,882.9840104926535,1.0341183263957163,19.718515890192332,2,14.248028532214573,1
2025-06-18 10:43:44,HM-D420,37.093277936655404,32.74966232842962,5.045526736932214,0.005,6.243852086392425,277.3683459092865,1011.1557076254066,13.861610253344017,8.466616839747113,871.009296538656,0.98421951309291,29.219971504898883,2,12.926845447984116,1
2025-06-18 10:43:45,HM-B210,35.75081168763005,32.944030201538034,5.4485261855871805,0.04654672534709995,5.172694488993889,282.89023042323817,1014.1021646029631,17.326465732527012,6.326734793930466,873.8547802381865,1.0500410474897939,19.215793484806177,2,9.55746944071538,1
2025-06-18 10:43:46,HM-B210,38.61816871610122,39.9567613977585,5.109589097266322,0.036526896508232654,5.305679430040926,233.4374995775993,1016.2516836294885,14.576866020356801,7.9692917444964415,915.7323814596402,0.9404175040658781,29.734092691471258,2,16.20050601290078,1
2025-06-18 10:43:47,HM-B210,32.353181572265825,36.33673374712632,3.8516743030679104,0.06462705319236337,4.960974402500155,334.04231134657533,1012.1625927913923,13.466555317465229,8.28453211006724,886.1792197033561,0.9703518335547534,16.801196181672054,0,11.128860975967811,1
2025-06-18 10:43:48,HM-B210,39.274128848897064,36.267073799371495,5.479581478875307,0.03929649471388239,5.816902507267442,272.82146900126725,1013.4890317393739,19.229195238911565,8.218074491372661,940.0034717372351,0.9800976137510764,21.419621862200223,2,12.533947105141488,1
2025-06-18 10:43:49,HM-C315,35.22453262639572,31.483122972528406,6.045407842187604,0.07604507325635225,4.04268491008482,242.2534283979161,1013.713038512349,14.959893718663158,7.520144852171424,801.1622077477195,1.0401032379607744,23.820674295517605,2,13.075608253579066,1
2025-06-18 10:43:50,HM-C315,36.39943033431888,34.382905714759275,4.337588884799567,0.035922031523335896,5.493992069704631,235.27147854321754,1013.3054183065883,13.574882057019442,7.997140012955757,882.2379565099967,0.9728326533785133,23.391537303778424,2,12.44901777939523,1
2025-06-18 10:43:51,HM-C315,39.290128307795776,35.02130833609544,5.351114991158466,0.0629269780386781,5.302201383356988,226.5599206448311,1014.1965639525914,15.850122866010834,7.574752008054038,1049.932165183121,0.9516918262447898,22.73278592178244,0,13.727262212628052,1
2025-06-18 10:43:52,HM-A104,35.961226209025774,34.54404126513145,5.087749136565418,0.010035271409920922,5.262502281529419,232.2778433924671,1012.3922378577148,12.8284534013891,6.375563279554365,849.4083752711174,1.0004646328889615,27.09209857089289,1,14.33957141059662,0
2025-06-18 10:43:53,HM-D420,38.618522196437006,38.67033955927931,6.372696994211994,0.005,3.066448453175509,246.70391788213678,1013.9401666635129,12.488730742273962,7.530438859707936,896.938074257948,1.1218539543840382,23.769943972965613,2,11.145446436756943,1
2025-06-18 10:43:54,HM-B210,39.84727188518604,38.826769197080246,4.551588093097092,0.03943575679462737,4.666948085498831,248.68722608365704,1014.7511743709255,14.580371729901337,6.3273131287198225,1049.1300368026941,0.9511869417345066,24.059637372425456,1,12.165995134297829,0
2025-06-18 10:43:55,HM-B210,37.275082725118764,30.405210826502316,5.339856445526611,0.011988072594876095,4.964465597556193,207.8790564459019,1012.6462978338698,12.119803845320316,6.21974819167268,946.728283624228,1.0619388846563884,19.574953719774612,1,11.490061761401204,0
2025-06-18 10:43:56,HM-C315,37.77862038956178,32.49892742124561,5.655754101988421,0.038801470047919506,6.634784201773266,290.6423270085042,1014.208339091613,14.051098152964189,7.423874226059995,812.2048607506163,0.999615291586275,25.2783756392183,2,11.480737456232363,1
2025-06-18 10:43:57,HM-B210,36.701410315140706,31.56313233389852,4.517649356333648,0.03173608831576341,4.619819452067468,273.6031432201271,1012.4322045640514,12.376491879008029,6.727255785690232,997.6548572320975,1.0002844888633695,20.232794650438734,1,12.667452220695042,0
2025-06-18 10:43:58,HM-B210,37.2889949926593,41.94262883055107,3.7619681484807326,0.05210286559910724,5.798361290016244,305.41718304612965,1010.9345999445659,16.96064269338341,8.471713733520398,1044.8393965780094,0.9698647139332197,26.559410970876268,1,13.99294396480315,0
2025-06-18 10:43:59,HM-D420,34.20898805012492,46.2674526488292,4.006090821121843,0.01871252064647074,2.716237727954108,261.03671504878724,1010.9303719981768,18.369121951798668,8.547604661630764,948.0592819953281,1.0312631748197842,27.768096270978845,2,10.074235987617033,1
2025-06-18 10:44:00,HM-C315,36.26565478360481,32.681893124315444,5.613785054792867,0.04849307936898604,3.6401774502384896,281.4017005678888,1013.6917908816223,12.2207435156759,9.390602290430405,905.326964287058,1.0519219514225637,22.31510937734717,0,12.272883982236683,0
2025-06-18 10:44:01,HM-D420,33.779485982543704,34.16452377221559,4.6470258300841065,0.057278986740048804,5.026917840534028,212.49310323046163,1010.1857560688293,19.263178225463506,6.108743043038678,810.6271989017297,1.0752509763386073,24.09519853183522,1,11.230621700810516,0
2025-06-18 10:44:02,HM-A104,34.753081938681504,39.21157415598665,4.627115812121535,0.0358858999855962,5.016467234675056,268.06734088873714,1013.1390737235915,16.520999820074373,6.295888374999079,911.134867990651,1.014284304809476,23.136463193217303,2,13.444096099788137,1
2025-06-18 10:44:03,HM-A104,31.992627448319595,31.463944603851385,5.9062213505236,0.049564621522229596,3.639934074405091,196.25017139464657,1011.8139552486291,15.486018259364675,7.894962196140366,850.2935675226372,0.9654018496942215,21.71826121668978,2,13.303077380422819,1
2025-06-18 10:44:04,HM-A104,37.65982038376222,39.32454163791238,6.52923728454297,0.020428621900753834,5.646902797092249,220.8516092662436,1009.7091043316639,11.95444216529151,6.94715825206944,949.322121112736,1.0893706300511317,21.119427337375924,1,13.971522607558692,1
2025-06-18 10:44:05,HM-C315,41.22900541344353,34.89565368468894,6.78757381001723,0.032346891810568934,4.298975984004056,325.19649671957404,1014.0236775431276,11.71715390963459,6.621421793616755,1016.2191144423577,0.9773544861066009,17.467658013049665,1,10.618731384778318,1
2025-06-18 10:44:06,HM-B210,35.85973566214857,26.281301485250182,4.081248262846389,0.013158591434790094,4.271033272388948,239.50331728205086,1010.8952047048839,14.927892013272988,6.893510240186934,870.8802077696847,0.961391230740659,19.354957713673052,1,13.018464851338159,0
2025-06-18 10:44:07,HM-C315,39.412833976430946,28.497832098141526,6.384118428196489,0.08677545062095657,4.405894599465646,249.42590554645275,1016.4629483356974,14.654685129423775,7.142040571723472,1004.7999242412627,1.0144608936314365,22.386414605965978,2,12.382275774523489,1
2025-06-18 10:44:08,HM-C315,39.81423204004229,33.310729663746045,8.127474640322978,0.0645758775782103,6.106350924639225,271.0582293165708,1015.4557837929817,14.410469740308454,7.729822159271777,809.7302036537517,0.9518089084875014,27.730617488538048,2,10.007016875760314,1
2025-06-18 10:44:09,HM-B210,34.00215691412932,41.11474277395423,5.189105299445508,0.07320238555120748,5.80674396857208,248.83636950664922,1012.9003114246383,15.097399145863742,5.749528417659919,930.1826865878551,0.9750250631250101,23.37186144467741,0,10.22392805382873,1
2025-06-18 10:44:10,HM-D420,34.54051520577295,30.537327008055108,4.89003471011601,0.06428877881033895,6.759765556543707,219.3570412402338,1009.9856600920218,13.571133767426034,7.526491332851269,789.282567882153,1.0313279192617197,26.55200465346774,0,11.813623970919682,1
2025-06-18 10:44:11,HM-A104,39.47699522088052,32.329496993460175,4.5773586242489,0.02673681518735234,5.160572325408908,220.0977684375357,1013.4437576472428,14.5521937228982,7.046444227909762,964.5672131713169,1.14363731229281,15.029304224516752,2,12.502267603710024,1
2025-06-18 10:44:12,HM-D420,36.76914659252037,36.055621133912986,3.4043642231914983,0.009309573371482992,6.817090784624483,274.04419733144215,1015.751800613982,14.991155973100799,6.5658884493676215,1040.1613097551906,1.0282728206197873,27.451892536524557,0,14.31583594056604,1
2025-06-18 10:44:13,HM-A104,33.77302783462352,26.65617521969496,6.263380244607258,0.031518537819716384,4.7857299903050565,258.94810697490243,1014.5925016973958,20.14221061274199,8.310806024504393,915.2049341683755,1.0592427640925874,24.628250970349548,1,12.04662261734537,1
2025-06-18 10:44:14,HM-C315,35.40785103267848,36.492766405288236,4.896708133690604,0.0495061374805947,4.348284754404615,275.0914162850004,1014.6875703795082,10.460555042382907,6.856308749334195,962.9328936031405,0.97464568813984,26.157202709830813,0,13.04890624678747,0
2025-06-18 10:44:15,HM-A104,38.04915061203016,27.28129956950449,4.775435266963993,0.03419494488320082,3.974238102327045,267.62145574863786,1015.3152698020739,15.750692100284846,6.925409305936574,909.7136117551012,1.0133531915416805,14.227780906454928,0,12.631060408204242,0
2025-06-18 10:44:16,HM-C315,35.01515831473792,37.83592104730893,6.0310151571202475,0.005,4.2885531696242,251.81383034362094,1011.1197755518326,15.168796021840137,6.976473091641543,978.2918206341355,0.9041045263842198,20.42314590450909,2,11.1079553545326,1
2025-06-18 10:44:17,HM-D420,30.063657836414016,30.956109588813028,6.169224576308048,0.054941499126371314,4.347389979757804,250.39591595902098,1014.6296913223302,15.040887561944327,8.44901164895321,1014.8529495866775,0.9333756754736501,17.80577916001036,2,11.78284153139698,1
2025-06-18 10:44:18,HM-C315,36.19496705698041,30.289754298925924,4.098735097002777,0.008035801815530118,3.6771982000063677,252.90284790510464,1015.9115293784499,15.732886064273822,7.286947127952812,948.9095505886082,1.0078235339546238,24.841510325346025,1,12.537949202121922,0
2025-06-18 10:44:19,HM-D420,36.39751701536201,36.363983122658965,4.134553512529344,0.03155320093355227,3.7912323183936136,239.08991947581353,1012.0703796116944,18.965916477107417,7.144462425026067,907.4779211873841,1.017686168809544,24.039175571221804,0,10.64099523860257,0
2025-06-18 10:44:20,HM-B210,37.02306608536082,38.96995254750533,4.067966539271072,0.07487568712427602,5.229056068363119,239.4380405585149,1012.3969018811629,15.69064611252486,7.907055471303386,972.9559001675083,1.0422410477910842,25.738234302817368,2,13.363684979453655,1
2025-06-18 10:44:21,HM-B210,40.147208433223824,36.88129928028594,8.170271454196918,0.04098133475976714,3.9142701466342165,265.05980292023,1015.329539415184,12.010680682125285,5.413311268091707,1095.2128611382423,0.9905188415500957,20.483908495919202,2,14.668738913034385,1
2025-06-18 10:44:22,HM-B210,37.133806994747616,36.03821749925178,7.2157189799952475,0.06153318071135301,2.459541006436476,293.22108075913883,1015.0920649823204,15.71856738467328,7.362386862634128,975.1974986481367,1.07544614609253,25.281997144524635,2,14.902891138377882,1
2025-06-18 10:44:23,HM-C315,37.607343386064265,36.109011047086156,6.060560633811903,0.046936398868423615,2.398504051421126,199.725495692268,1011.6949741649172,14.68048994526599,7.374283842313278,848.145567837799,1.027517029768521,22.012328948506894,1,13.535220758119923,1
2025-06-18 10:44:24,HM-B210,39.638842434123546,36.911609438808306,4.436883142759034,0.019821952243875743,1.9831518798113081,321.62488968622813,1011.058914680772,13.767014130198415,7.861819864806197,1101.3705102240986,0.9093399683946792,26.69282977164748,1,13.007917076516263,0
2025-06-18 10:44:25,HM-A104,37.0258600395894,37.24018098024252,4.614606451522825,0.0545863346117439,2.799006906291114,270.7788252743634,1012.8286446746031,15.374049426685925,7.434932749551626,884.8281976638993,0.9094346348881586,24.75535063096843,0,9.713129637356703,0
2025-06-18 10:44:26,HM-D420,42.341301863225254,33.02859474966523,5.545155984614615,0.038735489215818805,3.0600781772281316,263.06515422311804,1010.7900928405605,14.764117061781521,6.29629718021204,887.2962820757358,1.0064284536437427,19.097008409388152,1,10.977859425844278,1
2025-06-18 10:44:27,HM-D420,33.840729265052495,38.2725147439037,8.313695349825668,0.010283390623372926,3.3311731972743512,219.75068149624502,1011.7115526673923,14.545775665960637,5.873014186587188,1030.666953186842,0.9881403597413765,23.154971969074143,0,10.43491618835482,1
2025-06-18 10:44:28,HM-A104,34.66463071723039,31.009048874094,5.433315738708894,0.006926745571774612,4.8432389081916725,228.64291216180453,1011.9751518370881,14.795856870378046,7.710236787239395,916.39941039631,1.0110775630328743,16.46225728732342,0,11.78512605076815,0
2025-06-18 10:44:29,HM-C315,38.53489602067703,40.45696631810687,5.763238364701888,0.04766538509056663,2.9736031389801596,268.3386043221855,1014.6854428371396,12.650070861700918,6.806909907922221,989.7889831898324,0.9831957992935386,26.775473777580505,0,13.649946446260527,0
2025-06-18 10:44:30,HM-C315,40.1357838323466,38.91221824394241,1.176528400179297,0.0828269007574995,3.39669124553318,257.52585278117056,1015.091901005743,16.43371996286026,6.93717250195145,984.0096266054065,0.9699812195127697,24.659999507994307,2,12.895579309206115,1
2025-06-18 10:44:31,HM-D420,36.49801250782844,45.90450502292354,5.386368390945065,0.018474926217742067,2.301816470484545,211.24175243117,1014.69211336755,14.724530748603744,6.514123625646365,985.2081180115352,0.963266586533477,24.816733141660535,2,13.06008313639688,1
2025-06-18 10:44:32,HM-B210,34.473447073026485,37.56924225652785,2.909207799866583,0.02086057278847638,3.7075165205428395,224.13708868765625,1011.7641022948387,15.529084533286882,7.211196602160905,1065.5465068189158,0.9971435004562251,25.674635332791027,2,13.20847479265388,1
2025-06-18 10:44:33,HM-C315,41.40247396306338,39.54549843273795,4.269507624137588,0.04795592713684546,5.368666700579321,227.80893029412042,1012.8715320745318,13.268977685361673,7.142001688191948,928.5510518703107,1.0419839550449406,22.884507050028684,1,11.379272443692843,1
2025-06-18 10:44:34,HM-C315,35.01907776298923,27.197308559936978,5.070328882609786,0.013721447076988646,4.47195353502454,225.24405603540018,1012.3217116030968,12.761196978005254,6.222792997753112,952.7103674267605,0.9461895705157438,16.163906944685106,2,12.16111874386812,1
2025-06-18 10:44:35,HM-A104,37.847636127832445,39.708483711528615,4.546847436608889,0.08708097499037765,4.598385862395999,258.1438356100326,1013.3199035989139,14.256662102678982,7.816599788179724,876.6411587032022,0.9930665961497461,25.859765359380834,0,12.818557034816479,1
2025-06-18 10:44:36,HM-A104,40.28537952836946,40.882280111821316,4.0460601189499625,0.022686581205683655,4.4976552013590645,219.27983788185506,1014.1273602583234,14.942086976635089,6.629004219981572,1009.7369411328206,1.071233797289212,19.055967392297585,1,14.170521196988304,1
2025-06-18 10:44:37,HM-B210,35.89598694144745,42.523606466942255,4.059429640501583,0.030021153360941306,2.9582166982819214,273.3691987435431,1012.2853387727347,14.178049188870213,8.341047934547817,966.4738024007434,0.9129389976027706,18.72122871278851,1,12.30351850042634,0
2025-06-18 10:44:38,HM-C315,35.44468040685821,35.6023317617075,4.683427602262616,0.02390917031752047,4.00949301079342,205.44001387295052,1011.4780338663408,15.171709886013506,7.369214766702879,1050.6409887364491,1.0321261432162774,25.008811775263528,2,12.149370118268253,1
2025-06-18 10:44:39,HM-C315,35.61578064492584,33.29053311945995,4.617937372292603,0.058695216959651395,4.765170441944608,279.2856291366159,1015.3604185000713,10.694776689830999,7.130154140785871,979.460902281731,0.9895777919168708,19.906510533649733,2,10.42456223586666,1
2025-06-18 10:44:40,HM-A104,39.253878141436914,29.552426123616897,5.0304088519800745,0.08324499098697685,5.663468270321257,341.7911881325397,1014.6104522243727,19.00748123067222,5.992917164143705,1088.5013512902005,0.9609887732211386,22.67010461172447,2,11.279266392382855,1
2025-06-18 10:44:41,HM-C315,39.65036926300665,30.009820190664804,4.918282523234513,0.025935114315987114,4.936325598589874,273.3625835725853,1013.5093422757627,13.467654903510402,7.63224681183372,939.805286417961,0.9722837106456327,24.90691086082745,2,12.84180804968159,1
2025-06-18 10:44:42,HM-D420,37.08431347940532,34.87196662722142,6.918313935879628,0.057331548619405384,5.556731363135754,233.68200857348603,1011.4045516197108,12.682534465703906,7.168131311896788,968.8120886398219,1.051643388693502,24.78601198733015,1,12.245748697503318,1
2025-06-18 10:44:43,HM-A104,41.70770563267433,26.24281001398084,1.9255990340917202,0.01388186238628172,3.196516199779065,234.99301550876956,1014.2998501787816,17.286972317719403,7.336951924279445,955.5284542962407,0.9934883204924118,26.404709777742532,1,10.299488432844303,1
2025-06-18 10:44:44,HM-B210,37.07991639817532,31.158906959593505,5.367459785375632,0.05918547838880949,2.6959920076006174,216.29455838660814,1012.7458310020678,12.674268964039367,8.253530084279905,894.4752321342172,0.9462121720624105,19.799661294286995,0,10.270544575342754,0
2025-06-18 10:44:45,HM-A104,40.23083303542041,35.447610253803255,5.106514415372721,0.07516721424393782,2.3970950616607194,282.3516030311832,1009.6689663523653,15.403928539829474,7.895735543844236,793.4409572695162,0.9566736049626535,20.784632053156916,1,10.892789962171232,1
2025-06-18 10:44:46,HM-C315,35.91999598937265,35.33601726355106,4.798714477761207,0.0690471280239793,5.480479844077971,254.89062739698326,1012.2105627949181,12.674008641595229,8.091833755968374,967.9704919358418,0.9750482501312625,23.404982489737318,1,12.077502293012191,1
2025-06-18 10:44:47,HM-B210,42.83439133426391,30.15303123314585,3.941284362153657,0.042656484686824356,2.7723622024977486,195.71738419564872,1013.6876272932725,14.392222505909928,5.270561992765232,821.9336389621529,1.0433923428708547,16.85805556816884,2,13.961394309100434,1
2025-06-18 10:44:48,HM-A104,40.92532853894928,28.830683447706814,4.775437272982216,0.019343731139814146,5.774046231465677,206.39735914785464,1012.6757724064819,14.417170058536176,7.032720895136155,987.1301664054739,0.9748711100082272,18.79101262121809,0,12.890039685658492,1
2025-06-18 10:44:49,HM-D420,36.680063411178715,29.577437718069916,2.5497386628506464,0.04001542467503613,3.9648178590243344,197.28598094895813,1013.7640898487259,13.499290630500903,5.926410702988855,1042.4864016280667,0.9987612497945468,18.45069906654833,1,11.059419076062891,0
2025-06-18 10:44:50,HM-D420,40.586350521792504,33.89573920597565,5.310076838300625,0.03378221385649405,6.502511521130314,272.8730640159751,1013.699776778783,16.750139882673366,7.577677237682292,945.2390598297173,0.965429724563364,13.60122361509873,2,11.434050587091317,1
2025-06-18 10:44:51,HM-A104,40.45995122793004,45.64898571541633,5.582088752631344,0.03106617121546124,3.961657375833777,219.94518946686495,1011.3600227870735,17.834161305371225,5.69431916713719,980.5517816518379,0.9800752823078598,19.84548049309458,2,13.225727145213954,1
2025-06-18 10:44:52,HM-D420,40.88260269073162,40.30169543033636,3.9438972604753557,0.044130997044438645,4.02744377260621,275.0161597428901,1014.02608085111,13.469292596473776,8.042769549887254,983.2705085009554,0.9919057162638244,22.04619924466686,0,13.008430260710291,1
2025-06-18 10:44:53,HM-D420,30.795034160699238,36.070972019421205,7.911036563177621,0.03866907118425828,4.580363808082915,233.2539039019121,1014.1628810871944,15.261448516577872,8.45589362423352,1026.0014550181982,0.9534810086849915,22.642684187358036,1,11.469697487160808,1
2025-06-18 10:44:54,HM-D420,38.79837862322709,37.76945382671851,4.819333442377263,0.05415687716465881,4.002458466507419,273.7748841209341,1012.9542358112889,12.359893225279624,7.052854968739237,942.1330099028024,0.960942583330963,20.158351989536197,1,9.041384638088958,0
2025-06-18 10:44:55,HM-B210,38.355746923264356,40.07932436940071,5.066109234940087,0.054286894295158664,5.0016804196572,242.27914033271534,1013.0222683531631,15.211548356504572,7.473824740473447,853.3198661768215,0.9739267358554157,18.563068332368577,1,12.9593649201581,0
2025-06-18 10:44:56,HM-D420,38.17768320235863,38.37809325464495,7.003672496825233,0.0387440287182455,3.2463360646105333,278.49520816704967,1013.0151078205728,16.64210080040567,8.441611645199433,809.9311537750789,1.07508265316671,21.52032178987116,1,11.988006665325274,1
2025-06-18 10:44:57,HM-D420,37.545866083494744,33.45895013286371,8.213185204802334,0.04864514569201257,4.7236012411440775,226.2354513001803,1015.2690949563008,15.225278056357865,8.870792123959559,922.290265850387,1.003035954345134,19.966177506451285,0,15.098829948327957,1
2025-06-18 10:44:58,HM-D420,37.61952819878631,30.772058967142307,3.3149908791062344,0.06642770498810682,3.598985842522095,227.96171593555357,1013.5738731872871,13.866909288174483,8.549047913228643,819.6069734320665,0.9552273473066035,12.557552982506554,2,11.986921312413644,1
2025-06-18 10:44:59,HM-B210,40.207850763245204,34.37362914637231,4.134256281689989,0.02936798891366362,4.253348747832927,236.33999533041202,1013.1874492849324,14.487929890535531,7.631059956132916,953.0284036366222,1.0421898205323408,18.540322000367404,2,12.463045897837752,1
2025-06-18 10:45:00,HM-A104,38.34868343423343,40.0212083345596,4.845984246510653,0.040317852838958515,2.849800212475083,275.01275420250084,1013.7052444831596,14.036742394064635,8.49115628456636,970.1161340992552,1.0448506552048669,23.22906745624518,0,12.180985633670605,0
2025-06-18 10:45:01,HM-C315,37.54226610933091,33.64804412277879,3.885690965534567,0.019432895603347634,5.546755264044702,217.533227526796,1013.6733833507966,14.578279967446699,6.427537551166475,907.7878473589047,0.9541893782997624,21.960951210807202,1,13.156181624068138,0
2025-06-18 10:45:02,HM-D420,39.848452537089045,29.47662185431175,6.2691687820257584,0.04959728263403804,4.072996650791687,232.70225102802726,1012.8517180410998,13.694471960278394,6.6525896979128545,1009.0573863113314,1.0812510797896784,22.763863154801005,2,13.094462425640836,1
2025-06-18 10:45:03,HM-A104,38.045065446029675,26.38276003612839,3.7205257459232493,0.043970156025954325,5.599290117716279,242.50178012362255,1010.9971624575654,15.346041730282606,7.948569818564,962.8433592260227,1.0191612559952157,24.461671984781812,1,10.82270585994498,0
2025-06-18 10:45:04,HM-D420,38.28392106838345,34.39484619160894,6.899904745319951,0.049217391920618886,3.615648891825961,261.971955618832,1013.1630729030792,12.600320400811047,7.221859948590639,897.0026421258494,1.0209899652786705,23.090218715867675,2,10.504109683398053,1
2025-06-18 10:45:05,HM-B210,41.66759277202807,29.87178878731079,5.93547087396121,0.02022281594953645,4.489127597773091,238.11354528166714,1013.8861654216819,9.424314261649329,7.739888933854685,913.5805396588116,1.0180518426760334,22.350444845172763,1,14.154182367144072,1
2025-06-18 10:45:06,HM-A104,35.913798218625885,32.81742056811866,6.746064779275976,0.05531131359795473,5.611126986604886,267.3289217603792,1013.4360020093328,17.13098594897516,7.932489499891329,1057.9967315221984,1.0168827040815196,20.381296934734973,0,11.79607636343752,1
2025-06-18 10:45:07,HM-B210,33.21072415399689,42.28116264426661,3.72724410023247,0.042040457419907605,3.0894159181417264,227.56544509243835,1012.2525525312392,14.883477861240962,7.94476929483202,813.9332848226911,0.9942331396136602,19.2653819853201,1,13.320296056554847,0
2025-06-18 10:45:08,HM-D420,37.18090877747699,34.7307514437653,4.424758376120677,0.06058995657849581,3.4412080662760056,279.6702917345229,1012.7068430505788,15.23672914058881,5.718689222284158,930.7456564409931,1.0324812903281528,22.249343049044562,1,11.9840368048169,1
2025-06-18 10:45:09,HM-D420,37.53635836239241,31.247696126256113,6.346978321676108,0.03124532136749309,5.47268417879442,272.69538760859166,1014.4894072812239,13.5017419145615,7.745046500647981,965.875891850226,0.9834856324705625,17.904677626563938,0,9.698297079699529,1
2025-06-18 10:45:10,HM-B210,38.803822573642975,36.543756404959346,6.074889784250871,0.05364821112200099,6.116920198020799,232.81417080785667,1010.4715449222261,14.139236566261077,6.6946350887345645,901.3949992288709,1.078671808631141,24.831163890956127,0,14.594479299296244,1
2025-06-18 10:45:11,HM-C315,37.268289786654904,44.60477333540125,4.569711858570489,0.04890062881114615,4.519452565996543,271.61781678629063,1011.8843785089398,12.868072413034577,7.404415445247798,892.2181025308746,0.9003491088887956,18.18999968219695,1,13.68469056858538,0
2025-06-18 10:45:12,HM-B210,38.887798109931396,34.39651875796487,4.783201303470633,0.07049301730581678,3.3365165304749667,217.25228766234284,1013.1976932403987,17.354601817043594,6.844108922830012,1038.358766542462,0.9545016131902125,27.599215917413012,1,13.316975697263198,1
2025-06-18 10:45:13,HM-D420,43.261541700678926,23.222368486740145,4.348478078270218,0.037673802045242816,4.118482849080428,254.85292360721834,1014.5594594220568,13.996250397450904,6.861853113643599,1113.3431005879938,1.0177672504803819,21.779492787394123,1,11.072763395823532,1
2025-06-18 10:45:14,HM-B210,39.00378579719252,38.2503828826299,4.7428339632844585,0.028902473321706083,6.863621810864936,226.30955091246466,1015.7221776242159,11.910515849358127,6.7038663991622,923.2497219699528,0.9960247673108165,26.56178551397795,2,13.569933034488729,1
2025-06-18 10:45:15,HM-C315,39.44328825262867,36.73215030463419,3.5519891907099224,0.030124270800433506,2.899733988458128,259.39942914295415,1014.3342595892382,16.35137559318112,7.8074923463548345,952.0372752133901,0.9748620613110383,17.705594212808915,1,12.911558979544601,0
2025-06-18 10:45:16,HM-B210,36.67617148069392,35.45061177747863,3.3001738201075095,0.017833599519882327,5.133583200665804,244.90547398737922,1012.1108470149696,17.270205029572598,7.065615282995707,996.4175719089371,1.0087492733040477,28.583079057340967,2,11.429418754856734,1
2025-06-18 10:45:17,HM-C315,33.53685727623174,33.90411370669516,6.508145773420135,0.029938563376288273,4.650625650112125,227.22703852382125,1010.3573054409023,14.634891490345817,7.0007639887757565,868.5156080427382,0.9392723924605384,17.662956701869263,2,12.094823035464394,1
2025-06-18 10:45:18,HM-C315,31.254721032175638,30.96363912557609,4.691893354875017,0.005,3.1123389724592894,202.85518245968518,1015.80193845803,18.019476555228874,6.934211683827398,955.6159405163446,0.9481864809999213,21.784558550421263,2,12.392578898978153,1
2025-06-18 10:45:19,HM-B210,35.703298544660704,42.57487111966928,6.726991611321052,0.06737532559186885,4.123463154914525,243.51522928660825,1011.7375883770635,15.588779427059217,7.669887011325871,1072.6846721291226,0.993643930623767,16.785198500547992,0,11.617986441692597,1
2025-06-18 10:45:20,HM-B210,30.549070860087202,25.80845332645476,5.893977202579118,0.07868095698873681,2.3345230358419506,285.7911864161046,1013.2189249357357,14.749548278884435,6.516326703926361,1140.6813431164094,1.0191949032791876,22.084436623634467,0,12.970941391925773,1
2025-06-18 10:45:21,HM-A104,38.28387256254818,33.4551945959413,5.468015768910074,0.03704829399621879,4.845864574106062,258.52691980730054,1012.8246355264872,14.816070375479903,8.47175935796271,850.1512773147058,0.9641717372780874,21.43890321917521,2,13.794492145746279,1
2025-06-18 10:45:22,HM-D420,36.04295753893786,33.33829914207063,3.934667389392325,0.04876202790590989,5.019622950120646,203.08508546212903,1012.8963587991236,15.998293989063098,6.675936518489985,878.4157700287553,0.9100822397915732,12.85031220177157,2,11.808870086620328,1
2025-06-18 10:45:23,HM-C315,33.71656283381189,39.26720901198597,3.183830339002994,0.04328018217706753,2.860599257630416,242.99265864933682,1011.2508061724125,17.155359441002354,6.849771150418273,915.4406405298041,1.0114859038151474,22.579521546783035,2,12.339025609039625,1
2025-06-18 10:45:24,HM-A104,37.327185299871566,41.17830322691872,4.314636921909281,0.013738813572091182,5.167956190539762,285.6532359230474,1015.6941276826814,16.04054070150564,7.216948507886942,920.334522175321,1.0242816396552705,24.081182082349894,0,12.332881958761243,0
2025-06-18 10:45:25,HM-B210,35.15341951589549,33.86633094986254,7.297876111135327,0.06052519062900216,3.701838807856233,240.70474146281722,1011.687706413988,15.52149707032589,7.579007291219903,1036.6936871582752,0.9454319322294286,18.566477689457216,0,13.74587094271277,1
2025-06-18 10:45:26,HM-D420,38.126940634126925,35.96482926134343,6.33343529430075,0.0635090097767435,3.5931562618017265,220.81253693900857,1013.2379849169924,15.142031520899366,7.053058061067555,952.7332485357132,0.9803712750546818,20.863128067573996,0,12.775625143499594,1
2025-06-18 10:45:27,HM-A104,38.76906582455626,36.3899340723862,4.174379019252904,0.01918032698090409,3.3295823557236206,302.41908284035776,1012.3322871296322,16.402645653127276,7.012047559418875,1030.1708522060385,1.0454945368091646,21.113252599839992,2,14.045743999520873,1
2025-06-18 10:45:28,HM-C315,35.245414592528896,40.26663119704792,4.331659653893688,0.04659778840755928,5.293950967963452,217.5791448262302,1013.9205325376712,13.72525892358864,8.06588502662092,969.3331427081937,0.9420583956379144,28.612759687202715,2,11.516099605967424,1
2025-06-18 10:45:29,HM-A104,36.40679704727418,40.163652236815324,3.6063657791142676,0.03474477444282713,2.491391475157395,243.21230591560683,1012.6861656742734,11.982774820985288,5.382723221109535,940.9088342395894,0.998374835125006,22.79431960715681,1,12.483768885652408,0
2025-06-18 10:45:30,HM-C315,37.53723938459555,32.307932277505344,2.679371581198704,0.06379844012489,2.592780929320466,231.54827647168634,1012.5302715217206,15.370993655857621,6.7389364609546165,985.7469846249508,0.9667547692806455,19.813395008231204,1,13.364121715378241,1
2025-06-18 10:45:31,HM-B210,33.48239446614394,37.189507007181554,5.152400019956791,0.03834248888629315,3.7894080401146706,269.5856001675747,1014.6307711866125,12.976024441315326,6.539943265491977,767.7792017437432,1.1092245901061015,17.61237362165232,0,13.55511843221562,0
2025-06-18 10:45:32,HM-D420,37.53701880719254,36.91625896236432,7.58761611457459,0.03888414034972275,3.8309013445349605,264.4431088584069,1012.5148490989669,12.014326276392232,6.8758945820926165,923.8134083864371,0.9386451306330568,15.156899937559494,0,11.93482649723234,1
2025-06-18 10:45:33,HM-D420,33.42245337980151,34.42045026575065,7.6064490501633255,0.07641757638906366,5.251936507958257,223.13999274469893,1015.116427221708,18.237625066099483,8.314306105535856,926.7489159156221,0.9087880625571702,21.499899034536472,1,12.449764176555808,1
2025-06-18 10:45:34,HM-D420,38.41429244888217,36.8689086701608,5.9118559396679045,0.014291687183910023,4.390632908850465,229.00998195145112,1011.1498496556869,8.354140786669126,6.653973493046415,838.6085605850176,1.0303124762983196,22.467231799725052,0,11.268933474149936,0
2025-06-18 10:45:35,HM-B210,35.9120908434295,35.10093880938113,4.095991339326311,0.04496100861573066,4.39268813029789,254.1668251208093,1012.6259225437119,16.24863880044916,7.124688310069434,1057.492775624649,0.9837169533222787,17.15980806314122,2,9.603252720011206,1
2025-06-18 10:45:36,HM-C315,33.40864316488941,35.78945299557243,2.8257796864041884,0.0417730166315738,2.5562255922404726,256.54725386094265,1011.7104439714074,12.850071437158407,7.6381834529961505,930.3864046369129,0.9484731617870623,16.332826531781095,1,12.030963324170225,0
2025-06-18 10:45:37,HM-B210,35.550066002147936,28.219968441437505,6.5705932784640675,0.027927717712378015,4.2235609070661315,243.1359534564685,1013.0462059840398,13.394820766080034,6.57295102043625,979.4361222977159,0.9754166125466575,23.888162390137577,2,12.037063303506402,1
2025-06-18 10:45:38,HM-D420,35.65581354701639,30.410193139656855,5.670825202335653,0.08079642672439004,1.6105636566658337,240.77919563051316,1010.9400675162985,15.864025653663958,5.370051316015581,1019.1908506643631,1.07579561453131,25.91212938600542,1,11.870004518132147,1
2025-06-18 10:45:39,HM-B210,39.67130220846736,39.08877754786596,4.525657740034216,0.04673097379571104,4.784949206324119,213.1413625952308,1013.9293043131789,19.655438640401776,5.153218306877589,883.3973518067867,1.0001500320889933,20.843159406623922,1,10.878953388818635,0
2025-06-18 10:45:40,HM-B210,37.433261748214484,28.947060615904405,4.275061846531591,0.05343546189225449,5.31275007827167,305.5077585631709,1014.0787343201997,16.402244716197234,8.265669998398273,972.7901566133596,1.0732360663937235,24.03207328650146,0,13.345396427473418,0
2025-06-18 10:45:41,HM-B210,34.60930635608717,37.35054604597847,5.900654866438764,0.05629207966621269,3.564563663745051,269.1518745279849,1015.2593019834609,12.960678465346383,7.562777474453992,819.151884204777,0.9380276032625692,21.588157210221212,2,13.535060202615998,1
2025-06-18 10:45:42,HM-C315,41.122665718001215,34.592870094872744,3.760067723229279,0.03358291337155955,4.950405776506653,250.17705316852863,1014.2711157390869,14.909022932359314,6.937863542335338,993.6605536491685,1.0543563431796665,32.397680391629024,2,12.403646558184825,1
2025-06-18 10:45:43,HM-A104,38.56622600377639,40.153273646649154,5.358848250350063,0.06483528499220735,3.9731451860362395,279.2860366205551,1014.2541310501673,14.423111333358714,6.926268815788843,905.7764563954439,0.951576542092254,21.668220565143113,2,11.282388477413033,1
2025-06-18 10:45:44,HM-A104,36.15919407855085,38.24400271048343,3.1702673798587346,0.06081068890547106,5.978538314342712,243.87975547288275,1014.0210836321039,10.853436324557043,6.51981604628935,927.6017973864543,1.0613420970584753,27.50330362627076,2,11.633005911164165,1
2025-06-18 10:45:45,HM-B210,33.11541453576245,32.73360414771582,8.342767379657342,0.03755799219739699,4.773616475047282,225.56720106270618,1012.6729204254057,15.11546900747048,7.329054459152765,1039.7533548396982,1.0572592050002463,24.26257571798856,0,12.456194358038255,1
2025-06-18 10:45:46,HM-A104,35.938516051299516,33.88375826064225,3.9694289215875576,0.0587653361931655,3.2536323472883364,260.37961248724065,1015.4283265111976,13.654168305285538,7.778416437807578,1095.5059534920147,0.9502580458583482,19.831210566980168,2,13.776212240724924,1
2025-06-18 10:45:47,HM-A104,36.44871728835582,25.072310927199574,5.972598434411699,0.06479871811269522,5.90516687406177,254.1701886085956,1013.8314877945691,16.47853635948482,6.483730822297171,892.3883159514759,1.021117229297785,24.358378205378653,0,10.509904020288383,1
2025-06-18 10:45:48,HM-B210,37.92258082862564,34.348009424036356,3.20296753049757,0.05590190139458094,5.492420681255327,300.45458595252353,1016.7107156805654,14.383497669866168,7.406711612582326,881.9912252917044,1.0103448817963292,21.769530492966044,1,11.667430513572345,0
2025-06-18 10:45:49,HM-B210,38.51814127414914,28.649256286979046,4.755120261350925,0.0232956081867368,4.005427758236584,227.8879439003381,1015.630645376031,18.093076384593807,6.509198373223095,1005.160282750624,1.0468057487358775,17.922653523594143,2,12.722061263436752,1
2025-06-18 10:45:50,HM-D420,39.01645523852684,33.90646820995722,6.326927835145131,0.03815290547629998,5.094614828659708,221.11596355824142,1013.5199194753577,15.704953750211674,7.126856589163462,1001.4069904081686,0.9433693881784833,22.36672629934097,0,13.633670143095983,1
2025-06-18 10:45:51,HM-A104,32.97133142290363,31.810408830220652,6.651433070936013,0.04950740867707169,5.0754330104025245,313.0372333440933,1013.593393758779,15.426809193431456,6.7510872673819184,854.8708444053885,0.9796728402063843,20.280634675540284,1,10.5199877019195,1
2025-06-18 10:45:52,HM-C315,37.52126205290811,30.616853990552595,6.144932394654377,0.045042410033054696,3.98927383924577,285.53578119881735,1014.248003359368,18.93047745293384,7.927352995894476,948.1257645483828,1.0024005301668604,21.80206385922079,2,11.39404243340389,1
2025-06-18 10:45:53,HM-B210,36.60096043687947,40.93862256060107,4.7926335060154095,0.025096543903896783,4.578776850182936,269.10094410780215,1015.3757036106988,15.600587393871638,7.206084869730419,948.282322520727,1.075234627484414,21.719000433782984,2,9.01312488490855,1
2025-06-18 10:45:54,HM-D420,43.694943190424695,28.61894551496473,4.00107350584171,0.03426873135337089,4.793427056823425,229.49302939247835,1010.6976070379395,18.287634501139966,6.279052579021251,946.6597595015595,1.002985103803506,21.112214726335736,0,14.464008839850706,1
2025-06-18 10:45:55,HM-C315,37.16173609774093,30.184674432940774,3.383484322221291,0.04703733239947641,3.6892392834815526,262.53167232174485,1014.9686182381953,12.738712094195463,7.133761549926066,1002.9080771572192,0.951452237894992,18.184785973004477,1,10.838526471922332,0
2025-06-18 10:45:56,HM-A104,35.443367003846575,31.508944783049603,7.255697881656689,0.009815708290066505,6.115853355932526,211.28311679800197,1013.5598347385467,10.965174920840266,7.989704416419535,1071.3251718020106,1.0160517602864343,26.882989396650785,1,13.244270770493337,1
2025-06-18 10:45:57,HM-D420,37.275922141792286,32.594409705647045,5.155056859982938,0.040386603892155384,2.1273438827128897,234.59787592886198,1014.6204625223091,15.448812842393922,6.233673943292258,931.3731698265483,0.9492433520841042,21.709884035650905,1,14.643848295100234,0
2025-06-18 10:45:58,HM-B210,36.97857927997308,30.616107442642278,5.4323588406328485,0.053932894492677075,5.312329215753083,215.09610255888163,1011.9210797853069,17.40106219501985,6.9799602939950605,1093.7999072660489,0.9156844671860577,22.885154456029127,1,14.606587453177951,0
2025-06-18 10:45:59,HM-C315,32.02740173212246,33.20425753846854,6.748054780649163,0.04565876070921739,3.037962547494791,227.40877332170615,1011.8534174295631,12.706566813032111,6.881835519061971,940.1463174759881,0.991917093129777,21.207190993851583,2,9.793806535676694,1
2025-06-18 10:46:00,HM-B210,38.020761158544595,36.51077158409432,5.880096925332555,0.02285042581144372,4.207761759489357,214.25882888882353,1013.5090316672523,14.12128940452893,7.367926292733879,1080.757736663833,1.0138884044562695,20.37732875874501,1,14.022171469120293,0
2025-06-18 10:46:01,HM-A104,36.22360477330354,38.34929379014483,4.8088741203535506,0.026369755240770898,2.5821534165927194,270.87709658471897,1014.4642508852775,11.647657487614122,7.030055359418632,983.9669885040723,1.0096393414392795,22.794980971597898,0,13.72233616326743,0
2025-06-18 10:46:02,HM-C315,36.9332719620987,38.10653978705126,6.11660517257077,0.06973990465332226,2.917170558180798,303.62263156604956,1011.1527295249513,14.93714716788295,7.492961370448642,1036.8675555602417,1.002673789952511,27.624981896801792,0,13.941165951138274,1
2025-06-18 10:46:03,HM-A104,34.81607866527361,25.45898710834468,4.066180477232419,0.02124706393186693,4.395502793798022,279.2889910979554,1012.4019772232681,14.975879470733105,6.626950013161095,1025.6645417912932,1.089283186948107,15.765862323421082,2,9.190297781674442,1
2025-06-18 10:46:04,HM-A104,34.26521442446941,36.900979467557185,2.673287783777507,0.06371335679450799,4.587287382048094,272.4744253537662,1011.2034333983682,16.21855521577165,7.061558645699901,885.0161508666827,1.077565723764964,17.637111821999387,0,11.60995371915106,1
2025-06-18 10:46:05,HM-D420,39.19720583518911,37.20949246356563,7.117763363026775,0.027573694296345472,5.771760039376378,239.91437771661572,1013.627231064838,13.997098239668825,7.035526018736675,979.2094182834177,0.958786537344687,20.685229243756652,2,9.951111808231289,1
2025-06-18 10:46:06,HM-B210,39.77114164110706,31.688004281444123,4.191194780399332,0.06260348212078466,4.021109813201811,255.7654847510452,1015.9903653892592,14.469637960835797,8.632343137508606,876.7439661336759,1.047165466371386,18.849153522215605,1,11.782749843388876,1
2025-06-18 10:46:07,HM-C315,38.045246513593085,43.338421031535695,4.543565055923973,0.05082207942580035,5.239686549093214,217.8328658045455,1012.4974299543125,16.256407496012148,7.450273671793682,941.7774059669492,1.1130962009932481,30.06195006123633,2,13.711873837495787,1
2025-06-18 10:46:08,HM-A104,32.47300599860091,40.43833115907294,4.675874862310716,0.03303914067230869,4.487686411132652,211.02464779136912,1014.1765401110542,15.431556545933573,7.875669157058944,858.469204518396,1.0879126817873643,20.608162121503625,1,15.431259367117864,0
2025-06-18 10:46:09,HM-A104,38.207658398153306,34.08487808429478,4.096691960423584,0.005,5.193513871302397,206.4133602685416,1013.1823357037938,15.809905696206176,8.673034862836683,933.8590100777843,1.0503982892711592,23.89888689794948,0,13.779100316720607,0
2025-06-18 10:46:10,HM-C315,32.510158621658285,32.02015847365884,6.652000792262898,0.04797135401979581,3.189670552441692,213.39587355670432,1013.5533819760877,16.705028332031045,7.401391152120759,954.8636150310549,0.9933009294327725,20.86308428375438,2,13.10366308530584,1
2025-06-18 10:46:11,HM-A104,35.34706091292934,43.257222304714794,5.561684290312941,0.0436312627327058,4.60656936223633,270.6152921885862,1012.1056503501816,16.4660449271999,7.016537570249203,881.7547852062276,0.9347721776493624,11.854085804011534,1,11.731684817335307,0
2025-06-18 10:46:12,HM-D420,39.1638961218931,34.90493131070273,4.544319650303801,0.048278255577971704,4.947862818297231,273.9029887748106,1013.9821028787986,19.220215841004432,6.410219120164639,949.9461202340833,0.9519306126365181,20.373864606414276,2,11.66926327876773,1
2025-06-18 10:46:13,HM-D420,38.64399620426123,35.42518528830203,3.0864966784475834,0.050788029803444254,3.9040437759470494,222.95415557169136,1012.6981814065343,15.889807100527582,6.213546158350443,1014.3249335260812,1.0264161309980446,17.317883769186814,1,13.13055963671818,0
2025-06-18 10:46:14,HM-D420,38.14241841133367,35.36228298562924,5.4556967230411315,0.013717458758514076,4.957124070667406,258.807703418784,1015.6875500894824,15.896013532950526,5.473435962117096,871.6595229348644,1.014721533701479,23.32350714378212,2,12.329749847152293,1
2025-06-18 10:46:15,HM-D420,40.28225663479946,46.515522356079906,1.3240854836329548,0.04786543613823073,5.071141851283117,284.25869481607367,1012.2336601711435,14.391646165183776,7.907757576316444,1021.1257414226859,1.0034329096677932,20.80511114902232,2,13.361166118928129,1
2025-06-18 10:46:16,HM-A104,38.40003786851982,33.917423679464804,5.349119042854169,0.054850813492007676,3.878603770554737,245.4426970821798,1014.4681533203317,15.125591698790883,7.566022798974315,1023.9531853429621,1.0455039337982894,18.93674020515117,2,12.299669959916507,1
2025-06-18 10:46:17,HM-C315,31.952451937397793,34.88179011600592,7.014770667283097,0.05461485375667736,5.430512798108227,227.69919990105666,1015.9604042170849,12.433113868612025,7.013679163777505,873.8174949008437,1.0584960539708612,21.544486580664145,2,14.689635683009218,1
2025-06-18 10:46:18,HM-C315,36.0761728843591,30.844686685005705,5.09683761432358,0.01493886752315082,1.7364816290656133,237.50261047791767,1014.783022182551,13.763142895133736,6.9933788401098465,740.8241250116263,1.0584252851704503,20.288090235318307,1,13.999745758458637,0
2025-06-18 10:46:19,HM-C315,36.89597885567235,33.0525027886818,6.809490955589045,0.06308597494086508,2.20155854880337,292.9263535756929,1011.6463727811035,17.256561460713932,6.399669639849245,1037.2104946035747,1.0368171113597322,26.084232535155508,1,11.226419499687488,1
2025-06-18 10:46:20,HM-C315,36.60314568307657,29.84303902856751,3.1562336416433694,0.048573989780269056,3.2589369832627035,247.91379323535966,1011.5039765181494,11.89848829585581,7.596468906511574,930.3826480648164,1.025866212557703,24.243946230833657,2,13.64641059423867,1
2025-06-18 10:46:21,HM-B210,35.457162062244024,30.94633373483439,8.05781209293324,0.05111095945508549,4.837619871718721,314.07168271577007,1013.679933829462,17.7924036294071,6.718437968271607,950.0232234230444,0.9736718435507752,28.928767403499574,2,12.885078483148765,1
2025-06-18 10:46:22,HM-C315,34.42460966634101,25.95024171096135,6.645928157812523,0.022085998797698958,3.594035120917436,229.97297498391904,1013.092755119081,14.399550371431651,6.98957419599766,1111.7358541243761,1.0042694625957784,24.888530094868997,0,11.415112490611573,1
2025-06-18 10:46:23,HM-B210,43.0018624236483,39.407622854893845,5.713948793267336,0.055141843687209924,2.8947004779547285,234.81585231843957,1013.7732089424842,13.182484190891739,6.31191510139752,983.9942759638197,1.0179791084897918,23.957905319263567,1,15.605178017114667,1
2025-06-18 10:46:24,HM-B210,36.028137936985544,35.78373168792957,4.1024083176646045,0.005521719043399216,4.393704476342252,207.83990442513107,1014.7928623564204,14.447170797820938,6.451591406299992,987.2141575805464,0.9973312459005038,24.388006983316174,1,12.956766815174557,0
2025-06-18 10:46:25,HM-D420,42.87900513343613,36.1955464614041,3.8532168447581756,0.023036062571909415,4.620445167269939,282.1716637698214,1013.1310865539716,16.181033840678193,7.945122724145244,949.3446791236222,0.9204701861836226,24.93640249808109,1,13.028792342759786,1
2025-06-18 10:46:26,HM-B210,34.146773988109864,34.737808467335654,4.893638857406931,0.06533168565065424,3.7361195745335705,252.8270523518196,1012.0567764843008,15.17622469480642,8.090036930257762,934.6423130187397,1.0160295855850963,14.800513973474295,1,13.68514134597828,1
2025-06-18 10:46:27,HM-A104,38.64265017189752,35.35883008758671,6.804167343988347,0.054171888759540335,3.0786315684783885,222.99338428452526,1013.3112453071693,18.821621950500038,6.210171163672927,944.9495363837509,0.9971151423342678,24.07296478607606,0,13.353041433127938,1
2025-06-18 10:46:28,HM-B210,37.574103540974676,43.095695356252186,3.0267187536924856,0.045830161769921905,4.508518080213071,239.24120004872034,1015.2790060657014,15.870514323347376,7.675484415861021,938.0098170080817,0.9930943705041526,15.614214988920388,2,13.97164498398544,1
2025-06-18 10:46:29,HM-D420,34.69512618233735,31.156136040826297,5.015615764912547,0.05887427754451849,5.453926714770767,264.5637441972616,1013.0535189256369,16.020943312419668,6.608082826944329,815.1878933820444,1.0286832090327092,14.3524551979513,2,10.662902430214395,1
2025-06-18 10:46:30,HM-B210,35.83110722544829,36.39178399139591,6.101330407495676,0.06026385347894295,3.042902051692067,225.19544846643095,1016.2273850759365,16.079201125239056,6.801137401359093,870.1470736232621,1.0276539077333975,17.551068000180027,2,14.60644478032,1
2025-06-18 10:46:31,HM-A104,36.962174826597575,36.364955714125045,6.39402322590133,0.05515830356295168,6.397151603858184,260.26801159728564,1014.3277017343069,15.276517706305146,8.160724299019659,945.448601111675,1.059686131485548,23.01502949264046,0,13.09011640213999,1
2025-06-18 10:46:32,HM-A104,34.88970845708469,40.70994614197879,6.096854751592549,0.03565144108447596,3.820049486903696,276.9841378650707,1014.1848177886352,14.510197192247402,6.971077629329317,1112.968495902874,1.0295651367509813,16.7987677646304,0,12.8687421838988,1
2025-06-18 10:46:33,HM-A104,36.359648514911434,37.19327406276876,2.8736097111969316,0.022439069190686185,3.735966951775646,236.99356939202903,1012.1819287681108,15.20439533737739,6.964455615063678,838.9539449979162,0.9808018827112901,24.033581147007805,2,11.381410256185658,1
2025-06-18 10:46:34,HM-D420,31.087743936523463,37.44459422413675,6.697666826781429,0.026731741514775247,4.661139349981193,194.1537138684928,1012.8121897200095,15.457833904104948,5.886748003983584,908.4660941439101,1.066170013912875,28.542292236382988,0,11.146857374947878,1
2025-06-18 10:46:35,HM-D420,38.77878997567185,28.708652147300718,5.100790484143546,0.06821175442056307,4.623950368631747,241.88691058824446,1013.7834862013509,14.892089009401726,6.929650746045551,907.6693403968254,1.0751911697390293,20.76840795046762,0,11.11112412145186,1
2025-06-18 10:46:36,HM-C315,40.06787918530698,30.95548824147509,3.3716072660405745,0.014490027658800905,1.8192642031078643,234.8845701232665,1012.9554292227558,17.512466072015844,6.699553042637304,1005.2631156371041,0.9989498762642074,22.81224367290347,0,11.776501250738544,1
2025-06-18 10:46:37,HM-D420,38.13590926874665,29.165557979682035,4.96374768898942,0.04981646808291909,4.370198414176374,212.63858521944405,1014.8915134861878,17.306421479904284,7.567280617947062,957.4635775723152,1.0624578531359952,19.190080334889156,0,12.588932423486867,0
2025-06-18 10:46:38,HM-A104,42.66064531984445,22.620641012559723,2.062002285031566,0.04984718249951982,5.19359849248136,267.60305718283195,1013.3199924520331,12.632182072137326,6.76623288046907,898.5645585656051,1.0081703085721603,17.09886016231053,2,10.472651014667239,1
2025-06-18 10:46:39,HM-A104,38.705240568999734,36.985996680538186,5.867447034515402,0.06936114266325914,5.733509136993175,268.76987210008105,1012.1152853474925,16.93785565884062,8.17897248671719,1042.3356460464706,1.0574808411113723,21.22164928137552,0,15.148534342520284,1
2025-06-18 10:46:40,HM-D420,39.8570240969439,33.69185580045993,4.808435800192925,0.0497911828237424,4.361084597128823,256.5461791908337,1013.5294271481037,14.961761339084273,7.516928980582433,870.6100190243176,1.066178298376483,18.882366041973633,2,13.253200270392137,1
2025-06-18 10:46:41,HM-B210,40.09590708127528,36.995358442898464,3.094826515631254,0.03153552534466353,4.0726915416960185,236.9954415168033,1012.5183443144344,14.390229244806292,7.357661819825508,909.4044876302071,0.9683538465097183,20.153747756850475,1,10.922007879064978,1
2025-06-18 10:46:42,HM-D420,30.122466608535913,35.177446402677504,4.564885090486168,0.03185048825244198,5.369617312030158,254.05364457507753,1014.0880078568769,16.418975747342664,7.762115044760441,861.0683967149528,1.0699932972330297,19.07752254141076,0,13.96613959993681,0
2025-06-18 10:46:43,HM-D420,38.05918299687391,36.20218157601805,3.9388021714347854,0.03988438765062119,6.650124349279327,230.4972789365963,1012.2928958792255,15.569715905473188,7.36052342656556,1029.4191211601346,1.0022636865012131,16.64046150394808,1,11.737466219128413,1
2025-06-18 10:46:44,HM-A104,33.54266262420805,41.69057705885851,4.034624271576187,0.06265338506660087,4.612248865192198,270.54258023757615,1015.8483460955485,13.207109182719067,7.781849902703825,946.122859648864,1.0194928218211754,21.528728191227938,1,11.340719971198713,1
2025-06-18 10:46:45,HM-C315,34.04774137107299,35.03647544637977,1.6084506259102485,0.056130397174985996,4.281108739845457,236.87241423414017,1010.8427934815422,16.61392295704424,7.0821934117538525,893.0510573058957,1.0555979036812089,14.291775983893709,0,14.444771684052286,0
2025-06-18 10:46:46,HM-A104,34.482566820495215,38.34494609051913,2.4917548699479966,0.0182857739821948,6.00823639133623,242.43707369833575,1012.5885907139926,14.82773296545787,7.129429501930241,985.6826686319812,0.9871288955522282,24.021193259466504,2,11.515430055994456,1
2025-06-18 10:46:47,HM-C315,36.21821049995656,33.48878156982962,4.655451512964378,0.045573256506097067,3.1442525545112643,244.93589633105645,1013.3656564584344,16.58050688747626,6.556090233352651,1076.3077603318745,1.0496047270172715,15.239956848598455,2,12.576168792852027,1
2025-06-18 10:46:48,HM-A104,38.626149901844244,39.12394060006129,4.3973741074829595,0.056505268679513804,4.575178379373446,348.0166052875544,1012.3683990674734,14.971149030630116,6.628886981212996,769.3139461727194,1.0083466594233197,19.626571786132715,2,13.864007101011634,1
2025-06-18 10:46:49,HM-D420,38.08497456251676,28.801811726401098,6.46096724272059,0.03525649228821663,7.389182191028201,219.41008375144744,1009.71467732808,16.60828779015072,8.240329269118238,999.2778350264317,0.977285799064433,26.67229225745308,0,14.271517050937497,1
2025-06-18 10:46:50,HM-A104,36.968546542956005,25.812218992500235,4.052325531994282,0.005,5.044054424378141,235.88687459228194,1016.003794282841,16.894415787683467,7.57325233978367,1088.6954090378033,1.0321712428681384,24.860564234947134,0,12.883630369246484,0
2025-06-18 10:46:51,HM-A104,38.806708603014904,45.53330235832218,4.209528020523096,0.03607053766112211,5.4201394187958805,201.93522225822227,1014.2477500482612,17.391655543168547,5.968661521962718,1074.395911951504,1.0626286071748168,21.993830560995786,2,9.907943028026423,1
2025-06-18 10:46:52,HM-A104,38.958715803980255,44.18152076156622,4.27964012626004,0.010297005994738484,4.105561487272466,257.625657369622,1011.273038333374,13.779018960843105,8.046045372726295,930.0135091101133,1.0052770662304251,30.766904855721563,2,10.899825550381879,1
2025-06-18 10:46:53,HM-D420,38.10656047308336,25.272427517768108,4.704455411301358,0.007130901120067375,5.203563084798913,301.9345174259342,1011.4881368916575,18.655112598483054,7.300300294964855,957.7075092499299,0.9493185656262719,22.374675952597133,1,14.671995437055195,0
2025-06-18 10:46:54,HM-D420,32.688738034813035,34.81943337011862,5.137196100535951,0.06130331798059889,5.959033345133588,243.1278807029949,1010.9480612921108,14.716301637509668,6.565842076783515,966.6423044200085,0.9838897921659278,26.231358524011146,1,13.794236378365195,1
2025-06-18 10:46:55,HM-D420,35.15166802660819,35.74958171539321,4.39050858375311,0.09042061252057268,2.6829884936178514,230.7329951787381,1012.9374984701556,12.605533779806507,8.628459924067405,929.3628796018904,0.9646641897335253,19.494853208733655,0,13.48408423012511,1
2025-06-18 10:46:56,HM-D420,37.06581958485662,38.614857909841945,5.856832231189363,0.06728570907494255,4.384457302157698,248.17620578594125,1015.3596233112816,15.365063144821974,8.206923012314922,1023.9157172124117,1.113756696813503,10.454001775990044,2,11.414541792774266,1
2025-06-18 10:46:57,HM-C315,38.83363220785271,43.696044482756164,8.45033146044289,0.005,4.919696625330921,281.0415023207457,1012.7161504572391,14.641429324107003,7.804353425939471,821.5096550270129,0.9562976325698562,22.909154587339618,2,10.99008524250431,1
2025-06-18 10:46:58,HM-C315,33.678550855690034,29.69294873990441,3.761834157733648,0.03653974618902987,4.432368283478663,291.443691138218,1012.4666764754649,13.833176794112713,7.3271350998383475,996.0451928988516,0.8862565577998617,23.775155479191557,0,10.372811104127264,0
2025-06-18 10:46:59,HM-B210,36.9716370255618,29.96159087242276,5.587745015259194,0.028206231862214368,3.9154391407583273,218.58720497508855,1014.6040558088873,15.103318747288402,7.4721990591330005,943.9240590631372,0.980755883400783,23.64898462656877,2,11.70780572238181,1
2025-06-18 10:47:00,HM-D420,33.08593885902637,34.99414411904393,5.044289369421985,0.010581553392337115,6.174220450537648,269.7451711456243,1013.6343584883932,16.503789060567104,5.4664750128989015,1030.8671171353417,1.0093178097055737,16.23268914974752,0,13.067674475612963,1
2025-06-18 10:47:01,HM-C315,39.564794964298194,30.182109830572642,6.570551798670127,0.049297174861783685,4.744354979123665,246.9512734073711,1013.0672118797875,15.670521799098758,7.798755111530791,1038.7933524066666,1.0016460472016933,33.91283020208671,1,14.677748137464715,1
2025-06-18 10:47:02,HM-A104,37.60586819591181,21.429316107447637,5.304499854358698,0.036304125100148375,3.6586498866995734,293.27538243281856,1014.2582056933032,17.66778376596095,7.344802102310097,958.8030687827326,1.0089928553767018,17.58047123697654,2,12.34412704560647,1
2025-06-18 10:47:03,HM-D420,33.634659910110145,33.863799676125545,3.910323214436963,0.01671820820842786,5.681076261013254,318.85633600688834,1010.5077139561396,14.75755361926431,7.393790933192297,900.1966882214506,0.9360130904466067,22.40825130889798,2,12.4613819954903,1
2025-06-18 10:47:04,HM-B210,33.61817865548927,39.28771953578345,3.2524193789724887,0.005,6.167700615473508,304.61751720530236,1013.8653949106508,15.85041906962141,7.3769215883326735,1033.0568824195213,1.0030819126359916,23.002706834842588,0,13.90324298508067,1
2025-06-18 10:47:05,HM-B210,37.96857967896065,34.89766307230674,5.915734406138293,0.02782167740990093,5.86889455413042,220.41259838286322,1015.0836559971559,15.498549321114131,6.825111205393292,848.0823759318282,0.9504735033169981,25.276978548909717,0,11.77386725374359,0
2025-06-18 10:47:06,HM-B210,40.436997286407916,38.12022629574901,3.3742970070946727,0.04015814089547897,4.001257534695842,224.75508391480804,1011.3037803624977,18.720083561718507,6.4404049102369845,865.777113495248,1.045263456390834,19.24198724778841,0,12.279200460370781,1
2025-06-18 10:47:07,HM-A104,34.258035406376635,37.40503101977126,6.775610729252151,0.03763166426085048,4.053105436290295,300.83292780703675,1012.6020949019962,12.970160559764945,7.274261484037241,943.8813855554438,0.9428378187882509,24.091774600347918,0,12.62428256564923,1
2025-06-18 10:47:08,HM-C315,38.966510271540194,29.865071873040158,5.829789031586283,0.06125564670416425,3.2518938155337365,246.88118920932624,1010.2364269573004,13.869558860260499,6.1332866985546275,908.417523223664,0.9956855999144182,28.473748320619784,1,11.720343022295438,1
2025-06-18 10:47:09,HM-A104,35.64440570493043,35.34010772189528,5.130063725217653,0.046759680662664255,4.804789706843168,226.91711930100848,1012.5111787495954,19.163522371136523,7.425352767947689,932.78527600706,0.9602724275267999,20.16640601463356,0,13.232286762775413,0
2025-06-18 10:47:10,HM-D420,39.057985256732216,27.37419675480495,3.0316174508607894,0.03310742580974457,5.818269855342423,209.1195473423175,1012.1933516634684,14.555996023788381,6.377405820680982,925.6899758405608,1.047622867912698,19.976558951221396,2,12.689689710920305,1
2025-06-18 10:47:11,HM-B210,38.70797727591328,32.44044669257398,6.012984714669107,0.02365544821875646,5.177017208233534,254.1909198885102,1015.7207144978997,11.85477988804264,7.97286169554122,947.8805579420294,0.9764893493434909,17.960644211422824,2,12.790930231337645,1
2025-06-18 10:47:12,HM-A104,37.3882496037061,35.25226592225966,7.425149112220561,0.005,6.602483759485121,237.63993020848233,1012.469349928614,18.969240281605817,6.0588704340046595,1068.9941510447713,0.9474881782464567,22.97295922649876,2,11.015034352551066,1
2025-06-18 10:47:13,HM-A104,32.414021734298544,34.99423666855964,4.362357787897184,0.018174482796802605,2.171556485085776,261.70992111500397,1013.6054036695235,13.057979602485943,7.165045870263283,857.6050946486149,1.0527248016071913,18.44963824921378,2,13.724734044198831,1
2025-06-18 10:47:14,HM-C315,38.70296412531028,28.545325615947146,3.8871389940091543,0.06716641622172614,4.668215126921119,255.7055027666484,1015.1776382115108,15.196628975890812,7.259877192393115,912.6833790928208,0.9003487641573943,24.76628907491339,1,15.02565046329886,1
2025-06-18 10:47:15,HM-C315,38.255048177492164,29.555022568972234,4.8619613115076605,0.05729345941849938,5.497990108398235,213.53177929679555,1009.884168684386,17.15519290524871,8.175522947734065,1015.9710159665885,1.03460839398275,20.067058461173726,1,13.610919483788356,0
2025-06-18 10:47:16,HM-B210,38.02607438298626,36.45479814828948,5.7004134078978215,0.04577536467489583,3.7693232170995046,225.4749010031735,1013.3523850539896,16.801760140582548,7.404468853891986,952.9249506797677,1.0168435419989756,21.04239301389896,1,11.372373034653203,0
2025-06-18 10:47:17,HM-A104,37.48918515807745,39.13696717651651,4.203171180500407,0.030118614179047768,3.1421764210816345,278.33895307344443,1011.5008904345733,13.248345411947602,6.549201456774421,872.3513312491292,1.12612489708116,18.016963399531377,0,10.150163391966638,0
2025-06-18 10:47:18,HM-A104,34.80303277916973,33.965162532550515,6.348797218985012,0.06482039577165527,3.0513928250017948,280.9817567200744,1011.536445765279,19.772192302735395,6.48656666743874,943.0387325480915,1.0325336867646406,30.602669393141376,2,12.31732241425572,1
2025-06-18 10:47:19,HM-C315,39.70740692754778,33.714866603733896,7.866076961405547,0.019777672407324972,4.625281237022346,238.85698124110257,1011.8686139455674,16.054197285119077,8.357526986541654,829.4169645361258,1.0250300668574652,22.407525936877555,2,13.387264807067131,1
2025-06-18 10:47:20,HM-A104,39.24534930204159,39.65638000001461,5.4953688252769,0.020006408535932624,3.021439288010408,255.28149061756835,1012.4167441866502,14.916079143582188,7.17028514888844,1032.5834848593558,0.9574211937128787,17.387831347953785,1,11.478565230244046,0
2025-06-18 10:47:21,HM-A104,34.31144305788834,31.13966942986368,4.512520845472511,0.0381304502335158,6.267648158801164,218.7777392681545,1011.6087108855322,13.004403392090504,7.044676450100482,959.466785800487,0.9890290594736436,23.108600684369943,0,12.019901202783641,1
2025-06-18 10:47:22,HM-A104,40.285737526294376,43.63514783052059,5.6600056622733685,0.005,5.117924951279045,248.38955008740348,1012.5327903240636,15.96277824571846,6.644129523114065,1126.026563690785,1.0131071938329212,15.22153092600995,1,14.18351769071764,1
2025-06-18 10:47:23,HM-C315,37.32917358658847,28.273636476751257,6.765949344501659,0.01921046476755835,4.25911204690815,283.1600406859278,1014.603002992155,18.001528921398116,6.229832548263191,860.3893885128139,1.0711040182262908,19.36645648265624,2,10.118178848715878,1
2025-06-18 10:47:24,HM-B210,37.32284238286293,40.24248165744397,5.239454942828025,0.03527542612795397,4.403403199557248,300.04916990975005,1013.8794942846166,14.432514333305978,8.720493756079469,896.8084934577826,0.9615457337012653,23.702181600309856,2,12.976340307508897,1
2025-06-18 10:47:25,HM-D420,36.55911165895329,37.695839220765286,5.727642546654802,0.030775320094381914,5.798310433369054,246.23140117971596,1017.228616422055,11.499092599844342,7.250756248265611,963.6916636066942,0.908084246268063,24.080831102589762,1,10.906258873436059,0
2025-06-18 10:47:26,HM-B210,36.80501650853736,47.05060261197596,6.057149283113439,0.02023489997646458,6.1090794334325675,240.5740816612943,1013.4299222767746,13.591121201161075,6.319295405691814,1055.3706212975835,1.0036150692572907,25.58050961594716,2,13.774615659910129,1
2025-06-18 10:47:27,HM-D420,40.427247970774424,29.39415339808946,3.686831216218855,0.08070793866406421,3.3792986369335463,206.90656792692192,1014.0500337178305,14.335190901562221,7.793872010364389,911.1817528648874,0.9203307575618682,27.21245579541028,1,13.646089726735855,1
2025-06-18 10:47:28,HM-A104,39.58268746149629,23.329885706995146,5.688682012114413,0.06726520480506763,3.6202069527969387,232.0458606163657,1015.0362585845347,11.95045318626597,7.677899500537574,893.7098573188683,1.0404742829900542,21.295104434919494,1,12.440713678481591,1
2025-06-18 10:47:29,HM-B210,39.52961770909854,41.247231836476956,2.987076793736301,0.07429203167068385,4.071201213172123,247.94544153774373,1011.375996559644,16.04772212301843,6.200591499483761,956.0690813022884,1.0758203902536763,25.573372304071807,1,12.939230368853304,1
2025-06-18 10:47:30,HM-D420,37.46141088136345,27.643332463401077,4.01235329285435,0.038019114137472755,3.750474121400695,244.7685214461218,1015.0018990533541,16.469335750468456,6.732352799836226,896.2574209933003,1.051542220985515,25.213044442949293,1,11.13418592130029,0
2025-06-18 10:47:31,HM-C315,39.222929308835994,38.07888246069044,6.718493601929442,0.03022828023317807,2.334290284520224,232.97523025674653,1011.679572036906,13.568575228069646,7.566861590308578,988.079405705315,0.9748240909862869,25.374313437919284,2,13.762904511049902,1
2025-06-18 10:47:32,HM-C315,34.91421731489857,40.910755403136285,6.306552852966149,0.0720332691533837,3.522145744517485,285.61254636335843,1013.7892003410719,16.687011003626267,7.780357271083412,956.1121230680624,1.0810202992275157,16.06829830647394,0,13.098169403744881,1
2025-06-18 10:47:33,HM-B210,38.45860744624517,36.898803823588764,4.594729984651386,0.04170412723911274,3.655425072964989,262.4203713935376,1014.5207288552319,13.169440057535663,6.590318103134273,1005.8842602432607,0.9616055510741199,23.037850654699138,2,12.425231375850501,1
2025-06-18 10:47:34,HM-B210,36.61627992007758,36.16090443251097,7.558690150168597,0.01879020621464094,3.059815427148558,245.03384797741975,1010.2262136804444,12.337479719481392,5.707765546609913,1021.538886989083,0.9508677920949544,20.83912786554285,1,11.330219175703622,1
2025-06-18 10:47:35,HM-A104,31.850487531479196,37.004700174034724,3.034714879399861,0.020179382917465922,5.028336330557747,270.510033524175,1012.5266489589145,12.890238479805234,7.396841922050265,979.3064377579336,1.0714790020256713,27.21466193116099,2,12.642271114101565,1
2025-06-18 10:47:36,HM-B210,33.03474585294509,39.187109466856725,4.692368460564599,0.033511445828942936,4.349014191434826,249.21984226006367,1012.9728899141363,13.344112099406152,7.88528497341769,1042.3083358015606,0.9822242488319701,22.429234037864116,0,11.938504362570068,0
2025-06-18 10:47:37,HM-A104,35.34255304977695,37.93534242381509,5.412656433968644,0.03955958983250782,5.240744584976233,296.57135697425497,1011.3960017227289,16.57762517812176,7.15339340668973,922.9954868121778,1.0079534366215992,20.408492373802392,2,13.68816208448992,1
2025-06-18 10:47:38,HM-A104,38.03788496087178,28.917080966044225,1.0,0.041629220564047595,3.3182668969811795,226.15287314506213,1013.5754799495743,16.11359720545059,6.955171612158338,834.4863972085323,1.050731258209359,20.756430482394617,1,14.963472199182403,0
2025-06-18 10:47:39,HM-C315,35.34480052916508,44.12499860924592,4.763506138285856,0.03632830626060319,5.260682442535739,259.846496156635,1015.6195352811716,13.169485903569743,8.469272140623755,863.7896754663509,0.9450262241908215,20.526744025383174,0,13.492886733096512,0
2025-06-18 10:47:40,HM-C315,35.52220815653823,35.25554017438451,3.3132526501575317,0.08679208305312838,4.673663757597345,186.23257300425215,1011.6198545417088,13.653682862668235,5.590489732968332,943.1780037150744,0.9732821580276276,22.630429821600366,2,11.969382975494494,1
2025-06-18 10:47:41,HM-D420,38.90815230468711,37.591707932397526,3.3473944057023295,0.012937580039917532,3.841842447314766,238.248617526492,1014.8550592133763,18.539332565707728,7.7789119353414895,983.4268544165324,0.9706157836129187,23.288004897957304,0,14.6813797767905,0
2025-06-18 10:47:42,HM-C315,35.61246970137578,38.554945087634316,4.591655173445213,0.053454225208172876,6.4251415777484375,254.55695521854614,1013.812461202646,16.636685820689472,7.826684822905728,996.6971616870304,0.9883462912113522,21.193206886522976,2,11.897319242163972,1
2025-06-18 10:47:43,HM-C315,40.327018105086026,40.779639009406424,2.2615124445484542,0.03045094545541166,4.6352475740854695,240.36765023754532,1011.0417666318147,12.178616377544543,6.582685358942117,898.1823168668161,0.9644773426505112,20.705422910471615,0,12.929606340149657,1
2025-06-18 10:47:44,HM-B210,39.912809349550336,40.26053411237318,3.788060324660686,0.03922429022050497,3.868143111633642,216.8433518308949,1012.4499686882194,17.653060315732827,5.34953575245369,1019.2373542237897,1.0185951303766676,18.17962540165555,1,11.876503833664511,0
2025-06-18 10:47:45,HM-C315,37.0547033014283,35.65868413223746,2.296576465992161,0.058809908564860576,4.837242367615992,229.1720740633395,1013.4637716154735,19.512735718295726,7.80631071300461,764.4068272882532,1.0179631351547502,27.769763149750123,1,12.53347403746171,0
2025-06-18 10:47:46,HM-D420,38.88365362914582,35.33733242292395,5.185680570167455,0.005,3.3642174508811573,219.8063233629295,1015.4555067582536,14.948352695735343,7.457411849531276,906.2315305868304,1.0000612430984657,20.898555817175794,0,9.90054549103844,0
2025-06-18 10:47:47,HM-B210,38.54310113589096,37.04305491484448,5.156520847701772,0.021082595131093358,4.287878625730277,246.41857894341285,1014.27712338534,14.393585407434289,8.33703450163793,989.5331486770195,1.0114426516968322,22.958990352827705,2,10.698347638928974,1
2025-06-18 10:47:48,HM-D420,36.385836810101495,40.50030502976733,4.477178042810924,0.03732681229234367,6.934905681948377,273.55297094052895,1012.0455400836532,14.146781405631787,6.748178827774526,1023.0126650948023,0.9672659055332069,23.66488409964597,1,12.406183577901233,1
2025-06-18 10:47:49,HM-C315,39.15408665743037,29.436891575835578,6.494667745790001,0.06952503549698996,2.3764871604410427,239.59723038226403,1013.6678442576311,14.379478993995333,7.339633956389561,1010.5717883451582,1.0010571974142808,23.09397440440314,2,12.939119746335367,1
2025-06-18 10:47:50,HM-D420,39.52225513847632,38.220477111209796,4.555756122358902,0.06941959418229185,3.866131192814675,304.26777512254284,1008.8699360993287,16.53678884907429,5.857563022958484,1024.4341541724677,0.9157442397377089,20.158703083263774,0,12.293079552309052,1
2025-06-18 10:47:51,HM-B210,34.618911923024,30.56838697502001,4.965379241394083,0.0655460287599689,4.322889743637215,256.8596828883121,1014.4293131047065,13.73452261025062,7.778497626296485,963.8801498292969,1.0495000919927564,24.37848887737265,2,13.801938544549968,1
2025-06-18 10:47:52,HM-A104,37.38387159580185,44.25606762500735,3.6409988703790788,0.005,4.060318842693708,188.54294265448522,1011.9258666216723,16.530485575092115,5.97477744102135,940.2916102891616,0.9719556921731141,27.72366449570383,0,9.313873706711394,0
